-- MySQL dump 10.13  Distrib 9.0.0, for Win64 (x86_64)
--
-- Host: 127.0.0.1    Database: dkd
-- ------------------------------------------------------
-- Server version	9.0.0

/*!40101 SET @OLD_CHARACTER_SET_CLIENT=@@CHARACTER_SET_CLIENT */;
/*!40101 SET @OLD_CHARACTER_SET_RESULTS=@@CHARACTER_SET_RESULTS */;
/*!40101 SET @OLD_COLLATION_CONNECTION=@@COLLATION_CONNECTION */;
/*!50503 SET NAMES utf8mb4 */;
/*!40103 SET @OLD_TIME_ZONE=@@TIME_ZONE */;
/*!40103 SET TIME_ZONE='+00:00' */;
/*!40014 SET @OLD_UNIQUE_CHECKS=@@UNIQUE_CHECKS, UNIQUE_CHECKS=0 */;
/*!40014 SET @OLD_FOREIGN_KEY_CHECKS=@@FOREIGN_KEY_CHECKS, FOREIGN_KEY_CHECKS=0 */;
/*!40101 SET @OLD_SQL_MODE=@@SQL_MODE, SQL_MODE='NO_AUTO_VALUE_ON_ZERO' */;
/*!40111 SET @OLD_SQL_NOTES=@@SQL_NOTES, SQL_NOTES=0 */;

--
-- Table structure for table `gen_table`
--

DROP TABLE IF EXISTS `gen_table`;
/*!40101 SET @saved_cs_client     = @@character_set_client */;
/*!50503 SET character_set_client = utf8mb4 */;
CREATE TABLE `gen_table` (
  `table_id` bigint NOT NULL AUTO_INCREMENT COMMENT 'ç¼–å·',
  `table_name` varchar(200) DEFAULT '' COMMENT 'è¡¨åç§°',
  `table_comment` varchar(500) DEFAULT '' COMMENT 'è¡¨æè¿°',
  `sub_table_name` varchar(64) DEFAULT NULL COMMENT 'å…³è”å­è¡¨çš„è¡¨å',
  `sub_table_fk_name` varchar(64) DEFAULT NULL COMMENT 'å­è¡¨å…³è”çš„å¤–é”®å',
  `class_name` varchar(100) DEFAULT '' COMMENT 'å®ä½“ç±»åç§°',
  `tpl_category` varchar(200) DEFAULT 'crud' COMMENT 'ä½¿ç”¨çš„æ¨¡æ¿ï¼ˆcrudå•è¡¨æ“ä½œ treeæ ‘è¡¨æ“ä½œï¼‰',
  `tpl_web_type` varchar(30) DEFAULT '' COMMENT 'å‰ç«¯æ¨¡æ¿ç±»å‹ï¼ˆelement-uiæ¨¡ç‰ˆ element-plusæ¨¡ç‰ˆï¼‰',
  `package_name` varchar(100) DEFAULT NULL COMMENT 'ç”ŸæˆåŒ…è·¯å¾„',
  `module_name` varchar(30) DEFAULT NULL COMMENT 'ç”Ÿæˆæ¨¡å—å',
  `business_name` varchar(30) DEFAULT NULL COMMENT 'ç”Ÿæˆä¸šåŠ¡å',
  `function_name` varchar(50) DEFAULT NULL COMMENT 'ç”ŸæˆåŠŸèƒ½å',
  `function_author` varchar(50) DEFAULT NULL COMMENT 'ç”ŸæˆåŠŸèƒ½ä½œè€…',
  `gen_type` char(1) DEFAULT '0' COMMENT 'ç”Ÿæˆä»£ç æ–¹å¼ï¼ˆ0zipå‹ç¼©åŒ… 1è‡ªå®šä¹‰è·¯å¾„ï¼‰',
  `gen_path` varchar(200) DEFAULT '/' COMMENT 'ç”Ÿæˆè·¯å¾„ï¼ˆä¸å¡«é»˜è®¤é¡¹ç›®è·¯å¾„ï¼‰',
  `options` varchar(1000) DEFAULT NULL COMMENT 'å…¶å®ƒç”Ÿæˆé€‰é¡¹',
  `create_by` varchar(64) DEFAULT '' COMMENT 'åˆ›å»ºè€…',
  `create_time` datetime DEFAULT NULL COMMENT 'åˆ›å»ºæ—¶é—´',
  `update_by` varchar(64) DEFAULT '' COMMENT 'æ›´æ–°è€…',
  `update_time` datetime DEFAULT NULL COMMENT 'æ›´æ–°æ—¶é—´',
  `remark` varchar(500) DEFAULT NULL COMMENT 'å¤‡æ³¨',
  PRIMARY KEY (`table_id`)
) ENGINE=InnoDB AUTO_INCREMENT=18 DEFAULT CHARSET=utf8mb4 COLLATE=utf8mb4_0900_ai_ci COMMENT='ä»£ç ç”Ÿæˆä¸šåŠ¡è¡¨';
/*!40101 SET character_set_client = @saved_cs_client */;

--
-- Dumping data for table `gen_table`
--

LOCK TABLES `gen_table` WRITE;
/*!40000 ALTER TABLE `gen_table` DISABLE KEYS */;
INSERT INTO `gen_table` VALUES (1,'tb_node','ç‚¹ä½è¡¨',NULL,NULL,'Node','crud','element-plus','com.dkd.manage','manage','node','ç‚¹ä½ç®¡ç†','itheima','0','/','{\"parentMenuId\":2000}','admin','2024-08-29 17:20:56','','2024-08-29 17:35:38',NULL),(2,'tb_partner','åˆä½œå•†è¡¨',NULL,NULL,'Partner','crud','element-plus','com.dkd.manage','manage','partner','åˆä½œå•†ç®¡ç†','itheima','0','/','{\"parentMenuId\":2000}','admin','2024-08-29 17:20:56','','2024-08-29 17:29:38',NULL),(3,'tb_region','åŒºåŸŸè¡¨',NULL,NULL,'Region','crud','element-plus','com.dkd.manage','manage','region','åŒºåŸŸç®¡ç†','itheima','0','/','{\"parentMenuId\":2000}','admin','2024-08-29 17:20:56','','2024-08-29 17:25:45',NULL),(4,'tb_emp','å·¥å•å‘˜å·¥è¡¨',NULL,NULL,'Emp','crud','element-plus','com.dkd.manage','manage','emp','äººå‘˜åˆ—è¡¨','itheima','0','/','{\"parentMenuId\":\"2019\"}','admin','2024-08-30 17:31:14','','2024-08-30 17:53:44',NULL),(5,'tb_role','å·¥å•è§’è‰²è¡¨',NULL,NULL,'Role','crud','element-plus','com.dkd.manage','manage','role','å·¥å•è§’è‰²','itheima','0','/','{\"parentMenuId\":2019}','admin','2024-08-30 17:31:14','','2024-08-30 17:38:01',NULL),(6,'tb_channel','å”®è´§æœºè´§é“è¡¨',NULL,NULL,'Channel','crud','element-plus','com.dkd.manage','manage','channel','å”®è´§æœºè´§é“','itheima','0','/','{\"parentMenuId\":2026}','admin','2024-08-30 21:21:17','','2024-08-30 21:33:24',NULL),(7,'tb_vm_type','è®¾å¤‡ç±»å‹è¡¨',NULL,NULL,'VmType','crud','element-plus','com.dkd.manage','manage','vmType','è®¾å¤‡ç±»å‹ç®¡ç†','itheima','0','/','{\"parentMenuId\":2026}','admin','2024-08-30 21:21:17','','2024-08-30 21:24:29',NULL),(8,'tb_vending_machine','è®¾å¤‡è¡¨',NULL,NULL,'VendingMachine','crud','element-plus','com.dkd.manage','manage','vm','è®¾å¤‡ç®¡ç†','itheima','0','/','{\"parentMenuId\":2026}','admin','2024-08-30 21:21:31','','2024-08-30 21:32:25',NULL),(9,'tb_policy','ç­–ç•¥è¡¨',NULL,NULL,'Policy','crud','element-plus','com.dkd.manage','manage','policy','ç­–ç•¥ç®¡ç†','itheima','0','/','{\"parentMenuId\":2040}','admin','2024-09-01 00:45:55','','2024-09-01 00:47:45',NULL),(10,'tb_sku_class','å•†å“ç±»å‹è¡¨',NULL,NULL,'SkuClass','crud','element-plus','com.dkd.manage','manage','skuClass','å•†å“ç±»å‹','itheima','0','/','{\"parentMenuId\":2047}','admin','2024-09-01 12:28:53','','2024-09-01 13:22:20',NULL),(11,'tb_sku','å•†å“è¡¨',NULL,NULL,'Sku','crud','element-plus','com.dkd.manage','manage','sku','å•†å“ç®¡ç†','itheima','0','/','{\"parentMenuId\":2047}','admin','2024-09-01 12:28:57','','2024-09-01 13:23:26',NULL),(12,'tb_task','å·¥å•è¡¨',NULL,NULL,'Task','crud','element-plus','com.dkd.manage','manage','task','å·¥å•','itheima','0','/','{\"parentMenuId\":2060}','admin','2024-09-01 22:54:54','','2024-09-01 22:57:23',NULL),(13,'tb_task_details','å·¥å•è¯¦æƒ…ï¼Œåªæœ‰è¡¥è´§å·¥å•æ‰æœ‰',NULL,NULL,'TaskDetails','crud','element-plus','com.dkd.manage','manage','taskDetails','å·¥å•è¯¦æƒ…','itheima','0','/','{\"parentMenuId\":2060}','admin','2024-09-01 22:54:54','','2024-09-01 22:58:28',NULL),(14,'tb_task_type','å·¥å•ç±»å‹',NULL,NULL,'TaskType','crud','element-plus','com.dkd.manage','manage','taskType','å·¥å•ç±»å‹','itheima','0','/','{\"parentMenuId\":2060}','admin','2024-09-01 22:54:54','','2024-09-01 22:59:05',NULL),(15,'tb_job','è‡ªåŠ¨è¡¥è´§ä»»åŠ¡',NULL,NULL,'Job','crud','element-plus','com.dkd.manage','manage','job','è‡ªåŠ¨è¡¥è´§ä»»åŠ¡','itheima','0','/','{\"parentMenuId\":2060}','admin','2024-09-01 22:55:07','','2024-09-01 23:00:01',NULL),(16,'tb_order','è®¢å•è¡¨',NULL,NULL,'Order','crud','element-plus','com.dkd.manage','manage','order','è®¢å•ç®¡ç†','itheima','0','/','{\"parentMenuId\":2063}','admin','2024-09-02 21:46:03','','2024-09-02 22:10:11',NULL),(17,'tb_vendout_running','å‡ºè´§æµæ°´',NULL,NULL,'VendoutRunning','crud','','com.dkd.manage','manage','running','å‡ºè´§æµæ°´','itheima','0','/',NULL,'admin','2024-09-04 17:51:27','',NULL,NULL);
/*!40000 ALTER TABLE `gen_table` ENABLE KEYS */;
UNLOCK TABLES;

--
-- Table structure for table `gen_table_column`
--

DROP TABLE IF EXISTS `gen_table_column`;
/*!40101 SET @saved_cs_client     = @@character_set_client */;
/*!50503 SET character_set_client = utf8mb4 */;
CREATE TABLE `gen_table_column` (
  `column_id` bigint NOT NULL AUTO_INCREMENT COMMENT 'ç¼–å·',
  `table_id` bigint DEFAULT NULL COMMENT 'å½’å±è¡¨ç¼–å·',
  `column_name` varchar(200) DEFAULT NULL COMMENT 'åˆ—åç§°',
  `column_comment` varchar(500) DEFAULT NULL COMMENT 'åˆ—æè¿°',
  `column_type` varchar(100) DEFAULT NULL COMMENT 'åˆ—ç±»å‹',
  `java_type` varchar(500) DEFAULT NULL COMMENT 'JAVAç±»å‹',
  `java_field` varchar(200) DEFAULT NULL COMMENT 'JAVAå­—æ®µå',
  `is_pk` char(1) DEFAULT NULL COMMENT 'æ˜¯å¦ä¸»é”®ï¼ˆ1æ˜¯ï¼‰',
  `is_increment` char(1) DEFAULT NULL COMMENT 'æ˜¯å¦è‡ªå¢ï¼ˆ1æ˜¯ï¼‰',
  `is_required` char(1) DEFAULT NULL COMMENT 'æ˜¯å¦å¿…å¡«ï¼ˆ1æ˜¯ï¼‰',
  `is_insert` char(1) DEFAULT NULL COMMENT 'æ˜¯å¦ä¸ºæ’å…¥å­—æ®µï¼ˆ1æ˜¯ï¼‰',
  `is_edit` char(1) DEFAULT NULL COMMENT 'æ˜¯å¦ç¼–è¾‘å­—æ®µï¼ˆ1æ˜¯ï¼‰',
  `is_list` char(1) DEFAULT NULL COMMENT 'æ˜¯å¦åˆ—è¡¨å­—æ®µï¼ˆ1æ˜¯ï¼‰',
  `is_query` char(1) DEFAULT NULL COMMENT 'æ˜¯å¦æŸ¥è¯¢å­—æ®µï¼ˆ1æ˜¯ï¼‰',
  `query_type` varchar(200) DEFAULT 'EQ' COMMENT 'æŸ¥è¯¢æ–¹å¼ï¼ˆç­‰äºã€ä¸ç­‰äºã€å¤§äºã€å°äºã€èŒƒå›´ï¼‰',
  `html_type` varchar(200) DEFAULT NULL COMMENT 'æ˜¾ç¤ºç±»å‹ï¼ˆæ–‡æœ¬æ¡†ã€æ–‡æœ¬åŸŸã€ä¸‹æ‹‰æ¡†ã€å¤é€‰æ¡†ã€å•é€‰æ¡†ã€æ—¥æœŸæ§ä»¶ï¼‰',
  `dict_type` varchar(200) DEFAULT '' COMMENT 'å­—å…¸ç±»å‹',
  `sort` int DEFAULT NULL COMMENT 'æ’åº',
  `create_by` varchar(64) DEFAULT '' COMMENT 'åˆ›å»ºè€…',
  `create_time` datetime DEFAULT NULL COMMENT 'åˆ›å»ºæ—¶é—´',
  `update_by` varchar(64) DEFAULT '' COMMENT 'æ›´æ–°è€…',
  `update_time` datetime DEFAULT NULL COMMENT 'æ›´æ–°æ—¶é—´',
  PRIMARY KEY (`column_id`)
) ENGINE=InnoDB AUTO_INCREMENT=157 DEFAULT CHARSET=utf8mb4 COLLATE=utf8mb4_0900_ai_ci COMMENT='ä»£ç ç”Ÿæˆä¸šåŠ¡è¡¨å­—æ®µ';
/*!40101 SET character_set_client = @saved_cs_client */;

--
-- Dumping data for table `gen_table_column`
--

LOCK TABLES `gen_table_column` WRITE;
/*!40000 ALTER TABLE `gen_table_column` DISABLE KEYS */;
INSERT INTO `gen_table_column` VALUES (1,1,'id','ä¸»é”®ID','int','Long','id','1','1','0','0',NULL,NULL,NULL,'EQ','input','',1,'admin','2024-08-29 17:20:56','','2024-08-29 17:35:38'),(2,1,'node_name','ç‚¹ä½åç§°','varchar(255)','String','nodeName','0','0','1','1','1','1','1','LIKE','input','',2,'admin','2024-08-29 17:20:56','','2024-08-29 17:35:38'),(3,1,'address','è¯¦ç»†åœ°å€','varchar(255)','String','address','0','0','1','1','1','1','0','EQ','textarea','',3,'admin','2024-08-29 17:20:56','','2024-08-29 17:35:38'),(4,1,'business_area_type','å•†åœˆç±»å‹','int','Long','businessAreaType','0','0','1','1','1','1','0','EQ','select','business_type',4,'admin','2024-08-29 17:20:56','','2024-08-29 17:35:38'),(5,1,'region_id','æ‰€å±åŒºåŸŸID','int','Long','regionId','0','0','1','1','1','1','1','EQ','input','',5,'admin','2024-08-29 17:20:56','','2024-08-29 17:35:38'),(6,1,'partner_id','åˆä½œå•†ID','int','Long','partnerId','0','0','1','1','1','1','1','EQ','input','',6,'admin','2024-08-29 17:20:56','','2024-08-29 17:35:38'),(7,1,'create_time','åˆ›å»ºæ—¶é—´','timestamp','Date','createTime','0','0','0','0',NULL,NULL,NULL,'EQ','datetime','',7,'admin','2024-08-29 17:20:56','','2024-08-29 17:35:38'),(8,1,'update_time','æ›´æ–°æ—¶é—´','timestamp','Date','updateTime','0','0','0','0','0',NULL,NULL,'EQ','datetime','',8,'admin','2024-08-29 17:20:56','','2024-08-29 17:35:38'),(9,1,'create_by','åˆ›å»ºäºº','varchar(100)','String','createBy','0','0','0','0',NULL,NULL,NULL,'EQ','input','',9,'admin','2024-08-29 17:20:56','','2024-08-29 17:35:38'),(10,1,'update_by','æ›´æ–°äºº','varchar(100)','String','updateBy','0','0','0','0','0',NULL,NULL,'EQ','input','',10,'admin','2024-08-29 17:20:56','','2024-08-29 17:35:38'),(11,1,'remark','å¤‡æ³¨','text','String','remark','0','0','0','0','0','0',NULL,'EQ','textarea','',11,'admin','2024-08-29 17:20:56','','2024-08-29 17:35:38'),(12,2,'id','ä¸»é”®ID','int','Long','id','1','1','0','0',NULL,NULL,NULL,'EQ','input','',1,'admin','2024-08-29 17:20:56','','2024-08-29 17:29:38'),(13,2,'partner_name','åˆä½œå•†åç§°','varchar(255)','String','partnerName','0','0','1','1','1','1','1','LIKE','input','',2,'admin','2024-08-29 17:20:56','','2024-08-29 17:29:38'),(14,2,'contact_person','è”ç³»äºº','varchar(64)','String','contactPerson','0','0','1','1','1','1','0','EQ','input','',3,'admin','2024-08-29 17:20:56','','2024-08-29 17:29:38'),(15,2,'phone','è”ç³»ç”µè¯','varchar(20)','String','phone','0','0','1','1','1','1','0','EQ','input','',4,'admin','2024-08-29 17:20:56','','2024-08-29 17:29:38'),(16,2,'profit_share_ratio','åˆ†æˆæ¯”ä¾‹','int','Long','profitShareRatio','0','0','1','1','1','1','0','EQ','input','',5,'admin','2024-08-29 17:20:56','','2024-08-29 17:29:38'),(17,2,'username','è´¦å·','varchar(64)','String','username','0','0','1','1','1','1','0','LIKE','input','',6,'admin','2024-08-29 17:20:56','','2024-08-29 17:29:38'),(18,2,'password','å¯†ç ','varchar(64)','String','password','0','0','1','1','1','0','0','EQ','input','',7,'admin','2024-08-29 17:20:56','','2024-08-29 17:29:38'),(19,2,'create_time','åˆ›å»ºæ—¶é—´','timestamp','Date','createTime','0','0','0','0',NULL,NULL,NULL,'EQ','datetime','',8,'admin','2024-08-29 17:20:56','','2024-08-29 17:29:38'),(20,2,'update_time','æ›´æ–°æ—¶é—´','timestamp','Date','updateTime','0','0','0','0','0',NULL,NULL,'EQ','datetime','',9,'admin','2024-08-29 17:20:56','','2024-08-29 17:29:38'),(21,2,'create_by','åˆ›å»ºäºº','varchar(100)','String','createBy','0','0','0','0',NULL,NULL,NULL,'EQ','input','',10,'admin','2024-08-29 17:20:56','','2024-08-29 17:29:38'),(22,2,'update_by','æ›´æ–°äºº','varchar(100)','String','updateBy','0','0','0','0','0',NULL,NULL,'EQ','input','',11,'admin','2024-08-29 17:20:56','','2024-08-29 17:29:38'),(23,2,'remark','å¤‡æ³¨','text','String','remark','0','0','0','0','0','0',NULL,'EQ','textarea','',12,'admin','2024-08-29 17:20:56','','2024-08-29 17:29:38'),(24,3,'id','ä¸»é”®ID','int','Long','id','1','1','0','0',NULL,NULL,NULL,'EQ','input','',1,'admin','2024-08-29 17:20:56','','2024-08-29 17:25:45'),(25,3,'region_name','åŒºåŸŸåç§°','varchar(255)','String','regionName','0','0','1','1','1','1','1','LIKE','input','',2,'admin','2024-08-29 17:20:56','','2024-08-29 17:25:45'),(26,3,'create_time','åˆ›å»ºæ—¶é—´','timestamp','Date','createTime','0','0','0','0',NULL,NULL,NULL,'EQ','datetime','',3,'admin','2024-08-29 17:20:56','','2024-08-29 17:25:45'),(27,3,'update_time','æ›´æ–°æ—¶é—´','timestamp','Date','updateTime','0','0','0','0','0',NULL,NULL,'EQ','datetime','',4,'admin','2024-08-29 17:20:56','','2024-08-29 17:25:45'),(28,3,'create_by','åˆ›å»ºäºº','varchar(100)','String','createBy','0','0','0','0',NULL,NULL,NULL,'EQ','input','',5,'admin','2024-08-29 17:20:56','','2024-08-29 17:25:45'),(29,3,'update_by','æ›´æ–°äºº','varchar(100)','String','updateBy','0','0','0','0','0',NULL,NULL,'EQ','input','',6,'admin','2024-08-29 17:20:56','','2024-08-29 17:25:45'),(30,3,'remark','å¤‡æ³¨è¯´æ˜','text','String','remark','0','0','1','1','1','1',NULL,'EQ','textarea','',7,'admin','2024-08-29 17:20:56','','2024-08-29 17:25:45'),(31,4,'id','ä¸»é”®','int','Long','id','1','1','0','0',NULL,NULL,NULL,'EQ','input','',1,'admin','2024-08-30 17:31:14','','2024-08-30 17:53:44'),(32,4,'user_name','äººå‘˜åç§°','varchar(50)','String','userName','0','0','1','1','1','1','1','LIKE','input','',2,'admin','2024-08-30 17:31:14','','2024-08-30 17:53:44'),(33,4,'region_id','æ‰€å±åŒºåŸŸId','int','Long','regionId','0','0','1','1','1','0','1','EQ','input','',3,'admin','2024-08-30 17:31:14','','2024-08-30 17:53:44'),(34,4,'region_name','å½’å±åŒºåŸŸ','varchar(50)','String','regionName','0','0','0','0','0','1','0','LIKE','input','',4,'admin','2024-08-30 17:31:14','','2024-08-30 17:53:44'),(35,4,'role_id','è§’è‰²id','int','Long','roleId','0','0','1','1','1','0','1','EQ','input','',5,'admin','2024-08-30 17:31:14','','2024-08-30 17:53:44'),(36,4,'role_code','è§’è‰²ç¼–å·','varchar(10)','String','roleCode','0','0','0','0','0','0','1','EQ','input','',6,'admin','2024-08-30 17:31:14','','2024-08-30 17:53:44'),(37,4,'role_name','è§’è‰²','varchar(50)','String','roleName','0','0','0','0','0','1','0','LIKE','input','',7,'admin','2024-08-30 17:31:14','','2024-08-30 17:53:44'),(38,4,'mobile','è”ç³»ç”µè¯','varchar(15)','String','mobile','0','0','1','1','1','1','0','EQ','input','',8,'admin','2024-08-30 17:31:14','','2024-08-30 17:53:44'),(39,4,'image','å‘˜å·¥å¤´åƒ','varchar(500)','String','image','0','0','1','1','1','0','0','EQ','imageUpload','',9,'admin','2024-08-30 17:31:14','','2024-08-30 17:53:44'),(40,4,'status','æ˜¯å¦å¯ç”¨','tinyint','Long','status','0','0','1','1','1','0','1','EQ','radio','emp_status',10,'admin','2024-08-30 17:31:14','','2024-08-30 17:53:44'),(41,4,'create_time','åˆ›å»ºæ—¶é—´','timestamp','Date','createTime','0','0','0','0',NULL,NULL,NULL,'EQ','datetime','',11,'admin','2024-08-30 17:31:14','','2024-08-30 17:53:44'),(42,4,'update_time','ä¿®æ”¹æ—¶é—´','timestamp','Date','updateTime','0','0','0','0','0',NULL,NULL,'EQ','datetime','',12,'admin','2024-08-30 17:31:14','','2024-08-30 17:53:44'),(43,5,'role_id',NULL,'int','Long','roleId','1','1','0','1',NULL,NULL,NULL,'EQ','input','',1,'admin','2024-08-30 17:31:14','','2024-08-30 17:38:01'),(44,5,'role_code','è§’è‰²ç¼–ç \n','varchar(50)','String','roleCode','0','0','0','1','1','1','1','EQ','input','',2,'admin','2024-08-30 17:31:14','','2024-08-30 17:38:01'),(45,5,'role_name','è§’è‰²åç§°\n','varchar(50)','String','roleName','0','0','0','1','1','1','1','LIKE','input','',3,'admin','2024-08-30 17:31:14','','2024-08-30 17:38:01'),(46,6,'id','ä¸»é”®','bigint','Long','id','1','1','0','1',NULL,NULL,NULL,'EQ','input','',1,'admin','2024-08-30 21:21:17','','2024-08-30 21:33:24'),(47,6,'channel_code','è´§é“ç¼–å·','varchar(10)','String','channelCode','0','0','1','1','1','1','1','EQ','input','',2,'admin','2024-08-30 21:21:17','','2024-08-30 21:33:24'),(48,6,'sku_id','å•†å“Id','bigint','Long','skuId','0','0','0','1','1','1','1','EQ','input','',3,'admin','2024-08-30 21:21:17','','2024-08-30 21:33:24'),(49,6,'vm_id','å”®è´§æœºId','bigint','Long','vmId','0','0','1','1','1','1','1','EQ','input','',4,'admin','2024-08-30 21:21:17','','2024-08-30 21:33:24'),(50,6,'inner_code','å”®è´§æœºè½¯ç¼–å·','varchar(15)','String','innerCode','0','0','1','1','1','1','1','EQ','input','',5,'admin','2024-08-30 21:21:17','','2024-08-30 21:33:24'),(51,6,'max_capacity','è´§é“æœ€å¤§å®¹é‡','int','Long','maxCapacity','0','0','1','1','1','1','1','EQ','input','',6,'admin','2024-08-30 21:21:17','','2024-08-30 21:33:24'),(52,6,'current_capacity','è´§é“å½“å‰å®¹é‡','int','Long','currentCapacity','0','0','0','1','1','1','1','EQ','input','',7,'admin','2024-08-30 21:21:17','','2024-08-30 21:33:24'),(53,6,'last_supply_time','ä¸Šæ¬¡è¡¥è´§æ—¶é—´','datetime','Date','lastSupplyTime','0','0','0','1','1','1','1','EQ','datetime','',8,'admin','2024-08-30 21:21:17','','2024-08-30 21:33:24'),(54,6,'create_time','åˆ›å»ºæ—¶é—´','datetime','Date','createTime','0','0','0','1',NULL,NULL,NULL,'EQ','datetime','',9,'admin','2024-08-30 21:21:17','','2024-08-30 21:33:24'),(55,6,'update_time','ä¿®æ”¹æ—¶é—´','datetime','Date','updateTime','0','0','0','1','1',NULL,NULL,'EQ','datetime','',10,'admin','2024-08-30 21:21:17','','2024-08-30 21:33:24'),(56,7,'id','ä¸»é”®','int','Long','id','1','1','0','0',NULL,NULL,NULL,'EQ','input','',1,'admin','2024-08-30 21:21:17','','2024-08-30 21:24:29'),(57,7,'name','å‹å·åç§°','varchar(15)','String','name','0','0','1','1','1','1','1','LIKE','input','',2,'admin','2024-08-30 21:21:17','','2024-08-30 21:24:29'),(58,7,'model','å‹å·ç¼–ç ','varchar(20)','String','model','0','0','1','1','1','1','1','EQ','input','',3,'admin','2024-08-30 21:21:17','','2024-08-30 21:24:29'),(59,7,'image','è®¾å¤‡å›¾ç‰‡','varchar(500)','String','image','0','0','1','1','1','1','0','EQ','imageUpload','',4,'admin','2024-08-30 21:21:17','','2024-08-30 21:24:29'),(60,7,'vm_row','è´§é“è¡Œ','int','Long','vmRow','0','0','1','1','1','1','0','EQ','input','',5,'admin','2024-08-30 21:21:17','','2024-08-30 21:24:29'),(61,7,'vm_col','è´§é“åˆ—','int','Long','vmCol','0','0','1','1','1','1','0','EQ','input','',6,'admin','2024-08-30 21:21:17','','2024-08-30 21:24:29'),(62,7,'channel_max_capacity','è®¾å¤‡å®¹é‡','int','Long','channelMaxCapacity','0','0','1','1','1','1','0','EQ','input','',7,'admin','2024-08-30 21:21:17','','2024-08-30 21:24:29'),(63,8,'id','ä¸»é”®','bigint','Long','id','1','1','0','0',NULL,NULL,NULL,'EQ','input','',1,'admin','2024-08-30 21:21:31','','2024-08-30 21:32:25'),(64,8,'inner_code','è®¾å¤‡ç¼–å·','varchar(15)','String','innerCode','0','0','0','1','1','1','1','EQ','input','',2,'admin','2024-08-30 21:21:31','','2024-08-30 21:32:25'),(65,8,'channel_max_capacity','è®¾å¤‡å®¹é‡','int','Long','channelMaxCapacity','0','0','0','0','0','0','0','EQ','input','',3,'admin','2024-08-30 21:21:31','','2024-08-30 21:32:25'),(66,8,'node_id','ç‚¹ä½Id','int','Long','nodeId','0','0','1','1','1','0','1','EQ','input','',4,'admin','2024-08-30 21:21:31','','2024-08-30 21:32:25'),(67,8,'addr','è¯¦ç»†åœ°å€','varchar(100)','String','addr','0','0','0','0','0','1','0','EQ','input','',5,'admin','2024-08-30 21:21:31','','2024-08-30 21:32:25'),(68,8,'last_supply_time','ä¸Šæ¬¡è¡¥è´§æ—¶é—´','datetime','Date','lastSupplyTime','0','0','0','0','0','0','0','EQ','datetime','',6,'admin','2024-08-30 21:21:31','','2024-08-30 21:32:25'),(69,8,'business_type','å•†åœˆç±»å‹','int','Long','businessType','0','0','0','0','0','0','1','EQ','select','',7,'admin','2024-08-30 21:21:31','','2024-08-30 21:32:25'),(70,8,'region_id','åŒºåŸŸId','int','Long','regionId','0','0','0','0','0','0','1','EQ','input','',8,'admin','2024-08-30 21:21:31','','2024-08-30 21:32:25'),(71,8,'partner_id','åˆä½œå•†Id','int','Long','partnerId','0','0','0','0','0','1','1','EQ','input','',9,'admin','2024-08-30 21:21:31','','2024-08-30 21:32:25'),(72,8,'vm_type_id','è®¾å¤‡å‹å·','int','Long','vmTypeId','0','0','1','1','1','1','1','EQ','input','',10,'admin','2024-08-30 21:21:31','','2024-08-30 21:32:25'),(73,8,'vm_status','è®¾å¤‡çŠ¶æ€ï¼Œ0:æœªæŠ•æ”¾;1-è¿è¥;3-æ’¤æœº','int','Long','vmStatus','0','0','0','0','0','1','1','EQ','select','vm_status',11,'admin','2024-08-30 21:21:31','','2024-08-30 21:32:25'),(74,8,'running_status','è¿è¡ŒçŠ¶æ€','varchar(100)','String','runningStatus','0','0','0','0','0','0','1','EQ','radio','',12,'admin','2024-08-30 21:21:31','','2024-08-30 21:32:25'),(75,8,'longitudes','ç»åº¦','double','Long','longitudes','0','0','0','0','0','0','0','EQ','input','',13,'admin','2024-08-30 21:21:31','','2024-08-30 21:32:25'),(76,8,'latitude','ç»´åº¦','double','Long','latitude','0','0','0','0','0','0','0','EQ','input','',14,'admin','2024-08-30 21:21:31','','2024-08-30 21:32:25'),(77,8,'client_id','å®¢æˆ·ç«¯è¿æ¥Id,åšemqè®¤è¯ç”¨','varchar(50)','String','clientId','0','0','0','0','0','0','0','EQ','input','',15,'admin','2024-08-30 21:21:31','','2024-08-30 21:32:25'),(78,8,'policy_id','ç­–ç•¥id','bigint','Long','policyId','0','0','0','0','0','0','1','EQ','input','',16,'admin','2024-08-30 21:21:31','','2024-08-30 21:32:25'),(79,8,'create_time','åˆ›å»ºæ—¶é—´','timestamp','Date','createTime','0','0','0','0',NULL,NULL,NULL,'EQ','datetime','',17,'admin','2024-08-30 21:21:31','','2024-08-30 21:32:25'),(80,8,'update_time','ä¿®æ”¹æ—¶é—´','timestamp','Date','updateTime','0','0','0','0','0',NULL,NULL,'EQ','datetime','',18,'admin','2024-08-30 21:21:31','','2024-08-30 21:32:25'),(81,9,'policy_id','ç­–ç•¥id','bigint','Long','policyId','1','1','0','0',NULL,NULL,NULL,'EQ','input','',1,'admin','2024-09-01 00:45:55','','2024-09-01 00:47:45'),(82,9,'policy_name','ç­–ç•¥åç§°','varchar(30)','String','policyName','0','0','1','1','1','1','1','LIKE','input','',2,'admin','2024-09-01 00:45:55','','2024-09-01 00:47:45'),(83,9,'discount','ç­–ç•¥æ–¹æ¡ˆï¼Œå¦‚ï¼š80ä»£è¡¨8æŠ˜','int','Long','discount','0','0','1','1','1','1','0','EQ','input','',3,'admin','2024-09-01 00:45:55','','2024-09-01 00:47:45'),(84,9,'create_time','åˆ›å»ºæ—¶é—´','timestamp','Date','createTime','0','0','0','0',NULL,'1',NULL,'EQ','datetime','',4,'admin','2024-09-01 00:45:55','','2024-09-01 00:47:45'),(85,9,'update_time','ä¿®æ”¹æ—¶é—´','timestamp','Date','updateTime','0','0','0','0','0',NULL,NULL,'EQ','datetime','',5,'admin','2024-09-01 00:45:55','','2024-09-01 00:47:45'),(86,10,'class_id','ä¸»é”®','int','Long','classId','1','1','0','0',NULL,NULL,NULL,'EQ','input','',1,'admin','2024-09-01 12:28:53','','2024-09-01 13:22:20'),(87,10,'class_name','å•†å“ç±»å‹','varchar(50)','String','className','0','0','1','1','1','1','1','LIKE','input','',2,'admin','2024-09-01 12:28:53','','2024-09-01 13:22:20'),(88,10,'parent_id','ä¸Šçº§id','int','Long','parentId','0','0','0','0','0','0','0','EQ','input','',3,'admin','2024-09-01 12:28:53','','2024-09-01 13:22:20'),(89,11,'sku_id','ä¸»é”®','bigint','Long','skuId','1','1','0','0',NULL,NULL,NULL,'EQ','input','',1,'admin','2024-09-01 12:28:57','','2024-09-01 13:23:26'),(90,11,'sku_name','å•†å“åç§°','varchar(50)','String','skuName','0','0','1','1','1','1','1','LIKE','input','',2,'admin','2024-09-01 12:28:57','','2024-09-01 13:23:26'),(91,11,'sku_image','å•†å“å›¾ç‰‡','varchar(500)','String','skuImage','0','0','1','1','1','1','0','EQ','imageUpload','',3,'admin','2024-09-01 12:28:57','','2024-09-01 13:23:26'),(92,11,'brand_Name','å“ç‰Œ','varchar(50)','String','brandName','0','0','1','1','1','1','0','LIKE','input','',4,'admin','2024-09-01 12:28:57','','2024-09-01 13:23:26'),(93,11,'unit','è§„æ ¼(å‡€å«é‡)','varchar(20)','String','unit','0','0','1','1','1','1','0','EQ','input','',5,'admin','2024-09-01 12:28:57','','2024-09-01 13:23:26'),(94,11,'price','å•†å“ä»·æ ¼ï¼Œå•ä½åˆ†','int','Long','price','0','0','1','1','1','1','0','EQ','input','',6,'admin','2024-09-01 12:28:57','','2024-09-01 13:23:26'),(95,11,'class_id','å•†å“ç±»å‹Id','int','Long','classId','0','0','1','1','1','1','1','EQ','input','',7,'admin','2024-09-01 12:28:57','','2024-09-01 13:23:26'),(96,11,'is_discount','æ˜¯å¦æ‰“æŠ˜ä¿ƒé”€','tinyint(1)','Integer','isDiscount','0','0','0','0','0','0','0','EQ','input','',8,'admin','2024-09-01 12:28:57','','2024-09-01 13:23:26'),(97,11,'create_time','åˆ›å»ºæ—¶é—´','timestamp','Date','createTime','0','0','0','0',NULL,'1',NULL,'EQ','datetime','',9,'admin','2024-09-01 12:28:57','','2024-09-01 13:23:26'),(98,11,'update_time','ä¿®æ”¹æ—¶é—´','timestamp','Date','updateTime','0','0','0','0','0','0',NULL,'EQ','datetime','',10,'admin','2024-09-01 12:28:57','','2024-09-01 13:23:26'),(99,12,'task_id','å·¥å•ID','bigint','Long','taskId','1','1','0','1',NULL,NULL,NULL,'EQ','input','',1,'admin','2024-09-01 22:54:54','','2024-09-01 22:57:23'),(100,12,'task_code','å·¥å•ç¼–å·','varchar(40)','String','taskCode','0','0','1','1','1','1','1','EQ','input','',2,'admin','2024-09-01 22:54:54','','2024-09-01 22:57:23'),(101,12,'task_status','å·¥å•çŠ¶æ€','int','Long','taskStatus','0','0','0','1','1','1','1','EQ','radio','task_status',3,'admin','2024-09-01 22:54:54','','2024-09-01 22:57:23'),(102,12,'create_type','åˆ›å»ºç±»å‹ 0ï¼šè‡ªåŠ¨ 1ï¼šæ‰‹åŠ¨','int','Long','createType','0','0','0','1','1','1','1','EQ','select','task_create_type',4,'admin','2024-09-01 22:54:54','','2024-09-01 22:57:23'),(103,12,'inner_code','å”®è´§æœºç¼–ç ','varchar(15)','String','innerCode','0','0','0','1','1','1','1','EQ','input','',5,'admin','2024-09-01 22:54:54','','2024-09-01 22:57:23'),(104,12,'user_id','æ‰§è¡Œäººid','int','Long','userId','0','0','0','1','1','1','1','EQ','input','',6,'admin','2024-09-01 22:54:54','','2024-09-01 22:57:23'),(105,12,'user_name','æ‰§è¡Œäººåç§°','varchar(50)','String','userName','0','0','0','1','1','1','1','LIKE','input','',7,'admin','2024-09-01 22:54:54','','2024-09-01 22:57:23'),(106,12,'region_id','æ‰€å±åŒºåŸŸId','bigint','Long','regionId','0','0','0','1','1','1','1','EQ','input','',8,'admin','2024-09-01 22:54:54','','2024-09-01 22:57:23'),(107,12,'desc','å¤‡æ³¨','varchar(200)','String','desc','0','0','0','1','1','1','1','EQ','input','',9,'admin','2024-09-01 22:54:54','','2024-09-01 22:57:23'),(108,12,'product_type_id','å·¥å•ç±»å‹id','int','Long','productTypeId','0','0','0','1','1','1','1','EQ','input','',10,'admin','2024-09-01 22:54:54','','2024-09-01 22:57:23'),(109,12,'assignor_id','æŒ‡æ´¾äººId','int','Long','assignorId','0','0','0','1','1','1','1','EQ','input','',11,'admin','2024-09-01 22:54:54','','2024-09-01 22:57:23'),(110,12,'addr','åœ°å€','varchar(200)','String','addr','0','0','0','1','1','1','1','EQ','input','',12,'admin','2024-09-01 22:54:54','','2024-09-01 22:57:23'),(111,12,'create_time','åˆ›å»ºæ—¶é—´','timestamp','Date','createTime','0','0','0','1',NULL,NULL,NULL,'EQ','datetime','',13,'admin','2024-09-01 22:54:54','','2024-09-01 22:57:23'),(112,12,'update_time','æ›´æ–°æ—¶é—´','timestamp','Date','updateTime','0','0','0','1','1',NULL,NULL,'EQ','datetime','',14,'admin','2024-09-01 22:54:54','','2024-09-01 22:57:23'),(113,13,'details_id',NULL,'bigint','Long','detailsId','1','1','0','1',NULL,NULL,NULL,'EQ','input','',1,'admin','2024-09-01 22:54:54','','2024-09-01 22:58:28'),(114,13,'task_id','å·¥å•Id','bigint','Long','taskId','0','0','0','1','1','1','1','EQ','input','',2,'admin','2024-09-01 22:54:54','','2024-09-01 22:58:28'),(115,13,'channel_code','è´§é“ç¼–å·','varchar(10)','String','channelCode','0','0','0','1','1','1','1','EQ','input','',3,'admin','2024-09-01 22:54:54','','2024-09-01 22:58:28'),(116,13,'expect_capacity','è¡¥è´§æœŸæœ›å®¹é‡','int','Long','expectCapacity','0','0','1','1','1','1','1','EQ','input','',4,'admin','2024-09-01 22:54:54','','2024-09-01 22:58:28'),(117,13,'sku_id','å•†å“Id','bigint','Long','skuId','0','0','0','1','1','1','1','EQ','input','',5,'admin','2024-09-01 22:54:54','','2024-09-01 22:58:28'),(118,13,'sku_name',NULL,'varchar(50)','String','skuName','0','0','0','1','1','1','1','LIKE','input','',6,'admin','2024-09-01 22:54:54','','2024-09-01 22:58:28'),(119,13,'sku_image',NULL,'varchar(500)','String','skuImage','0','0','0','1','1','1','1','EQ','imageUpload','',7,'admin','2024-09-01 22:54:54','','2024-09-01 22:58:28'),(120,14,'type_id',NULL,'int','Long','typeId','1','0','0','1',NULL,NULL,NULL,'EQ','input','',1,'admin','2024-09-01 22:54:54','','2024-09-01 22:59:05'),(121,14,'type_name','ç±»å‹åç§°','varchar(20)','String','typeName','0','0','0','1','1','1','1','LIKE','input','',2,'admin','2024-09-01 22:54:54','','2024-09-01 22:59:05'),(122,14,'type','å·¥å•ç±»å‹ã€‚1:ç»´ä¿®å·¥å•;2:è¿è¥å·¥å•','int','Long','type','0','0','0','1','1','1','1','EQ','select','',3,'admin','2024-09-01 22:54:54','','2024-09-01 22:59:05'),(123,15,'id','ä¸»é”®','int','Long','id','1','1','0','1',NULL,NULL,NULL,'EQ','input','',1,'admin','2024-09-01 22:55:07','','2024-09-01 23:00:01'),(124,15,'alert_value','è­¦æˆ’å€¼ç™¾åˆ†æ¯”','int','Long','alertValue','0','0','0','1','1','1','1','EQ','input','',2,'admin','2024-09-01 22:55:07','','2024-09-01 23:00:01'),(125,16,'id','ä¸»é”®','bigint','Long','id','1','0','0','0',NULL,NULL,NULL,'EQ','input','',1,'admin','2024-09-02 21:46:03','','2024-09-02 22:10:11'),(126,16,'order_no','è®¢å•ç¼–å·','varchar(50)','String','orderNo','0','0','1','1','1','1','1','LIKE','input','',2,'admin','2024-09-02 21:46:03','','2024-09-02 22:10:11'),(127,16,'third_no','ç¬¬ä¸‰æ–¹å¹³å°å•å·','varchar(34)','String','thirdNo','0','0','0','1','1','0','0','EQ','input','',3,'admin','2024-09-02 21:46:03','','2024-09-02 22:10:11'),(128,16,'inner_code','è®¾å¤‡ç¼–å·','varchar(15)','String','innerCode','0','0','0','1','1','1','1','EQ','input','',4,'admin','2024-09-02 21:46:03','','2024-09-02 22:10:11'),(129,16,'channel_code','è´§é“ç¼–å·','varchar(10)','String','channelCode','0','0','0','1','1','0','0','EQ','input','',5,'admin','2024-09-02 21:46:03','','2024-09-02 22:10:11'),(130,16,'sku_id','skuId','bigint','Long','skuId','0','0','0','1','1','0','1','EQ','input','',6,'admin','2024-09-02 21:46:03','','2024-09-02 22:10:11'),(131,16,'sku_name','å•†å“åç§°','varchar(20)','String','skuName','0','0','0','1','1','1','1','LIKE','input','',7,'admin','2024-09-02 21:46:03','','2024-09-02 22:10:11'),(132,16,'class_id','å•†å“ç±»åˆ«Id','int','Long','classId','0','0','0','1','1','0','1','EQ','input','',8,'admin','2024-09-02 21:46:03','','2024-09-02 22:10:11'),(133,16,'status','è®¢å•çŠ¶æ€','int','Long','status','0','0','0','1','1','1','1','EQ','select','order_status',9,'admin','2024-09-02 21:46:03','','2024-09-02 22:10:11'),(134,16,'amount','æ”¯ä»˜é‡‘é¢','int','Long','amount','0','0','1','1','1','1','0','EQ','input','',10,'admin','2024-09-02 21:46:03','','2024-09-02 22:10:11'),(135,16,'price','å•†å“é‡‘é¢','int','Long','price','0','0','1','1','1','0','0','EQ','input','',11,'admin','2024-09-02 21:46:03','','2024-09-02 22:10:11'),(136,16,'pay_type','æ”¯ä»˜ç±»å‹ï¼Œ1æ”¯ä»˜å® 2å¾®ä¿¡','varchar(10)','String','payType','0','0','0','1','1','0','0','EQ','radio','',12,'admin','2024-09-02 21:46:03','','2024-09-02 22:10:11'),(137,16,'pay_status','æ”¯ä»˜çŠ¶æ€ï¼Œ0-æœªæ”¯ä»˜;1-æ”¯ä»˜å®Œæˆ;2-é€€æ¬¾ä¸­;3-é€€æ¬¾å®Œæˆ','int','Long','payStatus','0','0','0','1','1','0','0','EQ','select','pay_status',13,'admin','2024-09-02 21:46:03','','2024-09-02 22:10:11'),(138,16,'bill','åˆä½œå•†è´¦å•é‡‘é¢','int','Long','bill','0','0','0','1','1','0','0','EQ','input','',14,'admin','2024-09-02 21:46:03','','2024-09-02 22:10:11'),(139,16,'addr','ç‚¹ä½åœ°å€','varchar(200)','String','addr','0','0','0','1','1','0','0','EQ','input','',15,'admin','2024-09-02 21:46:03','','2024-09-02 22:10:11'),(140,16,'region_id','æ‰€å±åŒºåŸŸId','bigint','Long','regionId','0','0','0','1','1','0','1','EQ','input','',16,'admin','2024-09-02 21:46:03','','2024-09-02 22:10:11'),(141,16,'region_name','åŒºåŸŸåç§°','varchar(50)','String','regionName','0','0','0','1','1','0','0','LIKE','input','',17,'admin','2024-09-02 21:46:03','','2024-09-02 22:10:11'),(142,16,'business_type','æ‰€å±å•†åœˆ','int','Long','businessType','0','0','0','1','1','0','0','EQ','select','',18,'admin','2024-09-02 21:46:03','','2024-09-02 22:10:11'),(143,16,'partner_id','åˆä½œå•†Id','int','Long','partnerId','0','0','0','1','1','0','1','EQ','input','',19,'admin','2024-09-02 21:46:03','','2024-09-02 22:10:11'),(144,16,'open_id','è·¨ç«™èº«ä»½éªŒè¯','varchar(200)','String','openId','0','0','0','1','1','0','0','EQ','input','',20,'admin','2024-09-02 21:46:03','','2024-09-02 22:10:11'),(145,16,'node_id','ç‚¹ä½Id','bigint','Long','nodeId','0','0','0','1','1','0','1','EQ','input','',21,'admin','2024-09-02 21:46:03','','2024-09-02 22:10:11'),(146,16,'node_name','ç‚¹ä½åç§°','varchar(50)','String','nodeName','0','0','0','1','1','0','0','LIKE','input','',22,'admin','2024-09-02 21:46:03','','2024-09-02 22:10:11'),(147,16,'cancel_desc','å–æ¶ˆåŸå› ','varchar(200)','String','cancelDesc','0','0','0','1','1','0','0','EQ','input','',23,'admin','2024-09-02 21:46:03','','2024-09-02 22:10:11'),(148,16,'create_time','åˆ›å»ºæ—¶é—´','timestamp','Date','createTime','0','0','0','1',NULL,'1','1','BETWEEN','datetime','',24,'admin','2024-09-02 21:46:03','','2024-09-02 22:10:11'),(149,16,'update_time','æ›´æ–°æ—¶é—´','timestamp','Date','updateTime','0','0','0','1','1',NULL,'0','EQ','datetime','',25,'admin','2024-09-02 21:46:03','','2024-09-02 22:10:11'),(150,17,'id','id','bigint','Long','id','1','1','0','1',NULL,NULL,NULL,'EQ','input','',1,'admin','2024-09-04 17:51:27','',NULL),(151,17,'order_no','è®¢å•ç¼–å·','varchar(38)','String','orderNo','0','0','1','1','1','1','1','EQ','input','',2,'admin','2024-09-04 17:51:27','',NULL),(152,17,'inner_code','å”®è´§æœºç¼–å·','varchar(15)','String','innerCode','0','0','1','1','1','1','1','EQ','input','',3,'admin','2024-09-04 17:51:27','',NULL),(153,17,'channel_code','è´§é“ç¼–å·','varchar(10)','String','channelCode','0','0','0','1','1','1','1','EQ','input','',4,'admin','2024-09-04 17:51:27','',NULL),(154,17,'status','çŠ¶æ€','char(1)','String','status','0','0','0','1','1','1','1','EQ','radio','',5,'admin','2024-09-04 17:51:27','',NULL),(155,17,'create_time','åˆ›å»ºæ—¶é—´','timestamp','Date','createTime','0','0','0','1',NULL,NULL,NULL,'EQ','datetime','',6,'admin','2024-09-04 17:51:27','',NULL),(156,17,'update_time','æ›´æ–°æ—¶é—´','timestamp','Date','updateTime','0','0','0','1','1',NULL,NULL,'EQ','datetime','',7,'admin','2024-09-04 17:51:27','',NULL);
/*!40000 ALTER TABLE `gen_table_column` ENABLE KEYS */;
UNLOCK TABLES;

--
-- Table structure for table `qrtz_blob_triggers`
--

DROP TABLE IF EXISTS `qrtz_blob_triggers`;
/*!40101 SET @saved_cs_client     = @@character_set_client */;
/*!50503 SET character_set_client = utf8mb4 */;
CREATE TABLE `qrtz_blob_triggers` (
  `sched_name` varchar(120) NOT NULL COMMENT 'è°ƒåº¦åç§°',
  `trigger_name` varchar(200) NOT NULL COMMENT 'qrtz_triggersè¡¨trigger_nameçš„å¤–é”®',
  `trigger_group` varchar(200) NOT NULL COMMENT 'qrtz_triggersè¡¨trigger_groupçš„å¤–é”®',
  `blob_data` blob COMMENT 'å­˜æ”¾æŒä¹…åŒ–Triggerå¯¹è±¡',
  PRIMARY KEY (`sched_name`,`trigger_name`,`trigger_group`),
  CONSTRAINT `qrtz_blob_triggers_ibfk_1` FOREIGN KEY (`sched_name`, `trigger_name`, `trigger_group`) REFERENCES `qrtz_triggers` (`sched_name`, `trigger_name`, `trigger_group`)
) ENGINE=InnoDB DEFAULT CHARSET=utf8mb4 COLLATE=utf8mb4_0900_ai_ci COMMENT='Blobç±»å‹çš„è§¦å‘å™¨è¡¨';
/*!40101 SET character_set_client = @saved_cs_client */;

--
-- Dumping data for table `qrtz_blob_triggers`
--

LOCK TABLES `qrtz_blob_triggers` WRITE;
/*!40000 ALTER TABLE `qrtz_blob_triggers` DISABLE KEYS */;
/*!40000 ALTER TABLE `qrtz_blob_triggers` ENABLE KEYS */;
UNLOCK TABLES;

--
-- Table structure for table `qrtz_calendars`
--

DROP TABLE IF EXISTS `qrtz_calendars`;
/*!40101 SET @saved_cs_client     = @@character_set_client */;
/*!50503 SET character_set_client = utf8mb4 */;
CREATE TABLE `qrtz_calendars` (
  `sched_name` varchar(120) NOT NULL COMMENT 'è°ƒåº¦åç§°',
  `calendar_name` varchar(200) NOT NULL COMMENT 'æ—¥å†åç§°',
  `calendar` blob NOT NULL COMMENT 'å­˜æ”¾æŒä¹…åŒ–calendarå¯¹è±¡',
  PRIMARY KEY (`sched_name`,`calendar_name`)
) ENGINE=InnoDB DEFAULT CHARSET=utf8mb4 COLLATE=utf8mb4_0900_ai_ci COMMENT='æ—¥å†ä¿¡æ¯è¡¨';
/*!40101 SET character_set_client = @saved_cs_client */;

--
-- Dumping data for table `qrtz_calendars`
--

LOCK TABLES `qrtz_calendars` WRITE;
/*!40000 ALTER TABLE `qrtz_calendars` DISABLE KEYS */;
/*!40000 ALTER TABLE `qrtz_calendars` ENABLE KEYS */;
UNLOCK TABLES;

--
-- Table structure for table `qrtz_cron_triggers`
--

DROP TABLE IF EXISTS `qrtz_cron_triggers`;
/*!40101 SET @saved_cs_client     = @@character_set_client */;
/*!50503 SET character_set_client = utf8mb4 */;
CREATE TABLE `qrtz_cron_triggers` (
  `sched_name` varchar(120) NOT NULL COMMENT 'è°ƒåº¦åç§°',
  `trigger_name` varchar(200) NOT NULL COMMENT 'qrtz_triggersè¡¨trigger_nameçš„å¤–é”®',
  `trigger_group` varchar(200) NOT NULL COMMENT 'qrtz_triggersè¡¨trigger_groupçš„å¤–é”®',
  `cron_expression` varchar(200) NOT NULL COMMENT 'cronè¡¨è¾¾å¼',
  `time_zone_id` varchar(80) DEFAULT NULL COMMENT 'æ—¶åŒº',
  PRIMARY KEY (`sched_name`,`trigger_name`,`trigger_group`),
  CONSTRAINT `qrtz_cron_triggers_ibfk_1` FOREIGN KEY (`sched_name`, `trigger_name`, `trigger_group`) REFERENCES `qrtz_triggers` (`sched_name`, `trigger_name`, `trigger_group`)
) ENGINE=InnoDB DEFAULT CHARSET=utf8mb4 COLLATE=utf8mb4_0900_ai_ci COMMENT='Cronç±»å‹çš„è§¦å‘å™¨è¡¨';
/*!40101 SET character_set_client = @saved_cs_client */;

--
-- Dumping data for table `qrtz_cron_triggers`
--

LOCK TABLES `qrtz_cron_triggers` WRITE;
/*!40000 ALTER TABLE `qrtz_cron_triggers` DISABLE KEYS */;
INSERT INTO `qrtz_cron_triggers` VALUES ('RuoyiScheduler','TASK_CLASS_NAME1','DEFAULT','0/10 * * * * ?','GMT+08:00'),('RuoyiScheduler','TASK_CLASS_NAME2','DEFAULT','0/15 * * * * ?','GMT+08:00'),('RuoyiScheduler','TASK_CLASS_NAME3','DEFAULT','0/20 * * * * ?','GMT+08:00');
/*!40000 ALTER TABLE `qrtz_cron_triggers` ENABLE KEYS */;
UNLOCK TABLES;

--
-- Table structure for table `qrtz_fired_triggers`
--

DROP TABLE IF EXISTS `qrtz_fired_triggers`;
/*!40101 SET @saved_cs_client     = @@character_set_client */;
/*!50503 SET character_set_client = utf8mb4 */;
CREATE TABLE `qrtz_fired_triggers` (
  `sched_name` varchar(120) NOT NULL COMMENT 'è°ƒåº¦åç§°',
  `entry_id` varchar(95) NOT NULL COMMENT 'è°ƒåº¦å™¨å®ä¾‹id',
  `trigger_name` varchar(200) NOT NULL COMMENT 'qrtz_triggersè¡¨trigger_nameçš„å¤–é”®',
  `trigger_group` varchar(200) NOT NULL COMMENT 'qrtz_triggersè¡¨trigger_groupçš„å¤–é”®',
  `instance_name` varchar(200) NOT NULL COMMENT 'è°ƒåº¦å™¨å®ä¾‹å',
  `fired_time` bigint NOT NULL COMMENT 'è§¦å‘çš„æ—¶é—´',
  `sched_time` bigint NOT NULL COMMENT 'å®šæ—¶å™¨åˆ¶å®šçš„æ—¶é—´',
  `priority` int NOT NULL COMMENT 'ä¼˜å…ˆçº§',
  `state` varchar(16) NOT NULL COMMENT 'çŠ¶æ€',
  `job_name` varchar(200) DEFAULT NULL COMMENT 'ä»»åŠ¡åç§°',
  `job_group` varchar(200) DEFAULT NULL COMMENT 'ä»»åŠ¡ç»„å',
  `is_nonconcurrent` varchar(1) DEFAULT NULL COMMENT 'æ˜¯å¦å¹¶å‘',
  `requests_recovery` varchar(1) DEFAULT NULL COMMENT 'æ˜¯å¦æ¥å—æ¢å¤æ‰§è¡Œ',
  PRIMARY KEY (`sched_name`,`entry_id`)
) ENGINE=InnoDB DEFAULT CHARSET=utf8mb4 COLLATE=utf8mb4_0900_ai_ci COMMENT='å·²è§¦å‘çš„è§¦å‘å™¨è¡¨';
/*!40101 SET character_set_client = @saved_cs_client */;

--
-- Dumping data for table `qrtz_fired_triggers`
--

LOCK TABLES `qrtz_fired_triggers` WRITE;
/*!40000 ALTER TABLE `qrtz_fired_triggers` DISABLE KEYS */;
/*!40000 ALTER TABLE `qrtz_fired_triggers` ENABLE KEYS */;
UNLOCK TABLES;

--
-- Table structure for table `qrtz_job_details`
--

DROP TABLE IF EXISTS `qrtz_job_details`;
/*!40101 SET @saved_cs_client     = @@character_set_client */;
/*!50503 SET character_set_client = utf8mb4 */;
CREATE TABLE `qrtz_job_details` (
  `sched_name` varchar(120) NOT NULL COMMENT 'è°ƒåº¦åç§°',
  `job_name` varchar(200) NOT NULL COMMENT 'ä»»åŠ¡åç§°',
  `job_group` varchar(200) NOT NULL COMMENT 'ä»»åŠ¡ç»„å',
  `description` varchar(250) DEFAULT NULL COMMENT 'ç›¸å…³ä»‹ç»',
  `job_class_name` varchar(250) NOT NULL COMMENT 'æ‰§è¡Œä»»åŠ¡ç±»åç§°',
  `is_durable` varchar(1) NOT NULL COMMENT 'æ˜¯å¦æŒä¹…åŒ–',
  `is_nonconcurrent` varchar(1) NOT NULL COMMENT 'æ˜¯å¦å¹¶å‘',
  `is_update_data` varchar(1) NOT NULL COMMENT 'æ˜¯å¦æ›´æ–°æ•°æ®',
  `requests_recovery` varchar(1) NOT NULL COMMENT 'æ˜¯å¦æ¥å—æ¢å¤æ‰§è¡Œ',
  `job_data` blob COMMENT 'å­˜æ”¾æŒä¹…åŒ–jobå¯¹è±¡',
  PRIMARY KEY (`sched_name`,`job_name`,`job_group`)
) ENGINE=InnoDB DEFAULT CHARSET=utf8mb4 COLLATE=utf8mb4_0900_ai_ci COMMENT='ä»»åŠ¡è¯¦ç»†ä¿¡æ¯è¡¨';
/*!40101 SET character_set_client = @saved_cs_client */;

--
-- Dumping data for table `qrtz_job_details`
--

LOCK TABLES `qrtz_job_details` WRITE;
/*!40000 ALTER TABLE `qrtz_job_details` DISABLE KEYS */;
INSERT INTO `qrtz_job_details` VALUES ('RuoyiScheduler','TASK_CLASS_NAME1','DEFAULT',NULL,'com.dkd.quartz.util.QuartzDisallowConcurrentExecution','0','1','0','0',_binary '¬\í\0sr\0org.quartz.JobDataMapŸ°ƒè¿©°\Ë\0\0xr\0&org.quartz.utils.StringKeyDirtyFlagMap‚\è\Ãû\Å](\0Z\0allowsTransientDataxr\0org.quartz.utils.DirtyFlagMap\æ.­(v\n\Î\0Z\0dirtyL\0mapt\0Ljava/util/Map;xpsr\0java.util.HashMap\ÚÁ\Ã`\Ñ\0F\0\nloadFactorI\0	thresholdxp?@\0\0\0\0\0w\0\0\0\0\0\0t\0TASK_PROPERTIESsr\0com.dkd.quartz.domain.SysJob\0\0\0\0\0\0\0\0L\0\nconcurrentt\0Ljava/lang/String;L\0cronExpressionq\0~\0	L\0invokeTargetq\0~\0	L\0jobGroupq\0~\0	L\0jobIdt\0Ljava/lang/Long;L\0jobNameq\0~\0	L\0\rmisfirePolicyq\0~\0	L\0statusq\0~\0	xr\0%com.dkd.common.core.domain.BaseEntity\0\0\0\0\0\0\0\0L\0createByq\0~\0	L\0\ncreateTimet\0Ljava/util/Date;L\0paramsq\0~\0L\0remarkq\0~\0	L\0searchValueq\0~\0	L\0updateByq\0~\0	L\0\nupdateTimeq\0~\0xpt\0adminsr\0java.util.DatehjKYt\0\0xpw\0\0‘™”U¨xpt\0\0pppt\01t\00/10 * * * * ?t\0ryTask.ryNoParamst\0DEFAULTsr\0java.lang.Long;‹\äÌ#\ß\0J\0valuexr\0java.lang.Number†¬•”\à‹\0\0xp\0\0\0\0\0\0\0t\0ç³»ç»Ÿé»˜è®¤ï¼ˆæ— å‚ï¼‰t\03t\01x\0'),('RuoyiScheduler','TASK_CLASS_NAME2','DEFAULT',NULL,'com.dkd.quartz.util.QuartzDisallowConcurrentExecution','0','1','0','0',_binary '¬\í\0sr\0org.quartz.JobDataMapŸ°ƒè¿©°\Ë\0\0xr\0&org.quartz.utils.StringKeyDirtyFlagMap‚\è\Ãû\Å](\0Z\0allowsTransientDataxr\0org.quartz.utils.DirtyFlagMap\æ.­(v\n\Î\0Z\0dirtyL\0mapt\0Ljava/util/Map;xpsr\0java.util.HashMap\ÚÁ\Ã`\Ñ\0F\0\nloadFactorI\0	thresholdxp?@\0\0\0\0\0w\0\0\0\0\0\0t\0TASK_PROPERTIESsr\0com.dkd.quartz.domain.SysJob\0\0\0\0\0\0\0\0L\0\nconcurrentt\0Ljava/lang/String;L\0cronExpressionq\0~\0	L\0invokeTargetq\0~\0	L\0jobGroupq\0~\0	L\0jobIdt\0Ljava/lang/Long;L\0jobNameq\0~\0	L\0\rmisfirePolicyq\0~\0	L\0statusq\0~\0	xr\0%com.dkd.common.core.domain.BaseEntity\0\0\0\0\0\0\0\0L\0createByq\0~\0	L\0\ncreateTimet\0Ljava/util/Date;L\0paramsq\0~\0L\0remarkq\0~\0	L\0searchValueq\0~\0	L\0updateByq\0~\0	L\0\nupdateTimeq\0~\0xpt\0adminsr\0java.util.DatehjKYt\0\0xpw\0\0‘™”U¨xpt\0\0pppt\01t\00/15 * * * * ?t\0ryTask.ryParams(\'ry\')t\0DEFAULTsr\0java.lang.Long;‹\äÌ#\ß\0J\0valuexr\0java.lang.Number†¬•”\à‹\0\0xp\0\0\0\0\0\0\0t\0ç³»ç»Ÿé»˜è®¤ï¼ˆæœ‰å‚ï¼‰t\03t\01x\0'),('RuoyiScheduler','TASK_CLASS_NAME3','DEFAULT',NULL,'com.dkd.quartz.util.QuartzDisallowConcurrentExecution','0','1','0','0',_binary '¬\í\0sr\0org.quartz.JobDataMapŸ°ƒè¿©°\Ë\0\0xr\0&org.quartz.utils.StringKeyDirtyFlagMap‚\è\Ãû\Å](\0Z\0allowsTransientDataxr\0org.quartz.utils.DirtyFlagMap\æ.­(v\n\Î\0Z\0dirtyL\0mapt\0Ljava/util/Map;xpsr\0java.util.HashMap\ÚÁ\Ã`\Ñ\0F\0\nloadFactorI\0	thresholdxp?@\0\0\0\0\0w\0\0\0\0\0\0t\0TASK_PROPERTIESsr\0com.dkd.quartz.domain.SysJob\0\0\0\0\0\0\0\0L\0\nconcurrentt\0Ljava/lang/String;L\0cronExpressionq\0~\0	L\0invokeTargetq\0~\0	L\0jobGroupq\0~\0	L\0jobIdt\0Ljava/lang/Long;L\0jobNameq\0~\0	L\0\rmisfirePolicyq\0~\0	L\0statusq\0~\0	xr\0%com.dkd.common.core.domain.BaseEntity\0\0\0\0\0\0\0\0L\0createByq\0~\0	L\0\ncreateTimet\0Ljava/util/Date;L\0paramsq\0~\0L\0remarkq\0~\0	L\0searchValueq\0~\0	L\0updateByq\0~\0	L\0\nupdateTimeq\0~\0xpt\0adminsr\0java.util.DatehjKYt\0\0xpw\0\0‘™”U¨xpt\0\0pppt\01t\00/20 * * * * ?t\08ryTask.ryMultipleParams(\'ry\', true, 2000L, 316.50D, 100)t\0DEFAULTsr\0java.lang.Long;‹\äÌ#\ß\0J\0valuexr\0java.lang.Number†¬•”\à‹\0\0xp\0\0\0\0\0\0\0t\0ç³»ç»Ÿé»˜è®¤ï¼ˆå¤šå‚ï¼‰t\03t\01x\0');
/*!40000 ALTER TABLE `qrtz_job_details` ENABLE KEYS */;
UNLOCK TABLES;

--
-- Table structure for table `qrtz_locks`
--

DROP TABLE IF EXISTS `qrtz_locks`;
/*!40101 SET @saved_cs_client     = @@character_set_client */;
/*!50503 SET character_set_client = utf8mb4 */;
CREATE TABLE `qrtz_locks` (
  `sched_name` varchar(120) NOT NULL COMMENT 'è°ƒåº¦åç§°',
  `lock_name` varchar(40) NOT NULL COMMENT 'æ‚²è§‚é”åç§°',
  PRIMARY KEY (`sched_name`,`lock_name`)
) ENGINE=InnoDB DEFAULT CHARSET=utf8mb4 COLLATE=utf8mb4_0900_ai_ci COMMENT='å­˜å‚¨çš„æ‚²è§‚é”ä¿¡æ¯è¡¨';
/*!40101 SET character_set_client = @saved_cs_client */;

--
-- Dumping data for table `qrtz_locks`
--

LOCK TABLES `qrtz_locks` WRITE;
/*!40000 ALTER TABLE `qrtz_locks` DISABLE KEYS */;
INSERT INTO `qrtz_locks` VALUES ('RuoyiScheduler','STATE_ACCESS'),('RuoyiScheduler','TRIGGER_ACCESS');
/*!40000 ALTER TABLE `qrtz_locks` ENABLE KEYS */;
UNLOCK TABLES;

--
-- Table structure for table `qrtz_paused_trigger_grps`
--

DROP TABLE IF EXISTS `qrtz_paused_trigger_grps`;
/*!40101 SET @saved_cs_client     = @@character_set_client */;
/*!50503 SET character_set_client = utf8mb4 */;
CREATE TABLE `qrtz_paused_trigger_grps` (
  `sched_name` varchar(120) NOT NULL COMMENT 'è°ƒåº¦åç§°',
  `trigger_group` varchar(200) NOT NULL COMMENT 'qrtz_triggersè¡¨trigger_groupçš„å¤–é”®',
  PRIMARY KEY (`sched_name`,`trigger_group`)
) ENGINE=InnoDB DEFAULT CHARSET=utf8mb4 COLLATE=utf8mb4_0900_ai_ci COMMENT='æš‚åœçš„è§¦å‘å™¨è¡¨';
/*!40101 SET character_set_client = @saved_cs_client */;

--
-- Dumping data for table `qrtz_paused_trigger_grps`
--

LOCK TABLES `qrtz_paused_trigger_grps` WRITE;
/*!40000 ALTER TABLE `qrtz_paused_trigger_grps` DISABLE KEYS */;
/*!40000 ALTER TABLE `qrtz_paused_trigger_grps` ENABLE KEYS */;
UNLOCK TABLES;

--
-- Table structure for table `qrtz_scheduler_state`
--

DROP TABLE IF EXISTS `qrtz_scheduler_state`;
/*!40101 SET @saved_cs_client     = @@character_set_client */;
/*!50503 SET character_set_client = utf8mb4 */;
CREATE TABLE `qrtz_scheduler_state` (
  `sched_name` varchar(120) NOT NULL COMMENT 'è°ƒåº¦åç§°',
  `instance_name` varchar(200) NOT NULL COMMENT 'å®ä¾‹åç§°',
  `last_checkin_time` bigint NOT NULL COMMENT 'ä¸Šæ¬¡æ£€æŸ¥æ—¶é—´',
  `checkin_interval` bigint NOT NULL COMMENT 'æ£€æŸ¥é—´éš”æ—¶é—´',
  PRIMARY KEY (`sched_name`,`instance_name`)
) ENGINE=InnoDB DEFAULT CHARSET=utf8mb4 COLLATE=utf8mb4_0900_ai_ci COMMENT='è°ƒåº¦å™¨çŠ¶æ€è¡¨';
/*!40101 SET character_set_client = @saved_cs_client */;

--
-- Dumping data for table `qrtz_scheduler_state`
--

LOCK TABLES `qrtz_scheduler_state` WRITE;
/*!40000 ALTER TABLE `qrtz_scheduler_state` DISABLE KEYS */;
INSERT INTO `qrtz_scheduler_state` VALUES ('RuoyiScheduler','LAPTOP-QAC9EFD61725714648631',1725715567617,15000);
/*!40000 ALTER TABLE `qrtz_scheduler_state` ENABLE KEYS */;
UNLOCK TABLES;

--
-- Table structure for table `qrtz_simple_triggers`
--

DROP TABLE IF EXISTS `qrtz_simple_triggers`;
/*!40101 SET @saved_cs_client     = @@character_set_client */;
/*!50503 SET character_set_client = utf8mb4 */;
CREATE TABLE `qrtz_simple_triggers` (
  `sched_name` varchar(120) NOT NULL COMMENT 'è°ƒåº¦åç§°',
  `trigger_name` varchar(200) NOT NULL COMMENT 'qrtz_triggersè¡¨trigger_nameçš„å¤–é”®',
  `trigger_group` varchar(200) NOT NULL COMMENT 'qrtz_triggersè¡¨trigger_groupçš„å¤–é”®',
  `repeat_count` bigint NOT NULL COMMENT 'é‡å¤çš„æ¬¡æ•°ç»Ÿè®¡',
  `repeat_interval` bigint NOT NULL COMMENT 'é‡å¤çš„é—´éš”æ—¶é—´',
  `times_triggered` bigint NOT NULL COMMENT 'å·²ç»è§¦å‘çš„æ¬¡æ•°',
  PRIMARY KEY (`sched_name`,`trigger_name`,`trigger_group`),
  CONSTRAINT `qrtz_simple_triggers_ibfk_1` FOREIGN KEY (`sched_name`, `trigger_name`, `trigger_group`) REFERENCES `qrtz_triggers` (`sched_name`, `trigger_name`, `trigger_group`)
) ENGINE=InnoDB DEFAULT CHARSET=utf8mb4 COLLATE=utf8mb4_0900_ai_ci COMMENT='ç®€å•è§¦å‘å™¨çš„ä¿¡æ¯è¡¨';
/*!40101 SET character_set_client = @saved_cs_client */;

--
-- Dumping data for table `qrtz_simple_triggers`
--

LOCK TABLES `qrtz_simple_triggers` WRITE;
/*!40000 ALTER TABLE `qrtz_simple_triggers` DISABLE KEYS */;
/*!40000 ALTER TABLE `qrtz_simple_triggers` ENABLE KEYS */;
UNLOCK TABLES;

--
-- Table structure for table `qrtz_simprop_triggers`
--

DROP TABLE IF EXISTS `qrtz_simprop_triggers`;
/*!40101 SET @saved_cs_client     = @@character_set_client */;
/*!50503 SET character_set_client = utf8mb4 */;
CREATE TABLE `qrtz_simprop_triggers` (
  `sched_name` varchar(120) NOT NULL COMMENT 'è°ƒåº¦åç§°',
  `trigger_name` varchar(200) NOT NULL COMMENT 'qrtz_triggersè¡¨trigger_nameçš„å¤–é”®',
  `trigger_group` varchar(200) NOT NULL COMMENT 'qrtz_triggersè¡¨trigger_groupçš„å¤–é”®',
  `str_prop_1` varchar(512) DEFAULT NULL COMMENT 'Stringç±»å‹çš„triggerçš„ç¬¬ä¸€ä¸ªå‚æ•°',
  `str_prop_2` varchar(512) DEFAULT NULL COMMENT 'Stringç±»å‹çš„triggerçš„ç¬¬äºŒä¸ªå‚æ•°',
  `str_prop_3` varchar(512) DEFAULT NULL COMMENT 'Stringç±»å‹çš„triggerçš„ç¬¬ä¸‰ä¸ªå‚æ•°',
  `int_prop_1` int DEFAULT NULL COMMENT 'intç±»å‹çš„triggerçš„ç¬¬ä¸€ä¸ªå‚æ•°',
  `int_prop_2` int DEFAULT NULL COMMENT 'intç±»å‹çš„triggerçš„ç¬¬äºŒä¸ªå‚æ•°',
  `long_prop_1` bigint DEFAULT NULL COMMENT 'longç±»å‹çš„triggerçš„ç¬¬ä¸€ä¸ªå‚æ•°',
  `long_prop_2` bigint DEFAULT NULL COMMENT 'longç±»å‹çš„triggerçš„ç¬¬äºŒä¸ªå‚æ•°',
  `dec_prop_1` decimal(13,4) DEFAULT NULL COMMENT 'decimalç±»å‹çš„triggerçš„ç¬¬ä¸€ä¸ªå‚æ•°',
  `dec_prop_2` decimal(13,4) DEFAULT NULL COMMENT 'decimalç±»å‹çš„triggerçš„ç¬¬äºŒä¸ªå‚æ•°',
  `bool_prop_1` varchar(1) DEFAULT NULL COMMENT 'Booleanç±»å‹çš„triggerçš„ç¬¬ä¸€ä¸ªå‚æ•°',
  `bool_prop_2` varchar(1) DEFAULT NULL COMMENT 'Booleanç±»å‹çš„triggerçš„ç¬¬äºŒä¸ªå‚æ•°',
  PRIMARY KEY (`sched_name`,`trigger_name`,`trigger_group`),
  CONSTRAINT `qrtz_simprop_triggers_ibfk_1` FOREIGN KEY (`sched_name`, `trigger_name`, `trigger_group`) REFERENCES `qrtz_triggers` (`sched_name`, `trigger_name`, `trigger_group`)
) ENGINE=InnoDB DEFAULT CHARSET=utf8mb4 COLLATE=utf8mb4_0900_ai_ci COMMENT='åŒæ­¥æœºåˆ¶çš„è¡Œé”è¡¨';
/*!40101 SET character_set_client = @saved_cs_client */;

--
-- Dumping data for table `qrtz_simprop_triggers`
--

LOCK TABLES `qrtz_simprop_triggers` WRITE;
/*!40000 ALTER TABLE `qrtz_simprop_triggers` DISABLE KEYS */;
/*!40000 ALTER TABLE `qrtz_simprop_triggers` ENABLE KEYS */;
UNLOCK TABLES;

--
-- Table structure for table `qrtz_triggers`
--

DROP TABLE IF EXISTS `qrtz_triggers`;
/*!40101 SET @saved_cs_client     = @@character_set_client */;
/*!50503 SET character_set_client = utf8mb4 */;
CREATE TABLE `qrtz_triggers` (
  `sched_name` varchar(120) NOT NULL COMMENT 'è°ƒåº¦åç§°',
  `trigger_name` varchar(200) NOT NULL COMMENT 'è§¦å‘å™¨çš„åå­—',
  `trigger_group` varchar(200) NOT NULL COMMENT 'è§¦å‘å™¨æ‰€å±ç»„çš„åå­—',
  `job_name` varchar(200) NOT NULL COMMENT 'qrtz_job_detailsè¡¨job_nameçš„å¤–é”®',
  `job_group` varchar(200) NOT NULL COMMENT 'qrtz_job_detailsè¡¨job_groupçš„å¤–é”®',
  `description` varchar(250) DEFAULT NULL COMMENT 'ç›¸å…³ä»‹ç»',
  `next_fire_time` bigint DEFAULT NULL COMMENT 'ä¸Šä¸€æ¬¡è§¦å‘æ—¶é—´ï¼ˆæ¯«ç§’ï¼‰',
  `prev_fire_time` bigint DEFAULT NULL COMMENT 'ä¸‹ä¸€æ¬¡è§¦å‘æ—¶é—´ï¼ˆé»˜è®¤ä¸º-1è¡¨ç¤ºä¸è§¦å‘ï¼‰',
  `priority` int DEFAULT NULL COMMENT 'ä¼˜å…ˆçº§',
  `trigger_state` varchar(16) NOT NULL COMMENT 'è§¦å‘å™¨çŠ¶æ€',
  `trigger_type` varchar(8) NOT NULL COMMENT 'è§¦å‘å™¨çš„ç±»å‹',
  `start_time` bigint NOT NULL COMMENT 'å¼€å§‹æ—¶é—´',
  `end_time` bigint DEFAULT NULL COMMENT 'ç»“æŸæ—¶é—´',
  `calendar_name` varchar(200) DEFAULT NULL COMMENT 'æ—¥ç¨‹è¡¨åç§°',
  `misfire_instr` smallint DEFAULT NULL COMMENT 'è¡¥å¿æ‰§è¡Œçš„ç­–ç•¥',
  `job_data` blob COMMENT 'å­˜æ”¾æŒä¹…åŒ–jobå¯¹è±¡',
  PRIMARY KEY (`sched_name`,`trigger_name`,`trigger_group`),
  KEY `sched_name` (`sched_name`,`job_name`,`job_group`),
  CONSTRAINT `qrtz_triggers_ibfk_1` FOREIGN KEY (`sched_name`, `job_name`, `job_group`) REFERENCES `qrtz_job_details` (`sched_name`, `job_name`, `job_group`)
) ENGINE=InnoDB DEFAULT CHARSET=utf8mb4 COLLATE=utf8mb4_0900_ai_ci COMMENT='è§¦å‘å™¨è¯¦ç»†ä¿¡æ¯è¡¨';
/*!40101 SET character_set_client = @saved_cs_client */;

--
-- Dumping data for table `qrtz_triggers`
--

LOCK TABLES `qrtz_triggers` WRITE;
/*!40000 ALTER TABLE `qrtz_triggers` DISABLE KEYS */;
INSERT INTO `qrtz_triggers` VALUES ('RuoyiScheduler','TASK_CLASS_NAME1','DEFAULT','TASK_CLASS_NAME1','DEFAULT',NULL,1725714650000,-1,5,'PAUSED','CRON',1725714648000,0,NULL,2,''),('RuoyiScheduler','TASK_CLASS_NAME2','DEFAULT','TASK_CLASS_NAME2','DEFAULT',NULL,1725714660000,-1,5,'PAUSED','CRON',1725714649000,0,NULL,2,''),('RuoyiScheduler','TASK_CLASS_NAME3','DEFAULT','TASK_CLASS_NAME3','DEFAULT',NULL,1725714660000,-1,5,'PAUSED','CRON',1725714649000,0,NULL,2,'');
/*!40000 ALTER TABLE `qrtz_triggers` ENABLE KEYS */;
UNLOCK TABLES;

--
-- Table structure for table `sys_config`
--

DROP TABLE IF EXISTS `sys_config`;
/*!40101 SET @saved_cs_client     = @@character_set_client */;
/*!50503 SET character_set_client = utf8mb4 */;
CREATE TABLE `sys_config` (
  `config_id` int NOT NULL AUTO_INCREMENT COMMENT 'å‚æ•°ä¸»é”®',
  `config_name` varchar(100) DEFAULT '' COMMENT 'å‚æ•°åç§°',
  `config_key` varchar(100) DEFAULT '' COMMENT 'å‚æ•°é”®å',
  `config_value` varchar(500) DEFAULT '' COMMENT 'å‚æ•°é”®å€¼',
  `config_type` char(1) DEFAULT 'N' COMMENT 'ç³»ç»Ÿå†…ç½®ï¼ˆYæ˜¯ Nå¦ï¼‰',
  `create_by` varchar(64) DEFAULT '' COMMENT 'åˆ›å»ºè€…',
  `create_time` datetime DEFAULT NULL COMMENT 'åˆ›å»ºæ—¶é—´',
  `update_by` varchar(64) DEFAULT '' COMMENT 'æ›´æ–°è€…',
  `update_time` datetime DEFAULT NULL COMMENT 'æ›´æ–°æ—¶é—´',
  `remark` varchar(500) DEFAULT NULL COMMENT 'å¤‡æ³¨',
  PRIMARY KEY (`config_id`)
) ENGINE=InnoDB AUTO_INCREMENT=100 DEFAULT CHARSET=utf8mb4 COLLATE=utf8mb4_0900_ai_ci COMMENT='å‚æ•°é…ç½®è¡¨';
/*!40101 SET character_set_client = @saved_cs_client */;

--
-- Dumping data for table `sys_config`
--

LOCK TABLES `sys_config` WRITE;
/*!40000 ALTER TABLE `sys_config` DISABLE KEYS */;
INSERT INTO `sys_config` VALUES (1,'ä¸»æ¡†æ¶é¡µ-é»˜è®¤çš®è‚¤æ ·å¼åç§°','sys.index.skinName','skin-blue','Y','admin','2024-08-28 23:22:00','',NULL,'è“è‰² skin-blueã€ç»¿è‰² skin-greenã€ç´«è‰² skin-purpleã€çº¢è‰² skin-redã€é»„è‰² skin-yellow'),(2,'ç”¨æˆ·ç®¡ç†-è´¦å·åˆå§‹å¯†ç ','sys.user.initPassword','123456','Y','admin','2024-08-28 23:22:00','',NULL,'åˆå§‹åŒ–å¯†ç  123456'),(3,'ä¸»æ¡†æ¶é¡µ-ä¾§è¾¹æ ä¸»é¢˜','sys.index.sideTheme','theme-dark','Y','admin','2024-08-28 23:22:00','',NULL,'æ·±è‰²ä¸»é¢˜theme-darkï¼Œæµ…è‰²ä¸»é¢˜theme-light'),(4,'è´¦å·è‡ªåŠ©-éªŒè¯ç å¼€å…³','sys.account.captchaEnabled','true','Y','admin','2024-08-28 23:22:00','',NULL,'æ˜¯å¦å¼€å¯éªŒè¯ç åŠŸèƒ½ï¼ˆtrueå¼€å¯ï¼Œfalseå…³é—­ï¼‰'),(5,'è´¦å·è‡ªåŠ©-æ˜¯å¦å¼€å¯ç”¨æˆ·æ³¨å†ŒåŠŸèƒ½','sys.account.registerUser','false','Y','admin','2024-08-28 23:22:00','',NULL,'æ˜¯å¦å¼€å¯æ³¨å†Œç”¨æˆ·åŠŸèƒ½ï¼ˆtrueå¼€å¯ï¼Œfalseå…³é—­ï¼‰'),(6,'ç”¨æˆ·ç™»å½•-é»‘åå•åˆ—è¡¨','sys.login.blackIPList','','Y','admin','2024-08-28 23:22:00','',NULL,'è®¾ç½®ç™»å½•IPé»‘åå•é™åˆ¶ï¼Œå¤šä¸ªåŒ¹é…é¡¹ä»¥;åˆ†éš”ï¼Œæ”¯æŒåŒ¹é…ï¼ˆ*é€šé…ã€ç½‘æ®µï¼‰');
/*!40000 ALTER TABLE `sys_config` ENABLE KEYS */;
UNLOCK TABLES;

--
-- Table structure for table `sys_dept`
--

DROP TABLE IF EXISTS `sys_dept`;
/*!40101 SET @saved_cs_client     = @@character_set_client */;
/*!50503 SET character_set_client = utf8mb4 */;
CREATE TABLE `sys_dept` (
  `dept_id` bigint NOT NULL AUTO_INCREMENT COMMENT 'éƒ¨é—¨id',
  `parent_id` bigint DEFAULT '0' COMMENT 'çˆ¶éƒ¨é—¨id',
  `ancestors` varchar(50) DEFAULT '' COMMENT 'ç¥–çº§åˆ—è¡¨',
  `dept_name` varchar(30) DEFAULT '' COMMENT 'éƒ¨é—¨åç§°',
  `order_num` int DEFAULT '0' COMMENT 'æ˜¾ç¤ºé¡ºåº',
  `leader` varchar(20) DEFAULT NULL COMMENT 'è´Ÿè´£äºº',
  `phone` varchar(11) DEFAULT NULL COMMENT 'è”ç³»ç”µè¯',
  `email` varchar(50) DEFAULT NULL COMMENT 'é‚®ç®±',
  `status` char(1) DEFAULT '0' COMMENT 'éƒ¨é—¨çŠ¶æ€ï¼ˆ0æ­£å¸¸ 1åœç”¨ï¼‰',
  `del_flag` char(1) DEFAULT '0' COMMENT 'åˆ é™¤æ ‡å¿—ï¼ˆ0ä»£è¡¨å­˜åœ¨ 2ä»£è¡¨åˆ é™¤ï¼‰',
  `create_by` varchar(64) DEFAULT '' COMMENT 'åˆ›å»ºè€…',
  `create_time` datetime DEFAULT NULL COMMENT 'åˆ›å»ºæ—¶é—´',
  `update_by` varchar(64) DEFAULT '' COMMENT 'æ›´æ–°è€…',
  `update_time` datetime DEFAULT NULL COMMENT 'æ›´æ–°æ—¶é—´',
  PRIMARY KEY (`dept_id`)
) ENGINE=InnoDB AUTO_INCREMENT=200 DEFAULT CHARSET=utf8mb4 COLLATE=utf8mb4_0900_ai_ci COMMENT='éƒ¨é—¨è¡¨';
/*!40101 SET character_set_client = @saved_cs_client */;

--
-- Dumping data for table `sys_dept`
--

LOCK TABLES `sys_dept` WRITE;
/*!40000 ALTER TABLE `sys_dept` DISABLE KEYS */;
INSERT INTO `sys_dept` VALUES (100,0,'0','è‹¥ä¾ç§‘æŠ€',0,'è‹¥ä¾','15888888888','ry@qq.com','0','0','admin','2024-08-28 23:21:41','',NULL),(101,100,'0,100','æ·±åœ³æ€»å…¬å¸',1,'è‹¥ä¾','15888888888','ry@qq.com','0','0','admin','2024-08-28 23:21:41','',NULL),(102,100,'0,100','é•¿æ²™åˆ†å…¬å¸',2,'è‹¥ä¾','15888888888','ry@qq.com','0','0','admin','2024-08-28 23:21:41','',NULL),(103,101,'0,100,101','ç ”å‘éƒ¨é—¨',1,'è‹¥ä¾','15888888888','ry@qq.com','0','0','admin','2024-08-28 23:21:41','',NULL),(104,101,'0,100,101','å¸‚åœºéƒ¨é—¨',2,'è‹¥ä¾','15888888888','ry@qq.com','0','0','admin','2024-08-28 23:21:41','',NULL),(105,101,'0,100,101','æµ‹è¯•éƒ¨é—¨',3,'è‹¥ä¾','15888888888','ry@qq.com','0','0','admin','2024-08-28 23:21:41','',NULL),(106,101,'0,100,101','è´¢åŠ¡éƒ¨é—¨',4,'è‹¥ä¾','15888888888','ry@qq.com','0','0','admin','2024-08-28 23:21:41','',NULL),(107,101,'0,100,101','è¿ç»´éƒ¨é—¨',5,'è‹¥ä¾','15888888888','ry@qq.com','0','0','admin','2024-08-28 23:21:41','',NULL),(108,102,'0,100,102','å¸‚åœºéƒ¨é—¨',1,'è‹¥ä¾','15888888888','ry@qq.com','0','0','admin','2024-08-28 23:21:41','',NULL),(109,102,'0,100,102','è´¢åŠ¡éƒ¨é—¨',2,'è‹¥ä¾','15888888888','ry@qq.com','0','0','admin','2024-08-28 23:21:41','',NULL);
/*!40000 ALTER TABLE `sys_dept` ENABLE KEYS */;
UNLOCK TABLES;

--
-- Table structure for table `sys_dict_data`
--

DROP TABLE IF EXISTS `sys_dict_data`;
/*!40101 SET @saved_cs_client     = @@character_set_client */;
/*!50503 SET character_set_client = utf8mb4 */;
CREATE TABLE `sys_dict_data` (
  `dict_code` bigint NOT NULL AUTO_INCREMENT COMMENT 'å­—å…¸ç¼–ç ',
  `dict_sort` int DEFAULT '0' COMMENT 'å­—å…¸æ’åº',
  `dict_label` varchar(100) DEFAULT '' COMMENT 'å­—å…¸æ ‡ç­¾',
  `dict_value` varchar(100) DEFAULT '' COMMENT 'å­—å…¸é”®å€¼',
  `dict_type` varchar(100) DEFAULT '' COMMENT 'å­—å…¸ç±»å‹',
  `css_class` varchar(100) DEFAULT NULL COMMENT 'æ ·å¼å±æ€§ï¼ˆå…¶ä»–æ ·å¼æ‰©å±•ï¼‰',
  `list_class` varchar(100) DEFAULT NULL COMMENT 'è¡¨æ ¼å›æ˜¾æ ·å¼',
  `is_default` char(1) DEFAULT 'N' COMMENT 'æ˜¯å¦é»˜è®¤ï¼ˆYæ˜¯ Nå¦ï¼‰',
  `status` char(1) DEFAULT '0' COMMENT 'çŠ¶æ€ï¼ˆ0æ­£å¸¸ 1åœç”¨ï¼‰',
  `create_by` varchar(64) DEFAULT '' COMMENT 'åˆ›å»ºè€…',
  `create_time` datetime DEFAULT NULL COMMENT 'åˆ›å»ºæ—¶é—´',
  `update_by` varchar(64) DEFAULT '' COMMENT 'æ›´æ–°è€…',
  `update_time` datetime DEFAULT NULL COMMENT 'æ›´æ–°æ—¶é—´',
  `remark` varchar(500) DEFAULT NULL COMMENT 'å¤‡æ³¨',
  PRIMARY KEY (`dict_code`)
) ENGINE=InnoDB AUTO_INCREMENT=124 DEFAULT CHARSET=utf8mb4 COLLATE=utf8mb4_0900_ai_ci COMMENT='å­—å…¸æ•°æ®è¡¨';
/*!40101 SET character_set_client = @saved_cs_client */;

--
-- Dumping data for table `sys_dict_data`
--

LOCK TABLES `sys_dict_data` WRITE;
/*!40000 ALTER TABLE `sys_dict_data` DISABLE KEYS */;
INSERT INTO `sys_dict_data` VALUES (1,1,'ç”·','0','sys_user_sex','','','Y','0','admin','2024-08-28 23:21:58','',NULL,'æ€§åˆ«ç”·'),(2,2,'å¥³','1','sys_user_sex','','','N','0','admin','2024-08-28 23:21:58','',NULL,'æ€§åˆ«å¥³'),(3,3,'æœªçŸ¥','2','sys_user_sex','','','N','0','admin','2024-08-28 23:21:58','',NULL,'æ€§åˆ«æœªçŸ¥'),(4,1,'æ˜¾ç¤º','0','sys_show_hide','','primary','Y','0','admin','2024-08-28 23:21:58','',NULL,'æ˜¾ç¤ºèœå•'),(5,2,'éšè—','1','sys_show_hide','','danger','N','0','admin','2024-08-28 23:21:58','',NULL,'éšè—èœå•'),(6,1,'æ­£å¸¸','0','sys_normal_disable','','primary','Y','0','admin','2024-08-28 23:21:58','',NULL,'æ­£å¸¸çŠ¶æ€'),(7,2,'åœç”¨','1','sys_normal_disable','','danger','N','0','admin','2024-08-28 23:21:58','',NULL,'åœç”¨çŠ¶æ€'),(8,1,'æ­£å¸¸','0','sys_job_status','','primary','Y','0','admin','2024-08-28 23:21:58','',NULL,'æ­£å¸¸çŠ¶æ€'),(9,2,'æš‚åœ','1','sys_job_status','','danger','N','0','admin','2024-08-28 23:21:58','',NULL,'åœç”¨çŠ¶æ€'),(10,1,'é»˜è®¤','DEFAULT','sys_job_group','','','Y','0','admin','2024-08-28 23:21:58','',NULL,'é»˜è®¤åˆ†ç»„'),(11,2,'ç³»ç»Ÿ','SYSTEM','sys_job_group','','','N','0','admin','2024-08-28 23:21:58','',NULL,'ç³»ç»Ÿåˆ†ç»„'),(12,1,'æ˜¯','Y','sys_yes_no','','primary','Y','0','admin','2024-08-28 23:21:58','',NULL,'ç³»ç»Ÿé»˜è®¤æ˜¯'),(13,2,'å¦','N','sys_yes_no','','danger','N','0','admin','2024-08-28 23:21:58','',NULL,'ç³»ç»Ÿé»˜è®¤å¦'),(14,1,'é€šçŸ¥','1','sys_notice_type','','warning','Y','0','admin','2024-08-28 23:21:58','',NULL,'é€šçŸ¥'),(15,2,'å…¬å‘Š','2','sys_notice_type','','success','N','0','admin','2024-08-28 23:21:59','',NULL,'å…¬å‘Š'),(16,1,'æ­£å¸¸','0','sys_notice_status','','primary','Y','0','admin','2024-08-28 23:21:59','',NULL,'æ­£å¸¸çŠ¶æ€'),(17,2,'å…³é—­','1','sys_notice_status','','danger','N','0','admin','2024-08-28 23:21:59','',NULL,'å…³é—­çŠ¶æ€'),(18,99,'å…¶ä»–','0','sys_oper_type','','info','N','0','admin','2024-08-28 23:21:59','',NULL,'å…¶ä»–æ“ä½œ'),(19,1,'æ–°å¢','1','sys_oper_type','','info','N','0','admin','2024-08-28 23:21:59','',NULL,'æ–°å¢æ“ä½œ'),(20,2,'ä¿®æ”¹','2','sys_oper_type','','info','N','0','admin','2024-08-28 23:21:59','',NULL,'ä¿®æ”¹æ“ä½œ'),(21,3,'åˆ é™¤','3','sys_oper_type','','danger','N','0','admin','2024-08-28 23:21:59','',NULL,'åˆ é™¤æ“ä½œ'),(22,4,'æˆæƒ','4','sys_oper_type','','primary','N','0','admin','2024-08-28 23:21:59','',NULL,'æˆæƒæ“ä½œ'),(23,5,'å¯¼å‡º','5','sys_oper_type','','warning','N','0','admin','2024-08-28 23:21:59','',NULL,'å¯¼å‡ºæ“ä½œ'),(24,6,'å¯¼å…¥','6','sys_oper_type','','warning','N','0','admin','2024-08-28 23:21:59','',NULL,'å¯¼å…¥æ“ä½œ'),(25,7,'å¼ºé€€','7','sys_oper_type','','danger','N','0','admin','2024-08-28 23:21:59','',NULL,'å¼ºé€€æ“ä½œ'),(26,8,'ç”Ÿæˆä»£ç ','8','sys_oper_type','','warning','N','0','admin','2024-08-28 23:21:59','',NULL,'ç”Ÿæˆæ“ä½œ'),(27,9,'æ¸…ç©ºæ•°æ®','9','sys_oper_type','','danger','N','0','admin','2024-08-28 23:21:59','',NULL,'æ¸…ç©ºæ“ä½œ'),(28,1,'æˆåŠŸ','0','sys_common_status','','primary','N','0','admin','2024-08-28 23:21:59','',NULL,'æ­£å¸¸çŠ¶æ€'),(29,2,'å¤±è´¥','1','sys_common_status','','danger','N','0','admin','2024-08-28 23:21:59','',NULL,'åœç”¨çŠ¶æ€'),(100,1,'æ—…æ¸¸åŒº','1','business_type',NULL,'default','N','0','admin','2024-08-29 17:19:41','',NULL,NULL),(101,2,'å•†åœºå†™å­—æ¥¼','2','business_type',NULL,'default','N','0','admin','2024-08-29 17:19:59','',NULL,NULL),(102,3,'å­¦æ ¡','3','business_type',NULL,'default','N','0','admin','2024-08-29 17:20:15','',NULL,NULL),(103,4,'äº¤é€šæ¢çº½','4','business_type',NULL,'default','N','0','admin','2024-08-29 17:20:34','',NULL,NULL),(104,1,'å¯ç”¨','1','emp_status',NULL,'default','N','0','admin','2024-08-30 17:30:19','',NULL,NULL),(105,2,'åœç”¨','0','emp_status',NULL,'default','N','0','admin','2024-08-30 17:30:33','',NULL,NULL),(106,1,'æœªæŠ•æ”¾','0','vm_status',NULL,'default','N','0','admin','2024-08-30 21:18:52','',NULL,NULL),(107,2,'è¿è¥','1','vm_status',NULL,'default','N','0','admin','2024-08-30 21:19:02','',NULL,NULL),(108,3,'æ’¤æœº','3','vm_status',NULL,'default','N','0','admin','2024-08-30 21:20:14','',NULL,NULL),(109,1,'å¾…åŠ','1','task_status',NULL,'default','N','0','admin','2024-09-01 22:52:45','',NULL,NULL),(110,2,'è¿›è¡Œ','2','task_status',NULL,'default','N','0','admin','2024-09-01 22:52:53','',NULL,NULL),(111,3,'å–æ¶ˆ','3','task_status',NULL,'default','N','0','admin','2024-09-01 22:53:02','',NULL,NULL),(112,4,'å®Œæˆ','4','task_status',NULL,'default','N','0','admin','2024-09-01 22:53:17','',NULL,NULL),(113,1,'è‡ªåŠ¨','0','task_create_type',NULL,'default','N','0','admin','2024-09-01 22:54:09','',NULL,NULL),(114,2,'æ‰‹åŠ¨','1','task_create_type',NULL,'default','N','0','admin','2024-09-01 22:54:16','',NULL,NULL),(115,1,'å¾…æ”¯ä»˜','0','order_status',NULL,'default','N','0','admin','2024-09-02 22:01:59','',NULL,NULL),(116,2,'æ”¯ä»˜å®Œæˆ','1','order_status',NULL,'default','N','0','admin','2024-09-02 22:02:09','',NULL,NULL),(117,3,'å‡ºè´§æˆåŠŸ','2','order_status',NULL,'default','N','0','admin','2024-09-02 22:02:22','',NULL,NULL),(118,4,'å‡ºè´§å¤±è´¥','3','order_status',NULL,'default','N','0','admin','2024-09-02 22:02:37','',NULL,NULL),(119,5,'å·²å–æ¶ˆ','4','order_status',NULL,'default','N','0','admin','2024-09-02 22:03:00','',NULL,NULL),(120,1,'æœªæ”¯ä»˜','0','pay_status',NULL,'default','N','0','admin','2024-09-02 22:05:21','',NULL,NULL),(121,2,'æ”¯ä»˜å®Œæˆ','1','pay_status',NULL,'default','N','0','admin','2024-09-02 22:05:30','',NULL,NULL),(122,3,'é€€æ¬¾ä¸­','2','pay_status',NULL,'default','N','0','admin','2024-09-02 22:05:38','',NULL,NULL),(123,4,'é€€æ¬¾å®Œæˆ','3','pay_status',NULL,'default','N','0','admin','2024-09-02 22:05:46','',NULL,NULL);
/*!40000 ALTER TABLE `sys_dict_data` ENABLE KEYS */;
UNLOCK TABLES;

--
-- Table structure for table `sys_dict_type`
--

DROP TABLE IF EXISTS `sys_dict_type`;
/*!40101 SET @saved_cs_client     = @@character_set_client */;
/*!50503 SET character_set_client = utf8mb4 */;
CREATE TABLE `sys_dict_type` (
  `dict_id` bigint NOT NULL AUTO_INCREMENT COMMENT 'å­—å…¸ä¸»é”®',
  `dict_name` varchar(100) DEFAULT '' COMMENT 'å­—å…¸åç§°',
  `dict_type` varchar(100) DEFAULT '' COMMENT 'å­—å…¸ç±»å‹',
  `status` char(1) DEFAULT '0' COMMENT 'çŠ¶æ€ï¼ˆ0æ­£å¸¸ 1åœç”¨ï¼‰',
  `create_by` varchar(64) DEFAULT '' COMMENT 'åˆ›å»ºè€…',
  `create_time` datetime DEFAULT NULL COMMENT 'åˆ›å»ºæ—¶é—´',
  `update_by` varchar(64) DEFAULT '' COMMENT 'æ›´æ–°è€…',
  `update_time` datetime DEFAULT NULL COMMENT 'æ›´æ–°æ—¶é—´',
  `remark` varchar(500) DEFAULT NULL COMMENT 'å¤‡æ³¨',
  PRIMARY KEY (`dict_id`),
  UNIQUE KEY `dict_type` (`dict_type`)
) ENGINE=InnoDB AUTO_INCREMENT=107 DEFAULT CHARSET=utf8mb4 COLLATE=utf8mb4_0900_ai_ci COMMENT='å­—å…¸ç±»å‹è¡¨';
/*!40101 SET character_set_client = @saved_cs_client */;

--
-- Dumping data for table `sys_dict_type`
--

LOCK TABLES `sys_dict_type` WRITE;
/*!40000 ALTER TABLE `sys_dict_type` DISABLE KEYS */;
INSERT INTO `sys_dict_type` VALUES (1,'ç”¨æˆ·æ€§åˆ«','sys_user_sex','0','admin','2024-08-28 23:21:57','',NULL,'ç”¨æˆ·æ€§åˆ«åˆ—è¡¨'),(2,'èœå•çŠ¶æ€','sys_show_hide','0','admin','2024-08-28 23:21:57','',NULL,'èœå•çŠ¶æ€åˆ—è¡¨'),(3,'ç³»ç»Ÿå¼€å…³','sys_normal_disable','0','admin','2024-08-28 23:21:57','',NULL,'ç³»ç»Ÿå¼€å…³åˆ—è¡¨'),(4,'ä»»åŠ¡çŠ¶æ€','sys_job_status','0','admin','2024-08-28 23:21:57','',NULL,'ä»»åŠ¡çŠ¶æ€åˆ—è¡¨'),(5,'ä»»åŠ¡åˆ†ç»„','sys_job_group','0','admin','2024-08-28 23:21:57','',NULL,'ä»»åŠ¡åˆ†ç»„åˆ—è¡¨'),(6,'ç³»ç»Ÿæ˜¯å¦','sys_yes_no','0','admin','2024-08-28 23:21:57','',NULL,'ç³»ç»Ÿæ˜¯å¦åˆ—è¡¨'),(7,'é€šçŸ¥ç±»å‹','sys_notice_type','0','admin','2024-08-28 23:21:57','',NULL,'é€šçŸ¥ç±»å‹åˆ—è¡¨'),(8,'é€šçŸ¥çŠ¶æ€','sys_notice_status','0','admin','2024-08-28 23:21:57','',NULL,'é€šçŸ¥çŠ¶æ€åˆ—è¡¨'),(9,'æ“ä½œç±»å‹','sys_oper_type','0','admin','2024-08-28 23:21:57','',NULL,'æ“ä½œç±»å‹åˆ—è¡¨'),(10,'ç³»ç»ŸçŠ¶æ€','sys_common_status','0','admin','2024-08-28 23:21:57','',NULL,'ç™»å½•çŠ¶æ€åˆ—è¡¨'),(100,'å•†åœˆç±»å‹','business_type','0','admin','2024-08-29 17:19:19','',NULL,'å•†åœˆç±»å‹'),(101,'å‘˜å·¥çŠ¶æ€','emp_status','0','admin','2024-08-30 17:30:05','',NULL,'å‘˜å·¥çŠ¶æ€'),(102,'è®¾å¤‡çŠ¶æ€','vm_status','0','admin','2024-08-30 21:18:34','',NULL,'è®¾å¤‡çŠ¶æ€'),(103,'å·¥å•çŠ¶æ€','task_status','0','admin','2024-09-01 22:52:16','admin','2024-09-01 22:52:29','å·¥å•çŠ¶æ€'),(104,'å·¥å•åˆ›å»ºç±»å‹','task_create_type','0','admin','2024-09-01 22:53:51','',NULL,'å·¥å•åˆ›å»ºç±»å‹'),(105,'è®¢å•çŠ¶æ€','order_status','0','admin','2024-09-02 21:55:58','',NULL,'è®¢å•çŠ¶æ€'),(106,'æ”¯ä»˜çŠ¶æ€','pay_status','0','admin','2024-09-02 22:05:09','',NULL,'æ”¯ä»˜çŠ¶æ€');
/*!40000 ALTER TABLE `sys_dict_type` ENABLE KEYS */;
UNLOCK TABLES;

--
-- Table structure for table `sys_job`
--

DROP TABLE IF EXISTS `sys_job`;
/*!40101 SET @saved_cs_client     = @@character_set_client */;
/*!50503 SET character_set_client = utf8mb4 */;
CREATE TABLE `sys_job` (
  `job_id` bigint NOT NULL AUTO_INCREMENT COMMENT 'ä»»åŠ¡ID',
  `job_name` varchar(64) NOT NULL DEFAULT '' COMMENT 'ä»»åŠ¡åç§°',
  `job_group` varchar(64) NOT NULL DEFAULT 'DEFAULT' COMMENT 'ä»»åŠ¡ç»„å',
  `invoke_target` varchar(500) NOT NULL COMMENT 'è°ƒç”¨ç›®æ ‡å­—ç¬¦ä¸²',
  `cron_expression` varchar(255) DEFAULT '' COMMENT 'cronæ‰§è¡Œè¡¨è¾¾å¼',
  `misfire_policy` varchar(20) DEFAULT '3' COMMENT 'è®¡åˆ’æ‰§è¡Œé”™è¯¯ç­–ç•¥ï¼ˆ1ç«‹å³æ‰§è¡Œ 2æ‰§è¡Œä¸€æ¬¡ 3æ”¾å¼ƒæ‰§è¡Œï¼‰',
  `concurrent` char(1) DEFAULT '1' COMMENT 'æ˜¯å¦å¹¶å‘æ‰§è¡Œï¼ˆ0å…è®¸ 1ç¦æ­¢ï¼‰',
  `status` char(1) DEFAULT '0' COMMENT 'çŠ¶æ€ï¼ˆ0æ­£å¸¸ 1æš‚åœï¼‰',
  `create_by` varchar(64) DEFAULT '' COMMENT 'åˆ›å»ºè€…',
  `create_time` datetime DEFAULT NULL COMMENT 'åˆ›å»ºæ—¶é—´',
  `update_by` varchar(64) DEFAULT '' COMMENT 'æ›´æ–°è€…',
  `update_time` datetime DEFAULT NULL COMMENT 'æ›´æ–°æ—¶é—´',
  `remark` varchar(500) DEFAULT '' COMMENT 'å¤‡æ³¨ä¿¡æ¯',
  PRIMARY KEY (`job_id`,`job_name`,`job_group`)
) ENGINE=InnoDB AUTO_INCREMENT=100 DEFAULT CHARSET=utf8mb4 COLLATE=utf8mb4_0900_ai_ci COMMENT='å®šæ—¶ä»»åŠ¡è°ƒåº¦è¡¨';
/*!40101 SET character_set_client = @saved_cs_client */;

--
-- Dumping data for table `sys_job`
--

LOCK TABLES `sys_job` WRITE;
/*!40000 ALTER TABLE `sys_job` DISABLE KEYS */;
INSERT INTO `sys_job` VALUES (1,'ç³»ç»Ÿé»˜è®¤ï¼ˆæ— å‚ï¼‰','DEFAULT','ryTask.ryNoParams','0/10 * * * * ?','3','1','1','admin','2024-08-28 23:22:01','admin','2024-09-07 16:33:52',''),(2,'ç³»ç»Ÿé»˜è®¤ï¼ˆæœ‰å‚ï¼‰','DEFAULT','ryTask.ryParams(\'ry\')','0/15 * * * * ?','3','1','1','admin','2024-08-28 23:22:01','',NULL,''),(3,'ç³»ç»Ÿé»˜è®¤ï¼ˆå¤šå‚ï¼‰','DEFAULT','ryTask.ryMultipleParams(\'ry\', true, 2000L, 316.50D, 100)','0/20 * * * * ?','3','1','1','admin','2024-08-28 23:22:01','',NULL,'');
/*!40000 ALTER TABLE `sys_job` ENABLE KEYS */;
UNLOCK TABLES;

--
-- Table structure for table `sys_job_log`
--

DROP TABLE IF EXISTS `sys_job_log`;
/*!40101 SET @saved_cs_client     = @@character_set_client */;
/*!50503 SET character_set_client = utf8mb4 */;
CREATE TABLE `sys_job_log` (
  `job_log_id` bigint NOT NULL AUTO_INCREMENT COMMENT 'ä»»åŠ¡æ—¥å¿—ID',
  `job_name` varchar(64) NOT NULL COMMENT 'ä»»åŠ¡åç§°',
  `job_group` varchar(64) NOT NULL COMMENT 'ä»»åŠ¡ç»„å',
  `invoke_target` varchar(500) NOT NULL COMMENT 'è°ƒç”¨ç›®æ ‡å­—ç¬¦ä¸²',
  `job_message` varchar(500) DEFAULT NULL COMMENT 'æ—¥å¿—ä¿¡æ¯',
  `status` char(1) DEFAULT '0' COMMENT 'æ‰§è¡ŒçŠ¶æ€ï¼ˆ0æ­£å¸¸ 1å¤±è´¥ï¼‰',
  `exception_info` varchar(2000) DEFAULT '' COMMENT 'å¼‚å¸¸ä¿¡æ¯',
  `create_time` datetime DEFAULT NULL COMMENT 'åˆ›å»ºæ—¶é—´',
  PRIMARY KEY (`job_log_id`)
) ENGINE=InnoDB AUTO_INCREMENT=36 DEFAULT CHARSET=utf8mb4 COLLATE=utf8mb4_0900_ai_ci COMMENT='å®šæ—¶ä»»åŠ¡è°ƒåº¦æ—¥å¿—è¡¨';
/*!40101 SET character_set_client = @saved_cs_client */;

--
-- Dumping data for table `sys_job_log`
--

LOCK TABLES `sys_job_log` WRITE;
/*!40000 ALTER TABLE `sys_job_log` DISABLE KEYS */;
INSERT INTO `sys_job_log` VALUES (1,'ç³»ç»Ÿé»˜è®¤ï¼ˆæ— å‚ï¼‰','DEFAULT','ryTask.ryNoParams','ç³»ç»Ÿé»˜è®¤ï¼ˆæ— å‚ï¼‰ æ€»å…±è€—æ—¶ï¼š5æ¯«ç§’','0','','2024-09-05 22:48:30'),(2,'ç³»ç»Ÿé»˜è®¤ï¼ˆæ— å‚ï¼‰','DEFAULT','ryTask.ryNoParams','ç³»ç»Ÿé»˜è®¤ï¼ˆæ— å‚ï¼‰ æ€»å…±è€—æ—¶ï¼š117241æ¯«ç§’','0','','2024-09-07 13:12:51'),(3,'ç³»ç»Ÿé»˜è®¤ï¼ˆæ— å‚ï¼‰','DEFAULT','ryTask.ryNoParams','ç³»ç»Ÿé»˜è®¤ï¼ˆæ— å‚ï¼‰ æ€»å…±è€—æ—¶ï¼š2767æ¯«ç§’','0','','2024-09-07 13:13:38'),(4,'ç³»ç»Ÿé»˜è®¤ï¼ˆæ— å‚ï¼‰','DEFAULT','ryTask.ryNoParams','ç³»ç»Ÿé»˜è®¤ï¼ˆæ— å‚ï¼‰ æ€»å…±è€—æ—¶ï¼š2236æ¯«ç§’','0','','2024-09-07 13:13:42'),(5,'ç³»ç»Ÿé»˜è®¤ï¼ˆæ— å‚ï¼‰','DEFAULT','ryTask.ryNoParams','ç³»ç»Ÿé»˜è®¤ï¼ˆæ— å‚ï¼‰ æ€»å…±è€—æ—¶ï¼š0æ¯«ç§’','0','','2024-09-07 13:13:50'),(6,'ç³»ç»Ÿé»˜è®¤ï¼ˆæ— å‚ï¼‰','DEFAULT','ryTask.ryNoParams','ç³»ç»Ÿé»˜è®¤ï¼ˆæ— å‚ï¼‰ æ€»å…±è€—æ—¶ï¼š3æ¯«ç§’','0','','2024-09-07 13:17:00'),(7,'ç³»ç»Ÿé»˜è®¤ï¼ˆæ— å‚ï¼‰','DEFAULT','ryTask.ryNoParams','ç³»ç»Ÿé»˜è®¤ï¼ˆæ— å‚ï¼‰ æ€»å…±è€—æ—¶ï¼š0æ¯«ç§’','0','','2024-09-07 13:17:10'),(8,'ç³»ç»Ÿé»˜è®¤ï¼ˆæ— å‚ï¼‰','DEFAULT','ryTask.ryNoParams','ç³»ç»Ÿé»˜è®¤ï¼ˆæ— å‚ï¼‰ æ€»å…±è€—æ—¶ï¼š0æ¯«ç§’','0','','2024-09-07 13:17:20'),(9,'ç³»ç»Ÿé»˜è®¤ï¼ˆæ— å‚ï¼‰','DEFAULT','ryTask.ryNoParams','ç³»ç»Ÿé»˜è®¤ï¼ˆæ— å‚ï¼‰ æ€»å…±è€—æ—¶ï¼š0æ¯«ç§’','0','','2024-09-07 13:17:30'),(10,'ç³»ç»Ÿé»˜è®¤ï¼ˆæ— å‚ï¼‰','DEFAULT','ryTask.ryNoParams','ç³»ç»Ÿé»˜è®¤ï¼ˆæ— å‚ï¼‰ æ€»å…±è€—æ—¶ï¼š0æ¯«ç§’','0','','2024-09-07 13:17:40'),(11,'ç³»ç»Ÿé»˜è®¤ï¼ˆæ— å‚ï¼‰','DEFAULT','ryTask.ryNoParams','ç³»ç»Ÿé»˜è®¤ï¼ˆæ— å‚ï¼‰ æ€»å…±è€—æ—¶ï¼š1æ¯«ç§’','0','','2024-09-07 13:37:10'),(12,'ç³»ç»Ÿé»˜è®¤ï¼ˆæ— å‚ï¼‰','DEFAULT','ryTask.ryNoParams','ç³»ç»Ÿé»˜è®¤ï¼ˆæ— å‚ï¼‰ æ€»å…±è€—æ—¶ï¼š27æ¯«ç§’','0','','2024-09-07 16:30:00'),(13,'ç³»ç»Ÿé»˜è®¤ï¼ˆæ— å‚ï¼‰','DEFAULT','ryTask.ryNoParams','ç³»ç»Ÿé»˜è®¤ï¼ˆæ— å‚ï¼‰ æ€»å…±è€—æ—¶ï¼š0æ¯«ç§’','0','','2024-09-07 16:30:10'),(14,'ç³»ç»Ÿé»˜è®¤ï¼ˆæ— å‚ï¼‰','DEFAULT','ryTask.ryNoParams','ç³»ç»Ÿé»˜è®¤ï¼ˆæ— å‚ï¼‰ æ€»å…±è€—æ—¶ï¼š0æ¯«ç§’','0','','2024-09-07 16:30:20'),(15,'ç³»ç»Ÿé»˜è®¤ï¼ˆæ— å‚ï¼‰','DEFAULT','ryTask.ryNoParams','ç³»ç»Ÿé»˜è®¤ï¼ˆæ— å‚ï¼‰ æ€»å…±è€—æ—¶ï¼š0æ¯«ç§’','0','','2024-09-07 16:30:30'),(16,'ç³»ç»Ÿé»˜è®¤ï¼ˆæ— å‚ï¼‰','DEFAULT','ryTask.ryNoParams','ç³»ç»Ÿé»˜è®¤ï¼ˆæ— å‚ï¼‰ æ€»å…±è€—æ—¶ï¼š1æ¯«ç§’','0','','2024-09-07 16:30:40'),(17,'ç³»ç»Ÿé»˜è®¤ï¼ˆæ— å‚ï¼‰','DEFAULT','ryTask.ryNoParams','ç³»ç»Ÿé»˜è®¤ï¼ˆæ— å‚ï¼‰ æ€»å…±è€—æ—¶ï¼š0æ¯«ç§’','0','','2024-09-07 16:30:50'),(18,'ç³»ç»Ÿé»˜è®¤ï¼ˆæ— å‚ï¼‰','DEFAULT','ryTask.ryNoParams','ç³»ç»Ÿé»˜è®¤ï¼ˆæ— å‚ï¼‰ æ€»å…±è€—æ—¶ï¼š1æ¯«ç§’','0','','2024-09-07 16:31:00'),(19,'ç³»ç»Ÿé»˜è®¤ï¼ˆæ— å‚ï¼‰','DEFAULT','ryTask.ryNoParams','ç³»ç»Ÿé»˜è®¤ï¼ˆæ— å‚ï¼‰ æ€»å…±è€—æ—¶ï¼š0æ¯«ç§’','0','','2024-09-07 16:31:10'),(20,'ç³»ç»Ÿé»˜è®¤ï¼ˆæ— å‚ï¼‰','DEFAULT','ryTask.ryNoParams','ç³»ç»Ÿé»˜è®¤ï¼ˆæ— å‚ï¼‰ æ€»å…±è€—æ—¶ï¼š0æ¯«ç§’','0','','2024-09-07 16:31:20'),(21,'ç³»ç»Ÿé»˜è®¤ï¼ˆæ— å‚ï¼‰','DEFAULT','ryTask.ryNoParams','ç³»ç»Ÿé»˜è®¤ï¼ˆæ— å‚ï¼‰ æ€»å…±è€—æ—¶ï¼š0æ¯«ç§’','0','','2024-09-07 16:31:30'),(22,'ç³»ç»Ÿé»˜è®¤ï¼ˆæ— å‚ï¼‰','DEFAULT','ryTask.ryNoParams','ç³»ç»Ÿé»˜è®¤ï¼ˆæ— å‚ï¼‰ æ€»å…±è€—æ—¶ï¼š0æ¯«ç§’','0','','2024-09-07 16:31:40'),(23,'ç³»ç»Ÿé»˜è®¤ï¼ˆæ— å‚ï¼‰','DEFAULT','ryTask.ryNoParams','ç³»ç»Ÿé»˜è®¤ï¼ˆæ— å‚ï¼‰ æ€»å…±è€—æ—¶ï¼š0æ¯«ç§’','0','','2024-09-07 16:31:50'),(24,'ç³»ç»Ÿé»˜è®¤ï¼ˆæ— å‚ï¼‰','DEFAULT','ryTask.ryNoParams','ç³»ç»Ÿé»˜è®¤ï¼ˆæ— å‚ï¼‰ æ€»å…±è€—æ—¶ï¼š0æ¯«ç§’','0','','2024-09-07 16:32:00'),(25,'ç³»ç»Ÿé»˜è®¤ï¼ˆæ— å‚ï¼‰','DEFAULT','ryTask.ryNoParams','ç³»ç»Ÿé»˜è®¤ï¼ˆæ— å‚ï¼‰ æ€»å…±è€—æ—¶ï¼š0æ¯«ç§’','0','','2024-09-07 16:32:10'),(26,'ç³»ç»Ÿé»˜è®¤ï¼ˆæ— å‚ï¼‰','DEFAULT','ryTask.ryNoParams','ç³»ç»Ÿé»˜è®¤ï¼ˆæ— å‚ï¼‰ æ€»å…±è€—æ—¶ï¼š0æ¯«ç§’','0','','2024-09-07 16:32:20'),(27,'ç³»ç»Ÿé»˜è®¤ï¼ˆæ— å‚ï¼‰','DEFAULT','ryTask.ryNoParams','ç³»ç»Ÿé»˜è®¤ï¼ˆæ— å‚ï¼‰ æ€»å…±è€—æ—¶ï¼š2æ¯«ç§’','0','','2024-09-07 16:32:35'),(28,'ç³»ç»Ÿé»˜è®¤ï¼ˆæ— å‚ï¼‰','DEFAULT','ryTask.ryNoParams','ç³»ç»Ÿé»˜è®¤ï¼ˆæ— å‚ï¼‰ æ€»å…±è€—æ—¶ï¼š1æ¯«ç§’','0','','2024-09-07 16:32:40'),(29,'ç³»ç»Ÿé»˜è®¤ï¼ˆæ— å‚ï¼‰','DEFAULT','ryTask.ryNoParams','ç³»ç»Ÿé»˜è®¤ï¼ˆæ— å‚ï¼‰ æ€»å…±è€—æ—¶ï¼š0æ¯«ç§’','0','','2024-09-07 16:32:50'),(30,'ç³»ç»Ÿé»˜è®¤ï¼ˆæ— å‚ï¼‰','DEFAULT','ryTask.ryNoParams','ç³»ç»Ÿé»˜è®¤ï¼ˆæ— å‚ï¼‰ æ€»å…±è€—æ—¶ï¼š0æ¯«ç§’','0','','2024-09-07 16:33:00'),(31,'ç³»ç»Ÿé»˜è®¤ï¼ˆæ— å‚ï¼‰','DEFAULT','ryTask.ryNoParams','ç³»ç»Ÿé»˜è®¤ï¼ˆæ— å‚ï¼‰ æ€»å…±è€—æ—¶ï¼š0æ¯«ç§’','0','','2024-09-07 16:33:10'),(32,'ç³»ç»Ÿé»˜è®¤ï¼ˆæ— å‚ï¼‰','DEFAULT','ryTask.ryNoParams','ç³»ç»Ÿé»˜è®¤ï¼ˆæ— å‚ï¼‰ æ€»å…±è€—æ—¶ï¼š0æ¯«ç§’','0','','2024-09-07 16:33:20'),(33,'ç³»ç»Ÿé»˜è®¤ï¼ˆæ— å‚ï¼‰','DEFAULT','ryTask.ryNoParams','ç³»ç»Ÿé»˜è®¤ï¼ˆæ— å‚ï¼‰ æ€»å…±è€—æ—¶ï¼š1æ¯«ç§’','0','','2024-09-07 16:33:30'),(34,'ç³»ç»Ÿé»˜è®¤ï¼ˆæ— å‚ï¼‰','DEFAULT','ryTask.ryNoParams','ç³»ç»Ÿé»˜è®¤ï¼ˆæ— å‚ï¼‰ æ€»å…±è€—æ—¶ï¼š0æ¯«ç§’','0','','2024-09-07 16:33:40'),(35,'ç³»ç»Ÿé»˜è®¤ï¼ˆæ— å‚ï¼‰','DEFAULT','ryTask.ryNoParams','ç³»ç»Ÿé»˜è®¤ï¼ˆæ— å‚ï¼‰ æ€»å…±è€—æ—¶ï¼š0æ¯«ç§’','0','','2024-09-07 16:33:50');
/*!40000 ALTER TABLE `sys_job_log` ENABLE KEYS */;
UNLOCK TABLES;

--
-- Table structure for table `sys_logininfor`
--

DROP TABLE IF EXISTS `sys_logininfor`;
/*!40101 SET @saved_cs_client     = @@character_set_client */;
/*!50503 SET character_set_client = utf8mb4 */;
CREATE TABLE `sys_logininfor` (
  `info_id` bigint NOT NULL AUTO_INCREMENT COMMENT 'è®¿é—®ID',
  `user_name` varchar(50) DEFAULT '' COMMENT 'ç”¨æˆ·è´¦å·',
  `ipaddr` varchar(128) DEFAULT '' COMMENT 'ç™»å½•IPåœ°å€',
  `login_location` varchar(255) DEFAULT '' COMMENT 'ç™»å½•åœ°ç‚¹',
  `browser` varchar(50) DEFAULT '' COMMENT 'æµè§ˆå™¨ç±»å‹',
  `os` varchar(50) DEFAULT '' COMMENT 'æ“ä½œç³»ç»Ÿ',
  `status` char(1) DEFAULT '0' COMMENT 'ç™»å½•çŠ¶æ€ï¼ˆ0æˆåŠŸ 1å¤±è´¥ï¼‰',
  `msg` varchar(255) DEFAULT '' COMMENT 'æç¤ºæ¶ˆæ¯',
  `login_time` datetime DEFAULT NULL COMMENT 'è®¿é—®æ—¶é—´',
  `dept_id` bigint DEFAULT NULL COMMENT 'éƒ¨é—¨ID',
  `user_id` bigint DEFAULT NULL COMMENT 'ç”¨æˆ·ID',
  PRIMARY KEY (`info_id`),
  KEY `idx_sys_logininfor_s` (`status`),
  KEY `idx_sys_logininfor_lt` (`login_time`)
) ENGINE=InnoDB AUTO_INCREMENT=232 DEFAULT CHARSET=utf8mb4 COLLATE=utf8mb4_0900_ai_ci COMMENT='ç³»ç»Ÿè®¿é—®è®°å½•';
/*!40101 SET character_set_client = @saved_cs_client */;

--
-- Dumping data for table `sys_logininfor`
--

LOCK TABLES `sys_logininfor` WRITE;
/*!40000 ALTER TABLE `sys_logininfor` DISABLE KEYS */;
INSERT INTO `sys_logininfor` VALUES (206,'ry','127.0.0.1','å†…ç½‘IP','Chrome 12','Windows 10','0','é€€å‡ºæˆåŠŸ','2024-09-07 21:11:09',101,2),(207,'admin','127.0.0.1','å†…ç½‘IP','Chrome 12','Windows 10','1','éªŒè¯ç é”™è¯¯','2024-09-07 21:11:21',103,1),(208,'admin','127.0.0.1','å†…ç½‘IP','Chrome 12','Windows 10','1','ç”¨æˆ·ä¸å­˜åœ¨/å¯†ç é”™è¯¯','2024-09-07 21:11:38',103,1),(209,'hmpyy','127.0.0.1','å†…ç½‘IP','Chrome 12','Windows 10','1','éªŒè¯ç é”™è¯¯','2024-09-07 21:11:52',101,100),(210,'hmpyy','127.0.0.1','å†…ç½‘IP','Chrome 12','Windows 10','1','ç”¨æˆ·ä¸å­˜åœ¨/å¯†ç é”™è¯¯','2024-09-07 21:11:55',101,100),(211,'ry','127.0.0.1','å†…ç½‘IP','Chrome 12','Windows 10','1','éªŒè¯ç é”™è¯¯','2024-09-07 21:12:02',101,2),(212,'ry','127.0.0.1','å†…ç½‘IP','Chrome 12','Windows 10','1','ç”¨æˆ·ä¸å­˜åœ¨/å¯†ç é”™è¯¯','2024-09-07 21:12:05',101,2),(213,'admin','127.0.0.1','å†…ç½‘IP','Chrome 12','Windows 10','1','éªŒè¯ç é”™è¯¯','2024-09-07 21:12:30',103,1),(214,'admin','127.0.0.1','å†…ç½‘IP','Chrome 12','Windows 10','0','ç™»å½•æˆåŠŸ','2024-09-07 21:12:33',103,1),(215,'admin','127.0.0.1','å†…ç½‘IP','Chrome 12','Windows 10','0','é€€å‡ºæˆåŠŸ','2024-09-07 21:12:50',103,1),(216,'ry','127.0.0.1','å†…ç½‘IP','Chrome 12','Windows 10','0','ç™»å½•æˆåŠŸ','2024-09-07 21:12:55',101,2),(217,'ry','127.0.0.1','å†…ç½‘IP','Chrome 12','Windows 10','0','é€€å‡ºæˆåŠŸ','2024-09-07 21:14:26',101,2),(218,'hmpyy','127.0.0.1','å†…ç½‘IP','Chrome 12','Windows 10','0','ç™»å½•æˆåŠŸ','2024-09-07 21:14:36',101,100),(219,'admin','127.0.0.1','å†…ç½‘IP','Chrome 12','Windows 10','0','ç™»å½•æˆåŠŸ','2024-09-07 21:14:58',103,1),(220,'hmpyy','127.0.0.1','å†…ç½‘IP','Chrome 12','Windows 10','0','é€€å‡ºæˆåŠŸ','2024-09-07 21:15:26',101,100),(221,'hmpyy','127.0.0.1','å†…ç½‘IP','Chrome 12','Windows 10','0','ç™»å½•æˆåŠŸ','2024-09-07 21:15:29',101,100),(222,'admin','127.0.0.1','å†…ç½‘IP','Chrome 12','Windows 10','0','é€€å‡ºæˆåŠŸ','2024-09-07 21:16:20',103,1),(223,'ry','127.0.0.1','å†…ç½‘IP','Chrome 12','Windows 10','0','ç™»å½•æˆåŠŸ','2024-09-07 21:16:25',101,2),(224,'hmpyy','127.0.0.1','å†…ç½‘IP','Chrome 12','Windows 10','0','é€€å‡ºæˆåŠŸ','2024-09-07 21:16:37',101,100),(225,'hmpyy','127.0.0.1','å†…ç½‘IP','Chrome 12','Windows 10','0','ç™»å½•æˆåŠŸ','2024-09-07 21:16:40',101,100),(226,'ry','127.0.0.1','å†…ç½‘IP','Chrome 12','Windows 10','0','é€€å‡ºæˆåŠŸ','2024-09-07 21:16:53',101,2),(227,'admin','127.0.0.1','å†…ç½‘IP','Chrome 12','Windows 10','0','ç™»å½•æˆåŠŸ','2024-09-07 21:16:58',103,1),(228,'hmpyy','127.0.0.1','å†…ç½‘IP','Chrome 12','Windows 10','0','é€€å‡ºæˆåŠŸ','2024-09-07 21:22:32',101,100),(229,'hmpyy','127.0.0.1','å†…ç½‘IP','Chrome 12','Windows 10','0','ç™»å½•æˆåŠŸ','2024-09-07 21:22:34',101,100),(230,'hmpyy','127.0.0.1','å†…ç½‘IP','Chrome 12','Windows 10','0','é€€å‡ºæˆåŠŸ','2024-09-07 21:22:59',101,100),(231,'hmpyy','127.0.0.1','å†…ç½‘IP','Chrome 12','Windows 10','0','ç™»å½•æˆåŠŸ','2024-09-07 21:23:18',101,100);
/*!40000 ALTER TABLE `sys_logininfor` ENABLE KEYS */;
UNLOCK TABLES;

--
-- Table structure for table `sys_menu`
--

DROP TABLE IF EXISTS `sys_menu`;
/*!40101 SET @saved_cs_client     = @@character_set_client */;
/*!50503 SET character_set_client = utf8mb4 */;
CREATE TABLE `sys_menu` (
  `menu_id` bigint NOT NULL AUTO_INCREMENT COMMENT 'èœå•ID',
  `menu_name` varchar(50) NOT NULL COMMENT 'èœå•åç§°',
  `parent_id` bigint DEFAULT '0' COMMENT 'çˆ¶èœå•ID',
  `order_num` int DEFAULT '0' COMMENT 'æ˜¾ç¤ºé¡ºåº',
  `path` varchar(200) DEFAULT '' COMMENT 'è·¯ç”±åœ°å€',
  `component` varchar(255) DEFAULT NULL COMMENT 'ç»„ä»¶è·¯å¾„',
  `query` varchar(255) DEFAULT NULL COMMENT 'è·¯ç”±å‚æ•°',
  `is_frame` int DEFAULT '1' COMMENT 'æ˜¯å¦ä¸ºå¤–é“¾ï¼ˆ0æ˜¯ 1å¦ï¼‰',
  `is_cache` int DEFAULT '0' COMMENT 'æ˜¯å¦ç¼“å­˜ï¼ˆ0ç¼“å­˜ 1ä¸ç¼“å­˜ï¼‰',
  `menu_type` char(1) DEFAULT '' COMMENT 'èœå•ç±»å‹ï¼ˆMç›®å½• Cèœå• FæŒ‰é’®ï¼‰',
  `visible` char(1) DEFAULT '0' COMMENT 'èœå•çŠ¶æ€ï¼ˆ0æ˜¾ç¤º 1éšè—ï¼‰',
  `status` char(1) DEFAULT '0' COMMENT 'èœå•çŠ¶æ€ï¼ˆ0æ­£å¸¸ 1åœç”¨ï¼‰',
  `perms` varchar(100) DEFAULT NULL COMMENT 'æƒé™æ ‡è¯†',
  `icon` varchar(100) DEFAULT '#' COMMENT 'èœå•å›¾æ ‡',
  `create_by` varchar(64) DEFAULT '' COMMENT 'åˆ›å»ºè€…',
  `create_time` datetime DEFAULT NULL COMMENT 'åˆ›å»ºæ—¶é—´',
  `update_by` varchar(64) DEFAULT '' COMMENT 'æ›´æ–°è€…',
  `update_time` datetime DEFAULT NULL COMMENT 'æ›´æ–°æ—¶é—´',
  `remark` varchar(500) DEFAULT '' COMMENT 'å¤‡æ³¨',
  PRIMARY KEY (`menu_id`)
) ENGINE=InnoDB AUTO_INCREMENT=2070 DEFAULT CHARSET=utf8mb4 COLLATE=utf8mb4_0900_ai_ci COMMENT='èœå•æƒé™è¡¨';
/*!40101 SET character_set_client = @saved_cs_client */;

--
-- Dumping data for table `sys_menu`
--

LOCK TABLES `sys_menu` WRITE;
/*!40000 ALTER TABLE `sys_menu` DISABLE KEYS */;
INSERT INTO `sys_menu` VALUES (1,'ç³»ç»Ÿç®¡ç†',0,11,'system',NULL,'',1,0,'M','0','0','','system','admin','2024-08-28 23:21:43','',NULL,'ç³»ç»Ÿç®¡ç†ç›®å½•'),(2,'ç³»ç»Ÿç›‘æ§',0,12,'monitor',NULL,'',1,0,'M','0','0','','monitor','admin','2024-08-28 23:21:43','',NULL,'ç³»ç»Ÿç›‘æ§ç›®å½•'),(3,'ç³»ç»Ÿå·¥å…·',0,13,'tool',NULL,'',1,0,'M','0','0','','tool','admin','2024-08-28 23:21:43','',NULL,'ç³»ç»Ÿå·¥å…·ç›®å½•'),(4,'è‹¥ä¾å®˜ç½‘',0,14,'http://ruoyi.vip',NULL,'',0,0,'M','0','0','','guide','admin','2024-08-28 23:21:43','',NULL,'è‹¥ä¾å®˜ç½‘åœ°å€'),(100,'ç”¨æˆ·ç®¡ç†',1,1,'user','system/user/index','',1,0,'C','0','0','system:user:list','user','admin','2024-08-28 23:21:43','',NULL,'ç”¨æˆ·ç®¡ç†èœå•'),(101,'è§’è‰²ç®¡ç†',1,2,'role','system/role/index','',1,0,'C','0','0','system:role:list','peoples','admin','2024-08-28 23:21:43','',NULL,'è§’è‰²ç®¡ç†èœå•'),(102,'èœå•ç®¡ç†',1,3,'menu','system/menu/index','',1,0,'C','0','0','system:menu:list','tree-table','admin','2024-08-28 23:21:43','',NULL,'èœå•ç®¡ç†èœå•'),(103,'éƒ¨é—¨ç®¡ç†',1,4,'dept','system/dept/index','',1,0,'C','0','0','system:dept:list','tree','admin','2024-08-28 23:21:43','',NULL,'éƒ¨é—¨ç®¡ç†èœå•'),(104,'å²—ä½ç®¡ç†',1,5,'post','system/post/index','',1,0,'C','0','0','system:post:list','post','admin','2024-08-28 23:21:44','',NULL,'å²—ä½ç®¡ç†èœå•'),(105,'å­—å…¸ç®¡ç†',1,6,'dict','system/dict/index','',1,0,'C','0','0','system:dict:list','dict','admin','2024-08-28 23:21:44','',NULL,'å­—å…¸ç®¡ç†èœå•'),(106,'å‚æ•°è®¾ç½®',1,7,'config','system/config/index','',1,0,'C','0','0','system:config:list','edit','admin','2024-08-28 23:21:44','',NULL,'å‚æ•°è®¾ç½®èœå•'),(107,'é€šçŸ¥å…¬å‘Š',1,8,'notice','system/notice/index','',1,0,'C','0','0','system:notice:list','message','admin','2024-08-28 23:21:44','',NULL,'é€šçŸ¥å…¬å‘Šèœå•'),(108,'æ—¥å¿—ç®¡ç†',1,9,'log','','',1,0,'M','0','0','','log','admin','2024-08-28 23:21:44','',NULL,'æ—¥å¿—ç®¡ç†èœå•'),(109,'åœ¨çº¿ç”¨æˆ·',2,1,'online','monitor/online/index','',1,0,'C','0','0','monitor:online:list','online','admin','2024-08-28 23:21:44','',NULL,'åœ¨çº¿ç”¨æˆ·èœå•'),(110,'å®šæ—¶ä»»åŠ¡',2,2,'job','monitor/job/index','',1,0,'C','0','0','monitor:job:list','job','admin','2024-08-28 23:21:44','',NULL,'å®šæ—¶ä»»åŠ¡èœå•'),(111,'æ•°æ®ç›‘æ§',2,3,'druid','monitor/druid/index','',1,0,'C','0','0','monitor:druid:list','druid','admin','2024-08-28 23:21:44','',NULL,'æ•°æ®ç›‘æ§èœå•'),(112,'æœåŠ¡ç›‘æ§',2,4,'server','monitor/server/index','',1,0,'C','0','0','monitor:server:list','server','admin','2024-08-28 23:21:44','',NULL,'æœåŠ¡ç›‘æ§èœå•'),(113,'ç¼“å­˜ç›‘æ§',2,5,'cache','monitor/cache/index','',1,0,'C','0','0','monitor:cache:list','redis','admin','2024-08-28 23:21:44','',NULL,'ç¼“å­˜ç›‘æ§èœå•'),(114,'ç¼“å­˜åˆ—è¡¨',2,6,'cacheList','monitor/cache/list','',1,0,'C','0','0','monitor:cache:list','redis-list','admin','2024-08-28 23:21:44','',NULL,'ç¼“å­˜åˆ—è¡¨èœå•'),(115,'è¡¨å•æ„å»º',3,1,'build','tool/build/index','',1,0,'C','0','0','tool:build:list','build','admin','2024-08-28 23:21:44','',NULL,'è¡¨å•æ„å»ºèœå•'),(116,'ä»£ç ç”Ÿæˆ',3,2,'gen','tool/gen/index','',1,0,'C','0','0','tool:gen:list','code','admin','2024-08-28 23:21:44','',NULL,'ä»£ç ç”Ÿæˆèœå•'),(117,'ç³»ç»Ÿæ¥å£',3,3,'swagger','tool/swagger/index','',1,0,'C','0','0','tool:swagger:list','swagger','admin','2024-08-28 23:21:44','',NULL,'ç³»ç»Ÿæ¥å£èœå•'),(500,'æ“ä½œæ—¥å¿—',108,1,'operlog','monitor/operlog/index','',1,0,'C','0','0','monitor:operlog:list','form','admin','2024-08-28 23:21:44','',NULL,'æ“ä½œæ—¥å¿—èœå•'),(501,'ç™»å½•æ—¥å¿—',108,2,'logininfor','monitor/logininfor/index','',1,0,'C','0','0','monitor:logininfor:list','logininfor','admin','2024-08-28 23:21:44','',NULL,'ç™»å½•æ—¥å¿—èœå•'),(1000,'ç”¨æˆ·æŸ¥è¯¢',100,1,'','','',1,0,'F','0','0','system:user:query','#','admin','2024-08-28 23:21:44','',NULL,''),(1001,'ç”¨æˆ·æ–°å¢',100,2,'','','',1,0,'F','0','0','system:user:add','#','admin','2024-08-28 23:21:44','',NULL,''),(1002,'ç”¨æˆ·ä¿®æ”¹',100,3,'','','',1,0,'F','0','0','system:user:edit','#','admin','2024-08-28 23:21:45','',NULL,''),(1003,'ç”¨æˆ·åˆ é™¤',100,4,'','','',1,0,'F','0','0','system:user:remove','#','admin','2024-08-28 23:21:45','',NULL,''),(1004,'ç”¨æˆ·å¯¼å‡º',100,5,'','','',1,0,'F','0','0','system:user:export','#','admin','2024-08-28 23:21:45','',NULL,''),(1005,'ç”¨æˆ·å¯¼å…¥',100,6,'','','',1,0,'F','0','0','system:user:import','#','admin','2024-08-28 23:21:45','',NULL,''),(1006,'é‡ç½®å¯†ç ',100,7,'','','',1,0,'F','0','0','system:user:resetPwd','#','admin','2024-08-28 23:21:45','',NULL,''),(1007,'è§’è‰²æŸ¥è¯¢',101,1,'','','',1,0,'F','0','0','system:role:query','#','admin','2024-08-28 23:21:45','',NULL,''),(1008,'è§’è‰²æ–°å¢',101,2,'','','',1,0,'F','0','0','system:role:add','#','admin','2024-08-28 23:21:45','',NULL,''),(1009,'è§’è‰²ä¿®æ”¹',101,3,'','','',1,0,'F','0','0','system:role:edit','#','admin','2024-08-28 23:21:45','',NULL,''),(1010,'è§’è‰²åˆ é™¤',101,4,'','','',1,0,'F','0','0','system:role:remove','#','admin','2024-08-28 23:21:45','',NULL,''),(1011,'è§’è‰²å¯¼å‡º',101,5,'','','',1,0,'F','0','0','system:role:export','#','admin','2024-08-28 23:21:45','',NULL,''),(1012,'èœå•æŸ¥è¯¢',102,1,'','','',1,0,'F','0','0','system:menu:query','#','admin','2024-08-28 23:21:45','',NULL,''),(1013,'èœå•æ–°å¢',102,2,'','','',1,0,'F','0','0','system:menu:add','#','admin','2024-08-28 23:21:45','',NULL,''),(1014,'èœå•ä¿®æ”¹',102,3,'','','',1,0,'F','0','0','system:menu:edit','#','admin','2024-08-28 23:21:45','',NULL,''),(1015,'èœå•åˆ é™¤',102,4,'','','',1,0,'F','0','0','system:menu:remove','#','admin','2024-08-28 23:21:45','',NULL,''),(1016,'éƒ¨é—¨æŸ¥è¯¢',103,1,'','','',1,0,'F','0','0','system:dept:query','#','admin','2024-08-28 23:21:45','',NULL,''),(1017,'éƒ¨é—¨æ–°å¢',103,2,'','','',1,0,'F','0','0','system:dept:add','#','admin','2024-08-28 23:21:45','',NULL,''),(1018,'éƒ¨é—¨ä¿®æ”¹',103,3,'','','',1,0,'F','0','0','system:dept:edit','#','admin','2024-08-28 23:21:46','',NULL,''),(1019,'éƒ¨é—¨åˆ é™¤',103,4,'','','',1,0,'F','0','0','system:dept:remove','#','admin','2024-08-28 23:21:46','',NULL,''),(1020,'å²—ä½æŸ¥è¯¢',104,1,'','','',1,0,'F','0','0','system:post:query','#','admin','2024-08-28 23:21:46','',NULL,''),(1021,'å²—ä½æ–°å¢',104,2,'','','',1,0,'F','0','0','system:post:add','#','admin','2024-08-28 23:21:46','',NULL,''),(1022,'å²—ä½ä¿®æ”¹',104,3,'','','',1,0,'F','0','0','system:post:edit','#','admin','2024-08-28 23:21:46','',NULL,''),(1023,'å²—ä½åˆ é™¤',104,4,'','','',1,0,'F','0','0','system:post:remove','#','admin','2024-08-28 23:21:46','',NULL,''),(1024,'å²—ä½å¯¼å‡º',104,5,'','','',1,0,'F','0','0','system:post:export','#','admin','2024-08-28 23:21:46','',NULL,''),(1025,'å­—å…¸æŸ¥è¯¢',105,1,'#','','',1,0,'F','0','0','system:dict:query','#','admin','2024-08-28 23:21:46','',NULL,''),(1026,'å­—å…¸æ–°å¢',105,2,'#','','',1,0,'F','0','0','system:dict:add','#','admin','2024-08-28 23:21:46','',NULL,''),(1027,'å­—å…¸ä¿®æ”¹',105,3,'#','','',1,0,'F','0','0','system:dict:edit','#','admin','2024-08-28 23:21:46','',NULL,''),(1028,'å­—å…¸åˆ é™¤',105,4,'#','','',1,0,'F','0','0','system:dict:remove','#','admin','2024-08-28 23:21:46','',NULL,''),(1029,'å­—å…¸å¯¼å‡º',105,5,'#','','',1,0,'F','0','0','system:dict:export','#','admin','2024-08-28 23:21:46','',NULL,''),(1030,'å‚æ•°æŸ¥è¯¢',106,1,'#','','',1,0,'F','0','0','system:config:query','#','admin','2024-08-28 23:21:46','',NULL,''),(1031,'å‚æ•°æ–°å¢',106,2,'#','','',1,0,'F','0','0','system:config:add','#','admin','2024-08-28 23:21:46','',NULL,''),(1032,'å‚æ•°ä¿®æ”¹',106,3,'#','','',1,0,'F','0','0','system:config:edit','#','admin','2024-08-28 23:21:46','',NULL,''),(1033,'å‚æ•°åˆ é™¤',106,4,'#','','',1,0,'F','0','0','system:config:remove','#','admin','2024-08-28 23:21:46','',NULL,''),(1034,'å‚æ•°å¯¼å‡º',106,5,'#','','',1,0,'F','0','0','system:config:export','#','admin','2024-08-28 23:21:47','',NULL,''),(1035,'å…¬å‘ŠæŸ¥è¯¢',107,1,'#','','',1,0,'F','0','0','system:notice:query','#','admin','2024-08-28 23:21:47','',NULL,''),(1036,'å…¬å‘Šæ–°å¢',107,2,'#','','',1,0,'F','0','0','system:notice:add','#','admin','2024-08-28 23:21:47','',NULL,''),(1037,'å…¬å‘Šä¿®æ”¹',107,3,'#','','',1,0,'F','0','0','system:notice:edit','#','admin','2024-08-28 23:21:47','',NULL,''),(1038,'å…¬å‘Šåˆ é™¤',107,4,'#','','',1,0,'F','0','0','system:notice:remove','#','admin','2024-08-28 23:21:47','',NULL,''),(1039,'æ“ä½œæŸ¥è¯¢',500,1,'#','','',1,0,'F','0','0','monitor:operlog:query','#','admin','2024-08-28 23:21:47','',NULL,''),(1040,'æ“ä½œåˆ é™¤',500,2,'#','','',1,0,'F','0','0','monitor:operlog:remove','#','admin','2024-08-28 23:21:47','',NULL,''),(1041,'æ—¥å¿—å¯¼å‡º',500,3,'#','','',1,0,'F','0','0','monitor:operlog:export','#','admin','2024-08-28 23:21:47','',NULL,''),(1042,'ç™»å½•æŸ¥è¯¢',501,1,'#','','',1,0,'F','0','0','monitor:logininfor:query','#','admin','2024-08-28 23:21:47','',NULL,''),(1043,'ç™»å½•åˆ é™¤',501,2,'#','','',1,0,'F','0','0','monitor:logininfor:remove','#','admin','2024-08-28 23:21:47','',NULL,''),(1044,'æ—¥å¿—å¯¼å‡º',501,3,'#','','',1,0,'F','0','0','monitor:logininfor:export','#','admin','2024-08-28 23:21:47','',NULL,''),(1045,'è´¦æˆ·è§£é”',501,4,'#','','',1,0,'F','0','0','monitor:logininfor:unlock','#','admin','2024-08-28 23:21:47','',NULL,''),(1046,'åœ¨çº¿æŸ¥è¯¢',109,1,'#','','',1,0,'F','0','0','monitor:online:query','#','admin','2024-08-28 23:21:47','',NULL,''),(1047,'æ‰¹é‡å¼ºé€€',109,2,'#','','',1,0,'F','0','0','monitor:online:batchLogout','#','admin','2024-08-28 23:21:47','',NULL,''),(1048,'å•æ¡å¼ºé€€',109,3,'#','','',1,0,'F','0','0','monitor:online:forceLogout','#','admin','2024-08-28 23:21:47','',NULL,''),(1049,'ä»»åŠ¡æŸ¥è¯¢',110,1,'#','','',1,0,'F','0','0','monitor:job:query','#','admin','2024-08-28 23:21:47','',NULL,''),(1050,'ä»»åŠ¡æ–°å¢',110,2,'#','','',1,0,'F','0','0','monitor:job:add','#','admin','2024-08-28 23:21:47','',NULL,''),(1051,'ä»»åŠ¡ä¿®æ”¹',110,3,'#','','',1,0,'F','0','0','monitor:job:edit','#','admin','2024-08-28 23:21:47','',NULL,''),(1052,'ä»»åŠ¡åˆ é™¤',110,4,'#','','',1,0,'F','0','0','monitor:job:remove','#','admin','2024-08-28 23:21:47','',NULL,''),(1053,'çŠ¶æ€ä¿®æ”¹',110,5,'#','','',1,0,'F','0','0','monitor:job:changeStatus','#','admin','2024-08-28 23:21:48','',NULL,''),(1054,'ä»»åŠ¡å¯¼å‡º',110,6,'#','','',1,0,'F','0','0','monitor:job:export','#','admin','2024-08-28 23:21:48','',NULL,''),(1055,'ç”ŸæˆæŸ¥è¯¢',116,1,'#','','',1,0,'F','0','0','tool:gen:query','#','admin','2024-08-28 23:21:48','',NULL,''),(1056,'ç”Ÿæˆä¿®æ”¹',116,2,'#','','',1,0,'F','0','0','tool:gen:edit','#','admin','2024-08-28 23:21:48','',NULL,''),(1057,'ç”Ÿæˆåˆ é™¤',116,3,'#','','',1,0,'F','0','0','tool:gen:remove','#','admin','2024-08-28 23:21:48','',NULL,''),(1058,'å¯¼å…¥ä»£ç ',116,4,'#','','',1,0,'F','0','0','tool:gen:import','#','admin','2024-08-28 23:21:48','',NULL,''),(1059,'é¢„è§ˆä»£ç ',116,5,'#','','',1,0,'F','0','0','tool:gen:preview','#','admin','2024-08-28 23:21:48','',NULL,''),(1060,'ç”Ÿæˆä»£ç ',116,6,'#','','',1,0,'F','0','0','tool:gen:code','#','admin','2024-08-28 23:21:48','',NULL,''),(2000,'ç‚¹ä½ç®¡ç†',0,2,'node',NULL,NULL,1,0,'M','0','0',NULL,'ç‚¹ä½ç®¡ç†','admin','2024-08-29 17:18:15','',NULL,''),(2001,'ç‚¹ä½ç®¡ç†',2000,2,'node','manage/node/index',NULL,1,0,'C','0','0','manage:node:list','å­ç‚¹ä½ç®¡ç†','admin','2024-08-29 17:37:30','admin','2024-08-30 13:58:58','ç‚¹ä½ç®¡ç†èœå•'),(2002,'ç‚¹ä½ç®¡ç†æŸ¥è¯¢',2001,1,'#','',NULL,1,0,'F','0','0','manage:node:query','#','admin','2024-08-29 17:37:30','',NULL,''),(2003,'ç‚¹ä½ç®¡ç†æ–°å¢',2001,2,'#','',NULL,1,0,'F','0','0','manage:node:add','#','admin','2024-08-29 17:37:30','',NULL,''),(2004,'ç‚¹ä½ç®¡ç†ä¿®æ”¹',2001,3,'#','',NULL,1,0,'F','0','0','manage:node:edit','#','admin','2024-08-29 17:37:30','',NULL,''),(2005,'ç‚¹ä½ç®¡ç†åˆ é™¤',2001,4,'#','',NULL,1,0,'F','0','0','manage:node:remove','#','admin','2024-08-29 17:37:30','',NULL,''),(2006,'ç‚¹ä½ç®¡ç†å¯¼å‡º',2001,5,'#','',NULL,1,0,'F','0','0','manage:node:export','#','admin','2024-08-29 17:37:30','',NULL,''),(2007,'åˆä½œå•†ç®¡ç†',2000,3,'partner','manage/partner/index',NULL,1,0,'C','0','0','manage:partner:list','åˆä½œå•†ç®¡ç†','admin','2024-08-29 17:37:30','admin','2024-08-30 13:55:45','åˆä½œå•†ç®¡ç†èœå•'),(2008,'åˆä½œå•†ç®¡ç†æŸ¥è¯¢',2007,1,'#','',NULL,1,0,'F','0','0','manage:partner:query','#','admin','2024-08-29 17:37:30','',NULL,''),(2009,'åˆä½œå•†ç®¡ç†æ–°å¢',2007,2,'#','',NULL,1,0,'F','0','0','manage:partner:add','#','admin','2024-08-29 17:37:30','',NULL,''),(2010,'åˆä½œå•†ç®¡ç†ä¿®æ”¹',2007,3,'#','',NULL,1,0,'F','0','0','manage:partner:edit','#','admin','2024-08-29 17:37:30','',NULL,''),(2011,'åˆä½œå•†ç®¡ç†åˆ é™¤',2007,4,'#','',NULL,1,0,'F','0','0','manage:partner:remove','#','admin','2024-08-29 17:37:30','',NULL,''),(2012,'åˆä½œå•†ç®¡ç†å¯¼å‡º',2007,5,'#','',NULL,1,0,'F','0','0','manage:partner:export','#','admin','2024-08-29 17:37:30','',NULL,''),(2013,'åŒºåŸŸç®¡ç†',2000,1,'region','manage/region/index',NULL,1,0,'C','0','0','manage:region:list','åŒºåŸŸç®¡ç†','admin','2024-08-29 17:37:31','admin','2024-08-30 13:53:29','åŒºåŸŸç®¡ç†èœå•'),(2014,'åŒºåŸŸç®¡ç†æŸ¥è¯¢',2013,1,'#','',NULL,1,0,'F','0','0','manage:region:query','#','admin','2024-08-29 17:37:31','',NULL,''),(2015,'åŒºåŸŸç®¡ç†æ–°å¢',2013,2,'#','',NULL,1,0,'F','0','0','manage:region:add','#','admin','2024-08-29 17:37:31','',NULL,''),(2016,'åŒºåŸŸç®¡ç†ä¿®æ”¹',2013,3,'#','',NULL,1,0,'F','0','0','manage:region:edit','#','admin','2024-08-29 17:37:31','',NULL,''),(2017,'åŒºåŸŸç®¡ç†åˆ é™¤',2013,4,'#','',NULL,1,0,'F','0','0','manage:region:remove','#','admin','2024-08-29 17:37:31','',NULL,''),(2018,'åŒºåŸŸç®¡ç†å¯¼å‡º',2013,5,'#','',NULL,1,0,'F','0','0','manage:region:export','#','admin','2024-08-29 17:37:31','',NULL,''),(2019,'äººå‘˜ç®¡ç†',0,4,'emp',NULL,NULL,1,0,'M','0','0',NULL,'peoples','admin','2024-08-30 17:29:28','',NULL,''),(2020,'äººå‘˜åˆ—è¡¨',2019,1,'emp','manage/emp/index',NULL,1,0,'C','0','0','manage:emp:list','äººå‘˜åˆ—è¡¨','admin','2024-08-30 17:40:38','admin','2024-08-30 17:57:23','äººå‘˜åˆ—è¡¨èœå•'),(2021,'äººå‘˜åˆ—è¡¨æŸ¥è¯¢',2020,1,'#','',NULL,1,0,'F','0','0','manage:emp:query','#','admin','2024-08-30 17:40:38','',NULL,''),(2022,'äººå‘˜åˆ—è¡¨æ–°å¢',2020,2,'#','',NULL,1,0,'F','0','0','manage:emp:add','#','admin','2024-08-30 17:40:38','',NULL,''),(2023,'äººå‘˜åˆ—è¡¨ä¿®æ”¹',2020,3,'#','',NULL,1,0,'F','0','0','manage:emp:edit','#','admin','2024-08-30 17:40:38','',NULL,''),(2024,'äººå‘˜åˆ—è¡¨åˆ é™¤',2020,4,'#','',NULL,1,0,'F','0','0','manage:emp:remove','#','admin','2024-08-30 17:40:39','',NULL,''),(2025,'äººå‘˜åˆ—è¡¨å¯¼å‡º',2020,5,'#','',NULL,1,0,'F','0','0','manage:emp:export','#','admin','2024-08-30 17:40:39','',NULL,''),(2026,'è®¾å¤‡ç®¡ç†',0,3,'vm',NULL,NULL,1,0,'M','0','0',NULL,'è®¾å¤‡ç®¡ç†','admin','2024-08-30 21:17:53','',NULL,''),(2027,'è®¾å¤‡ç®¡ç†',2026,1,'vm','manage/vm/index',NULL,1,0,'C','0','0','manage:vm:list','å­è®¾å¤‡ç®¡ç†','admin','2024-08-30 21:35:06','admin','2024-08-30 21:43:33','è®¾å¤‡ç®¡ç†èœå•'),(2028,'è®¾å¤‡ç®¡ç†æŸ¥è¯¢',2027,1,'#','',NULL,1,0,'F','0','0','manage:vm:query','#','admin','2024-08-30 21:35:06','',NULL,''),(2029,'è®¾å¤‡ç®¡ç†æ–°å¢',2027,2,'#','',NULL,1,0,'F','0','0','manage:vm:add','#','admin','2024-08-30 21:35:06','',NULL,''),(2030,'è®¾å¤‡ç®¡ç†ä¿®æ”¹',2027,3,'#','',NULL,1,0,'F','0','0','manage:vm:edit','#','admin','2024-08-30 21:35:06','',NULL,''),(2031,'è®¾å¤‡ç®¡ç†åˆ é™¤',2027,4,'#','',NULL,1,0,'F','0','0','manage:vm:remove','#','admin','2024-08-30 21:35:06','',NULL,''),(2032,'è®¾å¤‡ç®¡ç†å¯¼å‡º',2027,5,'#','',NULL,1,0,'F','0','0','manage:vm:export','#','admin','2024-08-30 21:35:06','',NULL,''),(2033,'è®¾å¤‡ç±»å‹ç®¡ç†',2026,3,'vmType','manage/vmType/index',NULL,1,0,'C','0','0','manage:vmType:list','è®¾å¤‡ç±»å‹ç®¡ç†','admin','2024-08-30 21:35:06','admin','2024-08-30 21:43:41','è®¾å¤‡ç±»å‹ç®¡ç†èœå•'),(2034,'è®¾å¤‡ç±»å‹ç®¡ç†æŸ¥è¯¢',2033,1,'#','',NULL,1,0,'F','0','0','manage:vmType:query','#','admin','2024-08-30 21:35:06','',NULL,''),(2035,'è®¾å¤‡ç±»å‹ç®¡ç†æ–°å¢',2033,2,'#','',NULL,1,0,'F','0','0','manage:vmType:add','#','admin','2024-08-30 21:35:06','',NULL,''),(2036,'è®¾å¤‡ç±»å‹ç®¡ç†ä¿®æ”¹',2033,3,'#','',NULL,1,0,'F','0','0','manage:vmType:edit','#','admin','2024-08-30 21:35:06','',NULL,''),(2037,'è®¾å¤‡ç±»å‹ç®¡ç†åˆ é™¤',2033,4,'#','',NULL,1,0,'F','0','0','manage:vmType:remove','#','admin','2024-08-30 21:35:07','',NULL,''),(2038,'è®¾å¤‡ç±»å‹ç®¡ç†å¯¼å‡º',2033,5,'#','',NULL,1,0,'F','0','0','manage:vmType:export','#','admin','2024-08-30 21:35:07','',NULL,''),(2039,'è®¾å¤‡çŠ¶æ€',2026,2,'vmStatus','manage/vmStatus/index',NULL,1,0,'C','0','0','manage:vm:list','è®¾å¤‡çŠ¶æ€','admin','2024-08-31 17:22:22','admin','2024-08-31 17:24:38',''),(2040,'ç­–ç•¥ç®¡ç†',0,7,'policy',NULL,NULL,1,0,'M','0','0',NULL,'ç­–ç•¥ç®¡ç†','admin','2024-09-01 00:45:37','',NULL,''),(2041,'ç­–ç•¥ç®¡ç†',2040,1,'policy','manage/policy/index',NULL,1,0,'C','0','0','manage:policy:list','å­ç­–ç•¥ç®¡ç†','admin','2024-09-01 00:49:10','admin','2024-09-01 00:51:28','ç­–ç•¥ç®¡ç†èœå•'),(2042,'ç­–ç•¥ç®¡ç†æŸ¥è¯¢',2041,1,'#','',NULL,1,0,'F','0','0','manage:policy:query','#','admin','2024-09-01 00:49:10','',NULL,''),(2043,'ç­–ç•¥ç®¡ç†æ–°å¢',2041,2,'#','',NULL,1,0,'F','0','0','manage:policy:add','#','admin','2024-09-01 00:49:10','',NULL,''),(2044,'ç­–ç•¥ç®¡ç†ä¿®æ”¹',2041,3,'#','',NULL,1,0,'F','0','0','manage:policy:edit','#','admin','2024-09-01 00:49:10','',NULL,''),(2045,'ç­–ç•¥ç®¡ç†åˆ é™¤',2041,4,'#','',NULL,1,0,'F','0','0','manage:policy:remove','#','admin','2024-09-01 00:49:11','',NULL,''),(2046,'ç­–ç•¥ç®¡ç†å¯¼å‡º',2041,5,'#','',NULL,1,0,'F','0','0','manage:policy:export','#','admin','2024-09-01 00:49:11','',NULL,''),(2047,'å•†å“ç®¡ç†',0,5,'sku',NULL,NULL,1,0,'M','0','0',NULL,'å•†å“ç®¡ç†','admin','2024-09-01 12:28:36','',NULL,''),(2048,'å•†å“ç±»å‹',2047,1,'skuClass','manage/skuClass/index',NULL,1,0,'C','0','0','manage:skuClass:list','å•†å“ç±»å‹','admin','2024-09-01 13:24:58','admin','2024-09-01 13:28:15','å•†å“ç±»å‹èœå•'),(2049,'å•†å“ç±»å‹æŸ¥è¯¢',2048,1,'#','',NULL,1,0,'F','0','0','manage:skuClass:query','#','admin','2024-09-01 13:24:58','',NULL,''),(2050,'å•†å“ç±»å‹æ–°å¢',2048,2,'#','',NULL,1,0,'F','0','0','manage:skuClass:add','#','admin','2024-09-01 13:24:58','',NULL,''),(2051,'å•†å“ç±»å‹ä¿®æ”¹',2048,3,'#','',NULL,1,0,'F','0','0','manage:skuClass:edit','#','admin','2024-09-01 13:24:59','',NULL,''),(2052,'å•†å“ç±»å‹åˆ é™¤',2048,4,'#','',NULL,1,0,'F','0','0','manage:skuClass:remove','#','admin','2024-09-01 13:24:59','',NULL,''),(2053,'å•†å“ç±»å‹å¯¼å‡º',2048,5,'#','',NULL,1,0,'F','0','0','manage:skuClass:export','#','admin','2024-09-01 13:24:59','',NULL,''),(2054,'å•†å“ç®¡ç†',2047,1,'sku','manage/sku/index',NULL,1,0,'C','0','0','manage:sku:list','å­å•†å“ç®¡ç†','admin','2024-09-01 13:24:59','admin','2024-09-01 13:45:07','å•†å“ç®¡ç†èœå•'),(2055,'å•†å“ç®¡ç†æŸ¥è¯¢',2054,1,'#','',NULL,1,0,'F','0','0','manage:sku:query','#','admin','2024-09-01 13:24:59','',NULL,''),(2056,'å•†å“ç®¡ç†æ–°å¢',2054,2,'#','',NULL,1,0,'F','0','0','manage:sku:add','#','admin','2024-09-01 13:24:59','',NULL,''),(2057,'å•†å“ç®¡ç†ä¿®æ”¹',2054,3,'#','',NULL,1,0,'F','0','0','manage:sku:edit','#','admin','2024-09-01 13:24:59','',NULL,''),(2058,'å•†å“ç®¡ç†åˆ é™¤',2054,4,'#','',NULL,1,0,'F','0','0','manage:sku:remove','#','admin','2024-09-01 13:24:59','',NULL,''),(2059,'å•†å“ç®¡ç†å¯¼å‡º',2054,5,'#','',NULL,1,0,'F','0','0','manage:sku:export','#','admin','2024-09-01 13:24:59','',NULL,''),(2060,'å·¥å•ç®¡ç†',0,1,'task',NULL,NULL,1,0,'M','0','0',NULL,'å·¥å•ç®¡ç†','admin','2024-09-01 22:51:51','',NULL,''),(2061,'è¿è¥å·¥å•',2060,1,'business','manage/task/business',NULL,1,0,'C','0','0','manage:task:list','è¿è¥å·¥å•','admin','2024-09-01 23:08:16','admin','2024-09-01 23:12:21',''),(2062,'è¿ç»´å·¥å•',2060,2,'operation','manage/task/operation',NULL,1,0,'C','0','0','manage:task:list','è¿ç»´å·¥å•','admin','2024-09-01 23:09:13','admin','2024-09-01 23:12:26',''),(2063,'è®¢å•ç®¡ç†',0,6,'order',NULL,NULL,1,0,'M','0','0',NULL,'è®¢å•ç®¡ç†','admin','2024-09-02 21:44:39','',NULL,''),(2064,'è®¢å•ç®¡ç†',2063,1,'order','manage/order/index',NULL,1,0,'C','0','0','manage:order:list','å­è®¢å•ç®¡ç†','admin','2024-09-02 22:11:34','admin','2024-09-02 22:15:40','è®¢å•ç®¡ç†èœå•'),(2065,'è®¢å•ç®¡ç†æŸ¥è¯¢',2064,1,'#','',NULL,1,0,'F','0','0','manage:order:query','#','admin','2024-09-02 22:11:35','',NULL,''),(2066,'è®¢å•ç®¡ç†æ–°å¢',2064,2,'#','',NULL,1,0,'F','0','0','manage:order:add','#','admin','2024-09-02 22:11:35','',NULL,''),(2067,'è®¢å•ç®¡ç†ä¿®æ”¹',2064,3,'#','',NULL,1,0,'F','0','0','manage:order:edit','#','admin','2024-09-02 22:11:35','',NULL,''),(2068,'è®¢å•ç®¡ç†åˆ é™¤',2064,4,'#','',NULL,1,0,'F','0','0','manage:order:remove','#','admin','2024-09-02 22:11:35','',NULL,''),(2069,'è®¢å•ç®¡ç†å¯¼å‡º',2064,5,'#','',NULL,1,0,'F','0','0','manage:order:export','#','admin','2024-09-02 22:11:35','',NULL,'');
/*!40000 ALTER TABLE `sys_menu` ENABLE KEYS */;
UNLOCK TABLES;

--
-- Table structure for table `sys_notice`
--

DROP TABLE IF EXISTS `sys_notice`;
/*!40101 SET @saved_cs_client     = @@character_set_client */;
/*!50503 SET character_set_client = utf8mb4 */;
CREATE TABLE `sys_notice` (
  `notice_id` int NOT NULL AUTO_INCREMENT COMMENT 'å…¬å‘ŠID',
  `notice_title` varchar(50) NOT NULL COMMENT 'å…¬å‘Šæ ‡é¢˜',
  `notice_type` char(1) NOT NULL COMMENT 'å…¬å‘Šç±»å‹ï¼ˆ1é€šçŸ¥ 2å…¬å‘Šï¼‰',
  `notice_content` longblob COMMENT 'å…¬å‘Šå†…å®¹',
  `status` char(1) DEFAULT '0' COMMENT 'å…¬å‘ŠçŠ¶æ€ï¼ˆ0æ­£å¸¸ 1å…³é—­ï¼‰',
  `create_by` varchar(64) DEFAULT '' COMMENT 'åˆ›å»ºè€…',
  `create_time` datetime DEFAULT NULL COMMENT 'åˆ›å»ºæ—¶é—´',
  `update_by` varchar(64) DEFAULT '' COMMENT 'æ›´æ–°è€…',
  `update_time` datetime DEFAULT NULL COMMENT 'æ›´æ–°æ—¶é—´',
  `remark` varchar(255) DEFAULT NULL COMMENT 'å¤‡æ³¨',
  PRIMARY KEY (`notice_id`)
) ENGINE=InnoDB AUTO_INCREMENT=10 DEFAULT CHARSET=utf8mb4 COLLATE=utf8mb4_0900_ai_ci COMMENT='é€šçŸ¥å…¬å‘Šè¡¨';
/*!40101 SET character_set_client = @saved_cs_client */;

--
-- Dumping data for table `sys_notice`
--

LOCK TABLES `sys_notice` WRITE;
/*!40000 ALTER TABLE `sys_notice` DISABLE KEYS */;
INSERT INTO `sys_notice` VALUES (1,'æ¸©é¦¨æé†’ï¼š2018-07-01 è‹¥ä¾æ–°ç‰ˆæœ¬å‘å¸ƒå•¦','2',_binary 'æ–°ç‰ˆæœ¬å†…å®¹','0','admin','2024-08-28 23:22:02','',NULL,'ç®¡ç†å‘˜'),(2,'ç»´æŠ¤é€šçŸ¥ï¼š2018-07-01 è‹¥ä¾ç³»ç»Ÿå‡Œæ™¨ç»´æŠ¤','1',_binary 'ç»´æŠ¤å†…å®¹','0','admin','2024-08-28 23:22:02','',NULL,'ç®¡ç†å‘˜');
/*!40000 ALTER TABLE `sys_notice` ENABLE KEYS */;
UNLOCK TABLES;

--
-- Table structure for table `sys_oper_log`
--

DROP TABLE IF EXISTS `sys_oper_log`;
/*!40101 SET @saved_cs_client     = @@character_set_client */;
/*!50503 SET character_set_client = utf8mb4 */;
CREATE TABLE `sys_oper_log` (
  `oper_id` bigint NOT NULL AUTO_INCREMENT COMMENT 'æ—¥å¿—ä¸»é”®',
  `title` varchar(50) DEFAULT '' COMMENT 'æ¨¡å—æ ‡é¢˜',
  `business_type` int DEFAULT '0' COMMENT 'ä¸šåŠ¡ç±»å‹ï¼ˆ0å…¶å®ƒ 1æ–°å¢ 2ä¿®æ”¹ 3åˆ é™¤ï¼‰',
  `method` varchar(100) DEFAULT '' COMMENT 'æ–¹æ³•åç§°',
  `request_method` varchar(10) DEFAULT '' COMMENT 'è¯·æ±‚æ–¹å¼',
  `operator_type` int DEFAULT '0' COMMENT 'æ“ä½œç±»åˆ«ï¼ˆ0å…¶å®ƒ 1åå°ç”¨æˆ· 2æ‰‹æœºç«¯ç”¨æˆ·ï¼‰',
  `oper_name` varchar(50) DEFAULT '' COMMENT 'æ“ä½œäººå‘˜',
  `dept_name` varchar(50) DEFAULT '' COMMENT 'éƒ¨é—¨åç§°',
  `oper_url` varchar(255) DEFAULT '' COMMENT 'è¯·æ±‚URL',
  `oper_ip` varchar(128) DEFAULT '' COMMENT 'ä¸»æœºåœ°å€',
  `oper_location` varchar(255) DEFAULT '' COMMENT 'æ“ä½œåœ°ç‚¹',
  `oper_param` varchar(2000) DEFAULT '' COMMENT 'è¯·æ±‚å‚æ•°',
  `json_result` varchar(2000) DEFAULT '' COMMENT 'è¿”å›å‚æ•°',
  `status` int DEFAULT '0' COMMENT 'æ“ä½œçŠ¶æ€ï¼ˆ0æ­£å¸¸ 1å¼‚å¸¸ï¼‰',
  `error_msg` varchar(2000) DEFAULT '' COMMENT 'é”™è¯¯æ¶ˆæ¯',
  `oper_time` datetime DEFAULT NULL COMMENT 'æ“ä½œæ—¶é—´',
  `cost_time` bigint DEFAULT '0' COMMENT 'æ¶ˆè€—æ—¶é—´',
  PRIMARY KEY (`oper_id`),
  KEY `idx_sys_oper_log_bt` (`business_type`),
  KEY `idx_sys_oper_log_s` (`status`),
  KEY `idx_sys_oper_log_ot` (`oper_time`)
) ENGINE=InnoDB AUTO_INCREMENT=408 DEFAULT CHARSET=utf8mb4 COLLATE=utf8mb4_0900_ai_ci COMMENT='æ“ä½œæ—¥å¿—è®°å½•';
/*!40101 SET character_set_client = @saved_cs_client */;

--
-- Dumping data for table `sys_oper_log`
--

LOCK TABLES `sys_oper_log` WRITE;
/*!40000 ALTER TABLE `sys_oper_log` DISABLE KEYS */;
INSERT INTO `sys_oper_log` VALUES (100,'èœå•ç®¡ç†',1,'com.dkd.web.controller.system.SysMenuController.add()','POST',1,'admin','ç ”å‘éƒ¨é—¨','/system/menu','127.0.0.1','å†…ç½‘IP','{\"children\":[],\"createBy\":\"admin\",\"icon\":\"ç‚¹ä½ç®¡ç†\",\"isCache\":\"0\",\"isFrame\":\"1\",\"menuName\":\"ç‚¹ä½ç®¡ç†\",\"menuType\":\"M\",\"orderNum\":2,\"params\":{},\"parentId\":0,\"path\":\"node\",\"status\":\"0\",\"visible\":\"0\"}','{\"msg\":\"æ“ä½œæˆåŠŸ\",\"code\":200}',0,NULL,'2024-08-29 17:18:16',103),(101,'å­—å…¸ç±»å‹',1,'com.dkd.web.controller.system.SysDictTypeController.add()','POST',1,'admin','ç ”å‘éƒ¨é—¨','/system/dict/type','127.0.0.1','å†…ç½‘IP','{\"createBy\":\"admin\",\"dictName\":\"å•†åœˆç±»å‹\",\"dictType\":\"business_type\",\"params\":{},\"remark\":\"å•†åœˆç±»å‹\",\"status\":\"0\"}','{\"msg\":\"æ“ä½œæˆåŠŸ\",\"code\":200}',0,NULL,'2024-08-29 17:19:19',73),(102,'å­—å…¸æ•°æ®',1,'com.dkd.web.controller.system.SysDictDataController.add()','POST',1,'admin','ç ”å‘éƒ¨é—¨','/system/dict/data','127.0.0.1','å†…ç½‘IP','{\"createBy\":\"admin\",\"default\":false,\"dictLabel\":\"æ—…æ¸¸åŒº\",\"dictSort\":1,\"dictType\":\"business_type\",\"dictValue\":\"1\",\"listClass\":\"default\",\"params\":{},\"status\":\"0\"}','{\"msg\":\"æ“ä½œæˆåŠŸ\",\"code\":200}',0,NULL,'2024-08-29 17:19:41',92),(103,'å­—å…¸æ•°æ®',1,'com.dkd.web.controller.system.SysDictDataController.add()','POST',1,'admin','ç ”å‘éƒ¨é—¨','/system/dict/data','127.0.0.1','å†…ç½‘IP','{\"createBy\":\"admin\",\"default\":false,\"dictLabel\":\"å•†åœºå†™å­—æ¥¼\",\"dictSort\":2,\"dictType\":\"business_type\",\"dictValue\":\"2\",\"listClass\":\"default\",\"params\":{},\"status\":\"0\"}','{\"msg\":\"æ“ä½œæˆåŠŸ\",\"code\":200}',0,NULL,'2024-08-29 17:19:59',102),(104,'å­—å…¸æ•°æ®',1,'com.dkd.web.controller.system.SysDictDataController.add()','POST',1,'admin','ç ”å‘éƒ¨é—¨','/system/dict/data','127.0.0.1','å†…ç½‘IP','{\"createBy\":\"admin\",\"default\":false,\"dictLabel\":\"å­¦æ ¡\",\"dictSort\":3,\"dictType\":\"business_type\",\"dictValue\":\"3\",\"listClass\":\"default\",\"params\":{},\"status\":\"0\"}','{\"msg\":\"æ“ä½œæˆåŠŸ\",\"code\":200}',0,NULL,'2024-08-29 17:20:15',119),(105,'å­—å…¸æ•°æ®',1,'com.dkd.web.controller.system.SysDictDataController.add()','POST',1,'admin','ç ”å‘éƒ¨é—¨','/system/dict/data','127.0.0.1','å†…ç½‘IP','{\"createBy\":\"admin\",\"default\":false,\"dictLabel\":\"äº¤é€šæ¢çº½\",\"dictSort\":4,\"dictType\":\"business_type\",\"dictValue\":\"4\",\"listClass\":\"default\",\"params\":{},\"status\":\"0\"}','{\"msg\":\"æ“ä½œæˆåŠŸ\",\"code\":200}',0,NULL,'2024-08-29 17:20:34',107),(106,'ä»£ç ç”Ÿæˆ',6,'com.dkd.generator.controller.GenController.importTableSave()','POST',1,'admin','ç ”å‘éƒ¨é—¨','/tool/gen/importTable','127.0.0.1','å†…ç½‘IP','{\"tables\":\"tb_region,tb_partner,tb_node\"}','{\"msg\":\"æ“ä½œæˆåŠŸ\",\"code\":200}',0,NULL,'2024-08-29 17:20:56',267),(107,'ä»£ç ç”Ÿæˆ',2,'com.dkd.generator.controller.GenController.editSave()','PUT',1,'admin','ç ”å‘éƒ¨é—¨','/tool/gen','127.0.0.1','å†…ç½‘IP','{\"businessName\":\"region\",\"className\":\"Region\",\"columns\":[{\"capJavaField\":\"Id\",\"columnComment\":\"ä¸»é”®ID\",\"columnId\":24,\"columnName\":\"id\",\"columnType\":\"int\",\"createBy\":\"admin\",\"createTime\":\"2024-08-29 17:20:56\",\"dictType\":\"\",\"edit\":false,\"htmlType\":\"input\",\"increment\":true,\"insert\":false,\"isIncrement\":\"1\",\"isInsert\":\"0\",\"isPk\":\"1\",\"isRequired\":\"0\",\"javaField\":\"id\",\"javaType\":\"Long\",\"list\":false,\"params\":{},\"pk\":true,\"query\":false,\"queryType\":\"EQ\",\"required\":false,\"sort\":1,\"superColumn\":false,\"tableId\":3,\"updateBy\":\"\",\"usableColumn\":false},{\"capJavaField\":\"RegionName\",\"columnComment\":\"åŒºåŸŸåç§°\",\"columnId\":25,\"columnName\":\"region_name\",\"columnType\":\"varchar(255)\",\"createBy\":\"admin\",\"createTime\":\"2024-08-29 17:20:56\",\"dictType\":\"\",\"edit\":true,\"htmlType\":\"input\",\"increment\":false,\"insert\":true,\"isEdit\":\"1\",\"isIncrement\":\"0\",\"isInsert\":\"1\",\"isList\":\"1\",\"isPk\":\"0\",\"isQuery\":\"1\",\"isRequired\":\"1\",\"javaField\":\"regionName\",\"javaType\":\"String\",\"list\":true,\"params\":{},\"pk\":false,\"query\":true,\"queryType\":\"LIKE\",\"required\":true,\"sort\":2,\"superColumn\":false,\"tableId\":3,\"updateBy\":\"\",\"usableColumn\":false},{\"capJavaField\":\"CreateTime\",\"columnComment\":\"åˆ›å»ºæ—¶é—´\",\"columnId\":26,\"columnName\":\"create_time\",\"columnType\":\"timestamp\",\"createBy\":\"admin\",\"createTime\":\"2024-08-29 17:20:56\",\"dictType\":\"\",\"edit\":false,\"htmlType\":\"datetime\",\"increment\":false,\"insert\":false,\"isIncrement\":\"0\",\"isInsert\":\"0\",\"isPk\":\"0\",\"isRequired\":\"0\",\"javaField\":\"createTime\",\"javaType\":\"Date\",\"list\":false,\"params\":{},\"pk\":false,\"query\":false,\"queryType\":\"EQ\",\"required\":false,\"sort\":3,\"superColumn\":true,\"tableId\":3,\"updateBy\":\"\",\"usableColumn\":false},{\"capJavaField\":\"UpdateTime\",\"columnComment\":\"æ›´æ–°æ—¶é—´\",\"columnId\":27,\"columnName\":\"update_time\",\"columnType\":\"timestamp\",\"createBy\":\"admin\",\"createTime\":\"2024-08-29 17:20:56\",\"dictType\":\"\",\"edit\":false,\"htmlType\":\"datetime\",\"increment\":false,\"insert\":false,\"isEdit\":\"0\",\"isIncrement\":\"0\",\"isInsert\":\"0\",\"isPk\":\"0\",\"isRequired\":\"0\",\"javaField\":\"updateTime\",\"javaType\":\"Date\",\"list\":false,','{\"msg\":\"æ“ä½œæˆåŠŸ\",\"code\":200}',0,NULL,'2024-08-29 17:25:46',110),(108,'ä»£ç ç”Ÿæˆ',2,'com.dkd.generator.controller.GenController.editSave()','PUT',1,'admin','ç ”å‘éƒ¨é—¨','/tool/gen','127.0.0.1','å†…ç½‘IP','{\"businessName\":\"partner\",\"className\":\"Partner\",\"columns\":[{\"capJavaField\":\"Id\",\"columnComment\":\"ä¸»é”®ID\",\"columnId\":12,\"columnName\":\"id\",\"columnType\":\"int\",\"createBy\":\"admin\",\"createTime\":\"2024-08-29 17:20:56\",\"dictType\":\"\",\"edit\":false,\"htmlType\":\"input\",\"increment\":true,\"insert\":false,\"isIncrement\":\"1\",\"isInsert\":\"0\",\"isPk\":\"1\",\"isRequired\":\"0\",\"javaField\":\"id\",\"javaType\":\"Long\",\"list\":false,\"params\":{},\"pk\":true,\"query\":false,\"queryType\":\"EQ\",\"required\":false,\"sort\":1,\"superColumn\":false,\"tableId\":2,\"updateBy\":\"\",\"usableColumn\":false},{\"capJavaField\":\"PartnerName\",\"columnComment\":\"åˆä½œå•†åç§°\",\"columnId\":13,\"columnName\":\"partner_name\",\"columnType\":\"varchar(255)\",\"createBy\":\"admin\",\"createTime\":\"2024-08-29 17:20:56\",\"dictType\":\"\",\"edit\":true,\"htmlType\":\"input\",\"increment\":false,\"insert\":true,\"isEdit\":\"1\",\"isIncrement\":\"0\",\"isInsert\":\"1\",\"isList\":\"1\",\"isPk\":\"0\",\"isQuery\":\"1\",\"isRequired\":\"1\",\"javaField\":\"partnerName\",\"javaType\":\"String\",\"list\":true,\"params\":{},\"pk\":false,\"query\":true,\"queryType\":\"LIKE\",\"required\":true,\"sort\":2,\"superColumn\":false,\"tableId\":2,\"updateBy\":\"\",\"usableColumn\":false},{\"capJavaField\":\"ContactPerson\",\"columnComment\":\"è”ç³»äºº\",\"columnId\":14,\"columnName\":\"contact_person\",\"columnType\":\"varchar(64)\",\"createBy\":\"admin\",\"createTime\":\"2024-08-29 17:20:56\",\"dictType\":\"\",\"edit\":true,\"htmlType\":\"input\",\"increment\":false,\"insert\":true,\"isEdit\":\"1\",\"isIncrement\":\"0\",\"isInsert\":\"1\",\"isList\":\"1\",\"isPk\":\"0\",\"isQuery\":\"0\",\"isRequired\":\"1\",\"javaField\":\"contactPerson\",\"javaType\":\"String\",\"list\":true,\"params\":{},\"pk\":false,\"query\":false,\"queryType\":\"EQ\",\"required\":true,\"sort\":3,\"superColumn\":false,\"tableId\":2,\"updateBy\":\"\",\"usableColumn\":false},{\"capJavaField\":\"Phone\",\"columnComment\":\"è”ç³»ç”µè¯\",\"columnId\":15,\"columnName\":\"phone\",\"columnType\":\"varchar(20)\",\"createBy\":\"admin\",\"createTime\":\"2024-08-29 17:20:56\",\"dictType\":\"\",\"edit\":true,\"htmlType\":\"input\",\"increment\":false,\"insert\":true,\"isEdit\":\"1\",\"isIncrement\":\"0\",\"isInsert\":\"1\",\"isList\":\"1\",\"isPk\":\"0\",\"isQuery\":\"0\",\"isRequi','{\"msg\":\"æ“ä½œæˆåŠŸ\",\"code\":200}',0,NULL,'2024-08-29 17:29:38',100),(109,'ä»£ç ç”Ÿæˆ',2,'com.dkd.generator.controller.GenController.editSave()','PUT',1,'admin','ç ”å‘éƒ¨é—¨','/tool/gen','127.0.0.1','å†…ç½‘IP','{\"businessName\":\"node\",\"className\":\"Node\",\"columns\":[{\"capJavaField\":\"Id\",\"columnComment\":\"ä¸»é”®ID\",\"columnId\":1,\"columnName\":\"id\",\"columnType\":\"int\",\"createBy\":\"admin\",\"createTime\":\"2024-08-29 17:20:56\",\"dictType\":\"\",\"edit\":false,\"htmlType\":\"input\",\"increment\":true,\"insert\":false,\"isIncrement\":\"1\",\"isInsert\":\"0\",\"isPk\":\"1\",\"isRequired\":\"0\",\"javaField\":\"id\",\"javaType\":\"Long\",\"list\":false,\"params\":{},\"pk\":true,\"query\":false,\"queryType\":\"EQ\",\"required\":false,\"sort\":1,\"superColumn\":false,\"tableId\":1,\"updateBy\":\"\",\"usableColumn\":false},{\"capJavaField\":\"NodeName\",\"columnComment\":\"ç‚¹ä½åç§°\",\"columnId\":2,\"columnName\":\"node_name\",\"columnType\":\"varchar(255)\",\"createBy\":\"admin\",\"createTime\":\"2024-08-29 17:20:56\",\"dictType\":\"\",\"edit\":true,\"htmlType\":\"input\",\"increment\":false,\"insert\":true,\"isEdit\":\"1\",\"isIncrement\":\"0\",\"isInsert\":\"1\",\"isList\":\"1\",\"isPk\":\"0\",\"isQuery\":\"1\",\"isRequired\":\"1\",\"javaField\":\"nodeName\",\"javaType\":\"String\",\"list\":true,\"params\":{},\"pk\":false,\"query\":true,\"queryType\":\"LIKE\",\"required\":true,\"sort\":2,\"superColumn\":false,\"tableId\":1,\"updateBy\":\"\",\"usableColumn\":false},{\"capJavaField\":\"Address\",\"columnComment\":\"è¯¦ç»†åœ°å€\",\"columnId\":3,\"columnName\":\"address\",\"columnType\":\"varchar(255)\",\"createBy\":\"admin\",\"createTime\":\"2024-08-29 17:20:56\",\"dictType\":\"\",\"edit\":true,\"htmlType\":\"textarea\",\"increment\":false,\"insert\":true,\"isEdit\":\"1\",\"isIncrement\":\"0\",\"isInsert\":\"1\",\"isList\":\"1\",\"isPk\":\"0\",\"isQuery\":\"0\",\"isRequired\":\"1\",\"javaField\":\"address\",\"javaType\":\"String\",\"list\":true,\"params\":{},\"pk\":false,\"query\":false,\"queryType\":\"EQ\",\"required\":true,\"sort\":3,\"superColumn\":false,\"tableId\":1,\"updateBy\":\"\",\"usableColumn\":false},{\"capJavaField\":\"BusinessAreaType\",\"columnComment\":\"å•†åœˆç±»å‹\",\"columnId\":4,\"columnName\":\"business_area_type\",\"columnType\":\"int\",\"createBy\":\"admin\",\"createTime\":\"2024-08-29 17:20:56\",\"dictType\":\"business_type\",\"edit\":true,\"htmlType\":\"select\",\"increment\":false,\"insert\":true,\"isEdit\":\"1\",\"isIncrement\":\"0\",\"isInsert\":\"1\",\"isList\":\"1\",\"isPk\":\"0\",\"isQuery\":\"0\",\"isRequired\"','{\"msg\":\"æ“ä½œæˆåŠŸ\",\"code\":200}',0,NULL,'2024-08-29 17:35:38',137),(110,'ä»£ç ç”Ÿæˆ',8,'com.dkd.generator.controller.GenController.batchGenCode()','GET',1,'admin','ç ”å‘éƒ¨é—¨','/tool/gen/batchGenCode','127.0.0.1','å†…ç½‘IP','{\"tables\":\"tb_node,tb_partner,tb_region\"}',NULL,0,NULL,'2024-08-29 17:35:50',800),(111,'èœå•ç®¡ç†',2,'com.dkd.web.controller.system.SysMenuController.edit()','PUT',1,'admin','ç ”å‘éƒ¨é—¨','/system/menu','127.0.0.1','å†…ç½‘IP','{\"children\":[],\"component\":\"manage/partner/index\",\"createTime\":\"2024-08-29 17:37:30\",\"icon\":\"#\",\"isCache\":\"0\",\"isFrame\":\"1\",\"menuId\":2007,\"menuName\":\"åˆä½œå•†ç®¡ç†\",\"menuType\":\"C\",\"orderNum\":2,\"params\":{},\"parentId\":2000,\"path\":\"partner\",\"perms\":\"manage:partner:list\",\"status\":\"0\",\"updateBy\":\"admin\",\"visible\":\"0\"}','{\"msg\":\"æ“ä½œæˆåŠŸ\",\"code\":200}',0,NULL,'2024-08-29 17:38:03',98),(112,'èœå•ç®¡ç†',2,'com.dkd.web.controller.system.SysMenuController.edit()','PUT',1,'admin','ç ”å‘éƒ¨é—¨','/system/menu','127.0.0.1','å†…ç½‘IP','{\"children\":[],\"component\":\"manage/partner/index\",\"createTime\":\"2024-08-29 17:37:30\",\"icon\":\"#\",\"isCache\":\"0\",\"isFrame\":\"1\",\"menuId\":2007,\"menuName\":\"åˆä½œå•†ç®¡ç†\",\"menuType\":\"C\",\"orderNum\":3,\"params\":{},\"parentId\":2000,\"path\":\"partner\",\"perms\":\"manage:partner:list\",\"status\":\"0\",\"updateBy\":\"admin\",\"visible\":\"0\"}','{\"msg\":\"æ“ä½œæˆåŠŸ\",\"code\":200}',0,NULL,'2024-08-29 17:38:14',93),(113,'èœå•ç®¡ç†',2,'com.dkd.web.controller.system.SysMenuController.edit()','PUT',1,'admin','ç ”å‘éƒ¨é—¨','/system/menu','127.0.0.1','å†…ç½‘IP','{\"children\":[],\"component\":\"manage/node/index\",\"createTime\":\"2024-08-29 17:37:30\",\"icon\":\"#\",\"isCache\":\"0\",\"isFrame\":\"1\",\"menuId\":2001,\"menuName\":\"ç‚¹ä½ç®¡ç†\",\"menuType\":\"C\",\"orderNum\":2,\"params\":{},\"parentId\":2000,\"path\":\"node\",\"perms\":\"manage:node:list\",\"status\":\"0\",\"updateBy\":\"admin\",\"visible\":\"0\"}','{\"msg\":\"æ“ä½œæˆåŠŸ\",\"code\":200}',0,NULL,'2024-08-29 17:38:20',95),(114,'åŒºåŸŸç®¡ç†',2,'com.dkd.manage.controller.RegionController.edit()','PUT',1,'admin','ç ”å‘éƒ¨é—¨','/manage/region','127.0.0.1','å†…ç½‘IP','{\"createBy\":\"Admin\",\"createTime\":\"2024-08-29 17:06:19\",\"id\":1,\"params\":{},\"regionName\":\"åŒ—äº¬å¸‚æµ·æ·€åŒº\",\"remark\":\"åŒ—äº¬å¸‚æµ·æ·€åŒº\",\"updateBy\":\"Admin\",\"updateTime\":\"2024-08-29 17:45:31\"}','{\"msg\":\"æ“ä½œæˆåŠŸ\",\"code\":200}',0,NULL,'2024-08-29 17:45:31',116),(115,'åŒºåŸŸç®¡ç†',2,'com.dkd.manage.controller.RegionController.edit()','PUT',1,'admin','ç ”å‘éƒ¨é—¨','/manage/region','127.0.0.1','å†…ç½‘IP','{\"createBy\":\"Admin\",\"createTime\":\"2024-08-29 17:06:19\",\"id\":2,\"params\":{},\"regionName\":\"åŒ—äº¬å¸‚æœé˜³åŒº\",\"remark\":\"åŒ—äº¬å¸‚æœé˜³åŒº\",\"updateBy\":\"Admin\",\"updateTime\":\"2024-08-29 17:45:39\"}','{\"msg\":\"æ“ä½œæˆåŠŸ\",\"code\":200}',0,NULL,'2024-08-29 17:45:39',55),(116,'åŒºåŸŸç®¡ç†',2,'com.dkd.manage.controller.RegionController.edit()','PUT',1,'admin','ç ”å‘éƒ¨é—¨','/manage/region','127.0.0.1','å†…ç½‘IP','{\"createBy\":\"Admin\",\"createTime\":\"2024-08-29 17:06:19\",\"id\":3,\"params\":{},\"regionName\":\"åŒ—äº¬å¸‚ä¸œåŸåŒº\",\"remark\":\"åŒ—äº¬å¸‚ä¸œåŸåŒº\",\"updateBy\":\"Admin\",\"updateTime\":\"2024-08-29 17:45:48\"}','{\"msg\":\"æ“ä½œæˆåŠŸ\",\"code\":200}',0,NULL,'2024-08-29 17:45:48',48),(117,'åŒºåŸŸç®¡ç†',1,'com.dkd.manage.controller.RegionController.add()','POST',1,'admin','ç ”å‘éƒ¨é—¨','/manage/region','127.0.0.1','å†…ç½‘IP','{\"createTime\":\"2024-08-29 17:52:11\",\"id\":4,\"params\":{},\"regionName\":\"åŒ—äº¬å¸‚åŒ—äº”ç¯å¥¥ä½“ä¸­å¿ƒ\",\"remark\":\"åŒ—äº¬å¸‚åŒ—äº”ç¯å¥¥ä½“ä¸­å¿ƒ\"}','{\"msg\":\"æ“ä½œæˆåŠŸ\",\"code\":200}',0,NULL,'2024-08-29 17:52:11',96),(118,'åˆä½œå•†ç®¡ç†',1,'com.dkd.manage.controller.PartnerController.add()','POST',1,'admin','ç ”å‘éƒ¨é—¨','/manage/partner','127.0.0.1','å†…ç½‘IP','{\"contactPerson\":\"å°æ™º\",\"createTime\":\"2024-08-29 19:19:48\",\"id\":3,\"params\":{},\"partnerName\":\"ä¼ æ™ºåˆä½œå•†\",\"phone\":\"1350013500\",\"profitShareRatio\":15,\"username\":\"1350013500\"}','{\"msg\":\"æ“ä½œæˆåŠŸ\",\"code\":200}',0,NULL,'2024-08-29 19:19:48',111),(119,'åˆä½œå•†ç®¡ç†',2,'com.dkd.manage.controller.PartnerController.edit()','PUT',1,'admin','ç ”å‘éƒ¨é—¨','/manage/partner','127.0.0.1','å†…ç½‘IP','{\"contactPerson\":\"å°æ™º\",\"createTime\":\"2024-08-29 19:19:48\",\"id\":3,\"params\":{},\"partnerName\":\"ä¼ æ™ºåˆä½œå•†\",\"phone\":\"1350013500\",\"profitShareRatio\":20,\"updateTime\":\"2024-08-29 19:19:57\",\"username\":\"1350013500\"}','{\"msg\":\"æ“ä½œæˆåŠŸ\",\"code\":200}',0,NULL,'2024-08-29 19:19:57',117),(120,'åˆä½œå•†ç®¡ç†',2,'com.dkd.manage.controller.PartnerController.edit()','PUT',1,'admin','ç ”å‘éƒ¨é—¨','/manage/partner','127.0.0.1','å†…ç½‘IP','{\"contactPerson\":\"å°æ™º\",\"createTime\":\"2024-08-29 19:19:48\",\"id\":3,\"params\":{},\"partnerName\":\"ä¼ æ™ºåˆä½œå•†\",\"phone\":\"13500135000\",\"profitShareRatio\":15,\"updateTime\":\"2024-08-29 22:05:14\",\"username\":\"1350013500\"}','{\"msg\":\"æ“ä½œæˆåŠŸ\",\"code\":200}',0,NULL,'2024-08-29 22:05:14',177),(121,'åˆä½œå•†ç®¡ç†',2,'com.dkd.manage.controller.PartnerController.edit()','PUT',1,'admin','ç ”å‘éƒ¨é—¨','/manage/partner','127.0.0.1','å†…ç½‘IP','{\"contactPerson\":\"å°æ™º\",\"createTime\":\"2024-08-29 19:19:48\",\"id\":3,\"params\":{},\"partnerName\":\"ä¼ æ™ºåˆä½œå•†\",\"phone\":\"13500135000\",\"profitShareRatio\":20,\"updateTime\":\"2024-08-29 22:05:27\",\"username\":\"1350013500\"}','{\"msg\":\"æ“ä½œæˆåŠŸ\",\"code\":200}',0,NULL,'2024-08-29 22:05:27',113),(122,'åˆä½œå•†ç®¡ç†',1,'com.dkd.manage.controller.PartnerController.add()','POST',1,'admin','ç ”å‘éƒ¨é—¨','/manage/partner','127.0.0.1','å†…ç½‘IP','{\"contactPerson\":\"æ’­å¦\",\"createTime\":\"2024-08-29 22:08:32\",\"id\":4,\"params\":{},\"partnerName\":\"é»‘é©¬åˆä½œå•†\",\"phone\":\"13500135001\",\"profitShareRatio\":20,\"username\":\"13500135001\"}','{\"msg\":\"æ“ä½œæˆåŠŸ\",\"code\":200}',0,NULL,'2024-08-29 22:08:33',473),(123,'é‡ç½®åˆä½œå•†å¯†ç ',2,'com.dkd.manage.controller.PartnerController.resetPwd()','PUT',1,'admin','ç ”å‘éƒ¨é—¨','/manage/partner/resetPwd/3','127.0.0.1','å†…ç½‘IP','3','{\"msg\":\"æ“ä½œæˆåŠŸ\",\"code\":200}',0,NULL,'2024-08-30 13:42:43',216),(124,'èœå•ç®¡ç†',2,'com.dkd.web.controller.system.SysMenuController.edit()','PUT',1,'admin','ç ”å‘éƒ¨é—¨','/system/menu','127.0.0.1','å†…ç½‘IP','{\"children\":[],\"component\":\"manage/region/index\",\"createTime\":\"2024-08-29 17:37:31\",\"icon\":\"åŒºåŸŸç®¡ç†\",\"isCache\":\"0\",\"isFrame\":\"1\",\"menuId\":2013,\"menuName\":\"åŒºåŸŸç®¡ç†\",\"menuType\":\"C\",\"orderNum\":1,\"params\":{},\"parentId\":2000,\"path\":\"region\",\"perms\":\"manage:region:list\",\"status\":\"0\",\"updateBy\":\"admin\",\"visible\":\"0\"}','{\"msg\":\"æ“ä½œæˆåŠŸ\",\"code\":200}',0,NULL,'2024-08-30 13:53:29',99),(125,'èœå•ç®¡ç†',2,'com.dkd.web.controller.system.SysMenuController.edit()','PUT',1,'admin','ç ”å‘éƒ¨é—¨','/system/menu','127.0.0.1','å†…ç½‘IP','{\"children\":[],\"component\":\"manage/partner/index\",\"createTime\":\"2024-08-29 17:37:30\",\"icon\":\"åˆä½œå•†ç®¡ç†\",\"isCache\":\"0\",\"isFrame\":\"1\",\"menuId\":2007,\"menuName\":\"åˆä½œå•†ç®¡ç†\",\"menuType\":\"C\",\"orderNum\":3,\"params\":{},\"parentId\":2000,\"path\":\"partner\",\"perms\":\"manage:partner:list\",\"status\":\"0\",\"updateBy\":\"admin\",\"visible\":\"0\"}','{\"msg\":\"æ“ä½œæˆåŠŸ\",\"code\":200}',0,NULL,'2024-08-30 13:55:45',83),(126,'èœå•ç®¡ç†',2,'com.dkd.web.controller.system.SysMenuController.edit()','PUT',1,'admin','ç ”å‘éƒ¨é—¨','/system/menu','127.0.0.1','å†…ç½‘IP','{\"children\":[],\"component\":\"manage/node/index\",\"createTime\":\"2024-08-29 17:37:30\",\"icon\":\"å­ç‚¹ä½ç®¡ç†\",\"isCache\":\"0\",\"isFrame\":\"1\",\"menuId\":2001,\"menuName\":\"ç‚¹ä½ç®¡ç†\",\"menuType\":\"C\",\"orderNum\":2,\"params\":{},\"parentId\":2000,\"path\":\"node\",\"perms\":\"manage:node:list\",\"status\":\"0\",\"updateBy\":\"admin\",\"visible\":\"0\"}','{\"msg\":\"æ“ä½œæˆåŠŸ\",\"code\":200}',0,NULL,'2024-08-30 13:58:58',165),(127,'ç‚¹ä½ç®¡ç†',1,'com.dkd.manage.controller.NodeController.add()','POST',1,'admin','ç ”å‘éƒ¨é—¨','/manage/node','127.0.0.1','å†…ç½‘IP','{\"address\":\"åŒ—äº¬å¸‚æœé˜³åŒºå›½å®¶ä½“è‚²åœºå—è·¯1å·\",\"businessAreaType\":1,\"createTime\":\"2024-08-30 15:00:10\",\"id\":4,\"nodeName\":\"åŒ—äº¬å¥¥è¿åšç‰©é¦†\",\"params\":{},\"partnerId\":3,\"regionId\":4}','{\"msg\":\"æ“ä½œæˆåŠŸ\",\"code\":200}',0,NULL,'2024-08-30 15:00:10',83),(128,'ç‚¹ä½ç®¡ç†',2,'com.dkd.manage.controller.NodeController.edit()','PUT',1,'admin','ç ”å‘éƒ¨é—¨','/manage/node','127.0.0.1','å†…ç½‘IP','{\"address\":\"åŒ—äº¬å¸‚æœé˜³åŒºå›½å®¶ä½“è‚²åœºå—è·¯1å·\",\"businessAreaType\":1,\"createTime\":\"2024-08-30 15:00:11\",\"id\":4,\"nodeName\":\"åŒ—äº¬å¥¥è¿åšç‰©é¦†\",\"params\":{},\"partnerId\":4,\"regionId\":4,\"updateTime\":\"2024-08-30 15:00:32\"}','{\"msg\":\"æ“ä½œæˆåŠŸ\",\"code\":200}',0,NULL,'2024-08-30 15:00:33',75),(129,'ç‚¹ä½ç®¡ç†',2,'com.dkd.manage.controller.NodeController.edit()','PUT',1,'admin','ç ”å‘éƒ¨é—¨','/manage/node','127.0.0.1','å†…ç½‘IP','{\"address\":\"åŒ—äº¬å¸‚æœé˜³åŒºå›½å®¶ä½“è‚²åœºå—è·¯1å·åŒ—äº¬å¸‚æœé˜³åŒºå›½å®¶ä½“è‚²åœºå—è·¯1å·\\n\",\"businessAreaType\":1,\"createTime\":\"2024-08-30 15:00:11\",\"id\":4,\"nodeName\":\"åŒ—äº¬å¥¥è¿åšç‰©é¦†\",\"params\":{},\"partnerId\":4,\"regionId\":4,\"updateTime\":\"2024-08-30 15:03:00\"}','{\"msg\":\"æ“ä½œæˆåŠŸ\",\"code\":200}',0,NULL,'2024-08-30 15:03:00',107),(130,'ç‚¹ä½ç®¡ç†',2,'com.dkd.manage.controller.NodeController.edit()','PUT',1,'admin','ç ”å‘éƒ¨é—¨','/manage/node','127.0.0.1','å†…ç½‘IP','{\"address\":\"åŒ—äº¬å¸‚æœé˜³åŒºå›½å®¶ä½“è‚²åœºå—è·¯1å·\",\"businessAreaType\":1,\"createTime\":\"2024-08-30 15:00:11\",\"id\":4,\"nodeName\":\"åŒ—äº¬å¥¥è¿åšç‰©é¦†\",\"params\":{},\"partnerId\":4,\"regionId\":4,\"updateTime\":\"2024-08-30 15:03:18\"}','{\"msg\":\"æ“ä½œæˆåŠŸ\",\"code\":200}',0,NULL,'2024-08-30 15:03:18',84),(131,'ç‚¹ä½ç®¡ç†',2,'com.dkd.manage.controller.NodeController.edit()','PUT',1,'admin','ç ”å‘éƒ¨é—¨','/manage/node','127.0.0.1','å†…ç½‘IP','{\"address\":\"åŒ—äº¬å¸‚æœé˜³åŒºå›½å®¶ä½“è‚²åœºå—è·¯1å·\",\"businessAreaType\":1,\"createTime\":\"2024-08-30 15:00:11\",\"id\":4,\"nodeName\":\"åŒ—äº¬å¥¥è¿åšç‰©é¦†\",\"params\":{},\"partnerId\":1,\"regionId\":4,\"updateTime\":\"2024-08-30 15:16:13\"}','{\"msg\":\"æ“ä½œæˆåŠŸ\",\"code\":200}',0,NULL,'2024-08-30 15:16:13',90),(132,'ç‚¹ä½ç®¡ç†',2,'com.dkd.manage.controller.NodeController.edit()','PUT',1,'admin','ç ”å‘éƒ¨é—¨','/manage/node','127.0.0.1','å†…ç½‘IP','{\"address\":\"åŒ—äº¬å¸‚æœé˜³åŒºå›½å®¶ä½“è‚²åœºå—è·¯1å·\",\"businessAreaType\":1,\"createTime\":\"2024-08-30 15:00:11\",\"id\":4,\"nodeName\":\"åŒ—äº¬å¥¥è¿åšç‰©é¦†\",\"params\":{},\"partnerId\":4,\"regionId\":4,\"updateTime\":\"2024-08-30 15:16:17\"}','{\"msg\":\"æ“ä½œæˆåŠŸ\",\"code\":200}',0,NULL,'2024-08-30 15:16:17',72),(133,'åŒºåŸŸç®¡ç†',1,'com.dkd.manage.controller.RegionController.add()','POST',1,'admin','ç ”å‘éƒ¨é—¨','/manage/region','127.0.0.1','å†…ç½‘IP','{\"createTime\":\"2024-08-30 16:51:04\",\"id\":5,\"params\":{},\"regionName\":\"åŒ—äº¬å¸‚æˆ¿å±±åŒº\",\"remark\":\"åŒ—äº¬å¸‚æˆ¿å±±åŒº\"}','{\"msg\":\"æ“ä½œæˆåŠŸ\",\"code\":200}',0,NULL,'2024-08-30 16:51:05',114),(134,'åŒºåŸŸç®¡ç†',3,'com.dkd.manage.controller.RegionController.remove()','DELETE',1,'admin','ç ”å‘éƒ¨é—¨','/manage/region/5','127.0.0.1','å†…ç½‘IP','{}','{\"msg\":\"æ“ä½œæˆåŠŸ\",\"code\":200}',0,NULL,'2024-08-30 16:51:10',82),(135,'åŒºåŸŸç®¡ç†',3,'com.dkd.manage.controller.RegionController.remove()','DELETE',1,'admin','ç ”å‘éƒ¨é—¨','/manage/region/4','127.0.0.1','å†…ç½‘IP','{}',NULL,1,'\r\n### Error updating database.  Cause: java.sql.SQLIntegrityConstraintViolationException: Cannot delete or update a parent row: a foreign key constraint fails (`dkd`.`tb_node`, CONSTRAINT `tb_node_ibfk_1` FOREIGN KEY (`region_id`) REFERENCES `tb_region` (`id`))\r\n### The error may exist in file [F:\\JAVA\\back-end\\project\\RuoYi-Vue\\dkd-parent\\dkd-manage\\target\\classes\\mapper\\manage\\RegionMapper.xml]\r\n### The error may involve com.dkd.manage.mapper.RegionMapper.deleteRegionByIds-Inline\r\n### The error occurred while setting parameters\r\n### SQL: delete from tb_region where id in           (               ?          )\r\n### Cause: java.sql.SQLIntegrityConstraintViolationException: Cannot delete or update a parent row: a foreign key constraint fails (`dkd`.`tb_node`, CONSTRAINT `tb_node_ibfk_1` FOREIGN KEY (`region_id`) REFERENCES `tb_region` (`id`))\n; Cannot delete or update a parent row: a foreign key constraint fails (`dkd`.`tb_node`, CONSTRAINT `tb_node_ibfk_1` FOREIGN KEY (`region_id`) REFERENCES `tb_region` (`id`)); nested exception is java.sql.SQLIntegrityConstraintViolationException: Cannot delete or update a parent row: a foreign key constraint fails (`dkd`.`tb_node`, CONSTRAINT `tb_node_ibfk_1` FOREIGN KEY (`region_id`) REFERENCES `tb_region` (`id`))','2024-08-30 16:57:10',96),(136,'åŒºåŸŸç®¡ç†',3,'com.dkd.manage.controller.RegionController.remove()','DELETE',1,'admin','ç ”å‘éƒ¨é—¨','/manage/region/4','127.0.0.1','å†…ç½‘IP','{}',NULL,1,'\r\n### Error updating database.  Cause: java.sql.SQLIntegrityConstraintViolationException: Cannot delete or update a parent row: a foreign key constraint fails (`dkd`.`tb_node`, CONSTRAINT `tb_node_ibfk_1` FOREIGN KEY (`region_id`) REFERENCES `tb_region` (`id`))\r\n### The error may exist in file [F:\\JAVA\\back-end\\project\\RuoYi-Vue\\dkd-parent\\dkd-manage\\target\\classes\\mapper\\manage\\RegionMapper.xml]\r\n### The error may involve com.dkd.manage.mapper.RegionMapper.deleteRegionByIds-Inline\r\n### The error occurred while setting parameters\r\n### SQL: delete from tb_region where id in           (               ?          )\r\n### Cause: java.sql.SQLIntegrityConstraintViolationException: Cannot delete or update a parent row: a foreign key constraint fails (`dkd`.`tb_node`, CONSTRAINT `tb_node_ibfk_1` FOREIGN KEY (`region_id`) REFERENCES `tb_region` (`id`))\n; Cannot delete or update a parent row: a foreign key constraint fails (`dkd`.`tb_node`, CONSTRAINT `tb_node_ibfk_1` FOREIGN KEY (`region_id`) REFERENCES `tb_region` (`id`)); nested exception is java.sql.SQLIntegrityConstraintViolationException: Cannot delete or update a parent row: a foreign key constraint fails (`dkd`.`tb_node`, CONSTRAINT `tb_node_ibfk_1` FOREIGN KEY (`region_id`) REFERENCES `tb_region` (`id`))','2024-08-30 16:57:26',61),(137,'åŒºåŸŸç®¡ç†',3,'com.dkd.manage.controller.RegionController.remove()','DELETE',1,'admin','ç ”å‘éƒ¨é—¨','/manage/region/4','127.0.0.1','å†…ç½‘IP','{}',NULL,1,'\r\n### Error updating database.  Cause: java.sql.SQLIntegrityConstraintViolationException: Cannot delete or update a parent row: a foreign key constraint fails (`dkd`.`tb_node`, CONSTRAINT `tb_node_ibfk_1` FOREIGN KEY (`region_id`) REFERENCES `tb_region` (`id`))\r\n### The error may exist in file [F:\\JAVA\\back-end\\project\\RuoYi-Vue\\dkd-parent\\dkd-manage\\target\\classes\\mapper\\manage\\RegionMapper.xml]\r\n### The error may involve com.dkd.manage.mapper.RegionMapper.deleteRegionByIds-Inline\r\n### The error occurred while setting parameters\r\n### SQL: delete from tb_region where id in           (               ?          )\r\n### Cause: java.sql.SQLIntegrityConstraintViolationException: Cannot delete or update a parent row: a foreign key constraint fails (`dkd`.`tb_node`, CONSTRAINT `tb_node_ibfk_1` FOREIGN KEY (`region_id`) REFERENCES `tb_region` (`id`))\n; Cannot delete or update a parent row: a foreign key constraint fails (`dkd`.`tb_node`, CONSTRAINT `tb_node_ibfk_1` FOREIGN KEY (`region_id`) REFERENCES `tb_region` (`id`)); nested exception is java.sql.SQLIntegrityConstraintViolationException: Cannot delete or update a parent row: a foreign key constraint fails (`dkd`.`tb_node`, CONSTRAINT `tb_node_ibfk_1` FOREIGN KEY (`region_id`) REFERENCES `tb_region` (`id`))','2024-08-30 17:09:09',66),(138,'åŒºåŸŸç®¡ç†',3,'com.dkd.manage.controller.RegionController.remove()','DELETE',1,'admin','ç ”å‘éƒ¨é—¨','/manage/region/4','127.0.0.1','å†…ç½‘IP','{}',NULL,1,'\r\n### Error updating database.  Cause: java.sql.SQLIntegrityConstraintViolationException: Cannot delete or update a parent row: a foreign key constraint fails (`dkd`.`tb_node`, CONSTRAINT `tb_node_ibfk_1` FOREIGN KEY (`region_id`) REFERENCES `tb_region` (`id`))\r\n### The error may exist in file [F:\\JAVA\\back-end\\project\\RuoYi-Vue\\dkd-parent\\dkd-manage\\target\\classes\\mapper\\manage\\RegionMapper.xml]\r\n### The error may involve com.dkd.manage.mapper.RegionMapper.deleteRegionByIds-Inline\r\n### The error occurred while setting parameters\r\n### SQL: delete from tb_region where id in           (               ?          )\r\n### Cause: java.sql.SQLIntegrityConstraintViolationException: Cannot delete or update a parent row: a foreign key constraint fails (`dkd`.`tb_node`, CONSTRAINT `tb_node_ibfk_1` FOREIGN KEY (`region_id`) REFERENCES `tb_region` (`id`))\n; Cannot delete or update a parent row: a foreign key constraint fails (`dkd`.`tb_node`, CONSTRAINT `tb_node_ibfk_1` FOREIGN KEY (`region_id`) REFERENCES `tb_region` (`id`)); nested exception is java.sql.SQLIntegrityConstraintViolationException: Cannot delete or update a parent row: a foreign key constraint fails (`dkd`.`tb_node`, CONSTRAINT `tb_node_ibfk_1` FOREIGN KEY (`region_id`) REFERENCES `tb_region` (`id`))','2024-08-30 17:15:32',80),(139,'åˆä½œå•†ç®¡ç†',3,'com.dkd.manage.controller.PartnerController.remove()','DELETE',1,'admin','ç ”å‘éƒ¨é—¨','/manage/partner/4','127.0.0.1','å†…ç½‘IP','{}',NULL,1,'\r\n### Error updating database.  Cause: java.sql.SQLIntegrityConstraintViolationException: Cannot delete or update a parent row: a foreign key constraint fails (`dkd`.`tb_node`, CONSTRAINT `tb_node_ibfk_2` FOREIGN KEY (`partner_id`) REFERENCES `tb_partner` (`id`))\r\n### The error may exist in file [F:\\JAVA\\back-end\\project\\RuoYi-Vue\\dkd-parent\\dkd-manage\\target\\classes\\mapper\\manage\\PartnerMapper.xml]\r\n### The error may involve com.dkd.manage.mapper.PartnerMapper.deletePartnerByIds-Inline\r\n### The error occurred while setting parameters\r\n### SQL: delete from tb_partner where id in           (               ?          )\r\n### Cause: java.sql.SQLIntegrityConstraintViolationException: Cannot delete or update a parent row: a foreign key constraint fails (`dkd`.`tb_node`, CONSTRAINT `tb_node_ibfk_2` FOREIGN KEY (`partner_id`) REFERENCES `tb_partner` (`id`))\n; Cannot delete or update a parent row: a foreign key constraint fails (`dkd`.`tb_node`, CONSTRAINT `tb_node_ibfk_2` FOREIGN KEY (`partner_id`) REFERENCES `tb_partner` (`id`)); nested exception is java.sql.SQLIntegrityConstraintViolationException: Cannot delete or update a parent row: a foreign key constraint fails (`dkd`.`tb_node`, CONSTRAINT `tb_node_ibfk_2` FOREIGN KEY (`partner_id`) REFERENCES `tb_partner` (`id`))','2024-08-30 17:15:45',113),(140,'åŒºåŸŸç®¡ç†',3,'com.dkd.manage.controller.RegionController.remove()','DELETE',1,'admin','ç ”å‘éƒ¨é—¨','/manage/region/4','127.0.0.1','å†…ç½‘IP','{}',NULL,1,'\r\n### Error updating database.  Cause: java.sql.SQLIntegrityConstraintViolationException: Cannot delete or update a parent row: a foreign key constraint fails (`dkd`.`tb_node`, CONSTRAINT `tb_node_ibfk_1` FOREIGN KEY (`region_id`) REFERENCES `tb_region` (`id`))\r\n### The error may exist in file [F:\\JAVA\\back-end\\project\\RuoYi-Vue\\dkd-parent\\dkd-manage\\target\\classes\\mapper\\manage\\RegionMapper.xml]\r\n### The error may involve com.dkd.manage.mapper.RegionMapper.deleteRegionByIds-Inline\r\n### The error occurred while setting parameters\r\n### SQL: delete from tb_region where id in           (               ?          )\r\n### Cause: java.sql.SQLIntegrityConstraintViolationException: Cannot delete or update a parent row: a foreign key constraint fails (`dkd`.`tb_node`, CONSTRAINT `tb_node_ibfk_1` FOREIGN KEY (`region_id`) REFERENCES `tb_region` (`id`))\n; Cannot delete or update a parent row: a foreign key constraint fails (`dkd`.`tb_node`, CONSTRAINT `tb_node_ibfk_1` FOREIGN KEY (`region_id`) REFERENCES `tb_region` (`id`)); nested exception is java.sql.SQLIntegrityConstraintViolationException: Cannot delete or update a parent row: a foreign key constraint fails (`dkd`.`tb_node`, CONSTRAINT `tb_node_ibfk_1` FOREIGN KEY (`region_id`) REFERENCES `tb_region` (`id`))','2024-08-30 17:15:52',57),(141,'åŒºåŸŸç®¡ç†',3,'com.dkd.manage.controller.RegionController.remove()','DELETE',1,'admin','ç ”å‘éƒ¨é—¨','/manage/region/4','127.0.0.1','å†…ç½‘IP','{}',NULL,1,'\r\n### Error updating database.  Cause: java.sql.SQLIntegrityConstraintViolationException: Cannot delete or update a parent row: a foreign key constraint fails (`dkd`.`tb_node`, CONSTRAINT `tb_node_ibfk_1` FOREIGN KEY (`region_id`) REFERENCES `tb_region` (`id`))\r\n### The error may exist in file [F:\\JAVA\\back-end\\project\\RuoYi-Vue\\dkd-parent\\dkd-manage\\target\\classes\\mapper\\manage\\RegionMapper.xml]\r\n### The error may involve com.dkd.manage.mapper.RegionMapper.deleteRegionByIds-Inline\r\n### The error occurred while setting parameters\r\n### SQL: delete from tb_region where id in           (               ?          )\r\n### Cause: java.sql.SQLIntegrityConstraintViolationException: Cannot delete or update a parent row: a foreign key constraint fails (`dkd`.`tb_node`, CONSTRAINT `tb_node_ibfk_1` FOREIGN KEY (`region_id`) REFERENCES `tb_region` (`id`))\n; Cannot delete or update a parent row: a foreign key constraint fails (`dkd`.`tb_node`, CONSTRAINT `tb_node_ibfk_1` FOREIGN KEY (`region_id`) REFERENCES `tb_region` (`id`)); nested exception is java.sql.SQLIntegrityConstraintViolationException: Cannot delete or update a parent row: a foreign key constraint fails (`dkd`.`tb_node`, CONSTRAINT `tb_node_ibfk_1` FOREIGN KEY (`region_id`) REFERENCES `tb_region` (`id`))','2024-08-30 17:16:01',101),(142,'åˆä½œå•†ç®¡ç†',3,'com.dkd.manage.controller.PartnerController.remove()','DELETE',1,'admin','ç ”å‘éƒ¨é—¨','/manage/partner/4','127.0.0.1','å†…ç½‘IP','{}',NULL,1,'\r\n### Error updating database.  Cause: java.sql.SQLIntegrityConstraintViolationException: Cannot delete or update a parent row: a foreign key constraint fails (`dkd`.`tb_node`, CONSTRAINT `tb_node_ibfk_2` FOREIGN KEY (`partner_id`) REFERENCES `tb_partner` (`id`))\r\n### The error may exist in file [F:\\JAVA\\back-end\\project\\RuoYi-Vue\\dkd-parent\\dkd-manage\\target\\classes\\mapper\\manage\\PartnerMapper.xml]\r\n### The error may involve com.dkd.manage.mapper.PartnerMapper.deletePartnerByIds-Inline\r\n### The error occurred while setting parameters\r\n### SQL: delete from tb_partner where id in           (               ?          )\r\n### Cause: java.sql.SQLIntegrityConstraintViolationException: Cannot delete or update a parent row: a foreign key constraint fails (`dkd`.`tb_node`, CONSTRAINT `tb_node_ibfk_2` FOREIGN KEY (`partner_id`) REFERENCES `tb_partner` (`id`))\n; Cannot delete or update a parent row: a foreign key constraint fails (`dkd`.`tb_node`, CONSTRAINT `tb_node_ibfk_2` FOREIGN KEY (`partner_id`) REFERENCES `tb_partner` (`id`)); nested exception is java.sql.SQLIntegrityConstraintViolationException: Cannot delete or update a parent row: a foreign key constraint fails (`dkd`.`tb_node`, CONSTRAINT `tb_node_ibfk_2` FOREIGN KEY (`partner_id`) REFERENCES `tb_partner` (`id`))','2024-08-30 17:16:05',17),(143,'åˆä½œå•†ç®¡ç†',3,'com.dkd.manage.controller.PartnerController.remove()','DELETE',1,'admin','ç ”å‘éƒ¨é—¨','/manage/partner/4','127.0.0.1','å†…ç½‘IP','{}',NULL,1,'\r\n### Error updating database.  Cause: java.sql.SQLIntegrityConstraintViolationException: Cannot delete or update a parent row: a foreign key constraint fails (`dkd`.`tb_node`, CONSTRAINT `tb_node_ibfk_2` FOREIGN KEY (`partner_id`) REFERENCES `tb_partner` (`id`))\r\n### The error may exist in file [F:\\JAVA\\back-end\\project\\RuoYi-Vue\\dkd-parent\\dkd-manage\\target\\classes\\mapper\\manage\\PartnerMapper.xml]\r\n### The error may involve com.dkd.manage.mapper.PartnerMapper.deletePartnerByIds-Inline\r\n### The error occurred while setting parameters\r\n### SQL: delete from tb_partner where id in           (               ?          )\r\n### Cause: java.sql.SQLIntegrityConstraintViolationException: Cannot delete or update a parent row: a foreign key constraint fails (`dkd`.`tb_node`, CONSTRAINT `tb_node_ibfk_2` FOREIGN KEY (`partner_id`) REFERENCES `tb_partner` (`id`))\n; Cannot delete or update a parent row: a foreign key constraint fails (`dkd`.`tb_node`, CONSTRAINT `tb_node_ibfk_2` FOREIGN KEY (`partner_id`) REFERENCES `tb_partner` (`id`)); nested exception is java.sql.SQLIntegrityConstraintViolationException: Cannot delete or update a parent row: a foreign key constraint fails (`dkd`.`tb_node`, CONSTRAINT `tb_node_ibfk_2` FOREIGN KEY (`partner_id`) REFERENCES `tb_partner` (`id`))','2024-08-30 17:16:12',66),(144,'èœå•ç®¡ç†',1,'com.dkd.web.controller.system.SysMenuController.add()','POST',1,'admin','ç ”å‘éƒ¨é—¨','/system/menu','127.0.0.1','å†…ç½‘IP','{\"children\":[],\"createBy\":\"admin\",\"icon\":\"peoples\",\"isCache\":\"0\",\"isFrame\":\"1\",\"menuName\":\"äººå‘˜ç®¡ç†\",\"menuType\":\"M\",\"orderNum\":4,\"params\":{},\"parentId\":0,\"path\":\"emp\",\"status\":\"0\",\"visible\":\"0\"}','{\"msg\":\"æ“ä½œæˆåŠŸ\",\"code\":200}',0,NULL,'2024-08-30 17:29:28',114),(145,'å­—å…¸ç±»å‹',1,'com.dkd.web.controller.system.SysDictTypeController.add()','POST',1,'admin','ç ”å‘éƒ¨é—¨','/system/dict/type','127.0.0.1','å†…ç½‘IP','{\"createBy\":\"admin\",\"dictName\":\"å‘˜å·¥çŠ¶æ€\",\"dictType\":\"emp_status\",\"params\":{},\"remark\":\"å‘˜å·¥çŠ¶æ€\",\"status\":\"0\"}','{\"msg\":\"æ“ä½œæˆåŠŸ\",\"code\":200}',0,NULL,'2024-08-30 17:30:05',99),(146,'å­—å…¸æ•°æ®',1,'com.dkd.web.controller.system.SysDictDataController.add()','POST',1,'admin','ç ”å‘éƒ¨é—¨','/system/dict/data','127.0.0.1','å†…ç½‘IP','{\"createBy\":\"admin\",\"default\":false,\"dictLabel\":\"å¯ç”¨\",\"dictSort\":1,\"dictType\":\"emp_status\",\"dictValue\":\"1\",\"listClass\":\"default\",\"params\":{},\"status\":\"0\"}','{\"msg\":\"æ“ä½œæˆåŠŸ\",\"code\":200}',0,NULL,'2024-08-30 17:30:20',107),(147,'å­—å…¸æ•°æ®',1,'com.dkd.web.controller.system.SysDictDataController.add()','POST',1,'admin','ç ”å‘éƒ¨é—¨','/system/dict/data','127.0.0.1','å†…ç½‘IP','{\"createBy\":\"admin\",\"default\":false,\"dictLabel\":\"åœç”¨\",\"dictSort\":2,\"dictType\":\"emp_status\",\"dictValue\":\"0\",\"listClass\":\"default\",\"params\":{},\"status\":\"0\"}','{\"msg\":\"æ“ä½œæˆåŠŸ\",\"code\":200}',0,NULL,'2024-08-30 17:30:33',101),(148,'ä»£ç ç”Ÿæˆ',6,'com.dkd.generator.controller.GenController.importTableSave()','POST',1,'admin','ç ”å‘éƒ¨é—¨','/tool/gen/importTable','127.0.0.1','å†…ç½‘IP','{\"tables\":\"tb_emp,tb_role\"}','{\"msg\":\"æ“ä½œæˆåŠŸ\",\"code\":200}',0,NULL,'2024-08-30 17:31:14',185),(149,'ä»£ç ç”Ÿæˆ',2,'com.dkd.generator.controller.GenController.editSave()','PUT',1,'admin','ç ”å‘éƒ¨é—¨','/tool/gen','127.0.0.1','å†…ç½‘IP','{\"businessName\":\"emp\",\"className\":\"Emp\",\"columns\":[{\"capJavaField\":\"Id\",\"columnComment\":\"ä¸»é”®\",\"columnId\":31,\"columnName\":\"id\",\"columnType\":\"int\",\"createBy\":\"admin\",\"createTime\":\"2024-08-30 17:31:14\",\"dictType\":\"\",\"edit\":false,\"htmlType\":\"input\",\"increment\":true,\"insert\":false,\"isIncrement\":\"1\",\"isInsert\":\"0\",\"isPk\":\"1\",\"isRequired\":\"0\",\"javaField\":\"id\",\"javaType\":\"Long\",\"list\":false,\"params\":{},\"pk\":true,\"query\":false,\"queryType\":\"EQ\",\"required\":false,\"sort\":1,\"superColumn\":false,\"tableId\":4,\"updateBy\":\"\",\"usableColumn\":false},{\"capJavaField\":\"UserName\",\"columnComment\":\"äººå‘˜åç§°\",\"columnId\":32,\"columnName\":\"user_name\",\"columnType\":\"varchar(50)\",\"createBy\":\"admin\",\"createTime\":\"2024-08-30 17:31:14\",\"dictType\":\"\",\"edit\":true,\"htmlType\":\"input\",\"increment\":false,\"insert\":true,\"isEdit\":\"1\",\"isIncrement\":\"0\",\"isInsert\":\"1\",\"isList\":\"1\",\"isPk\":\"0\",\"isQuery\":\"1\",\"isRequired\":\"1\",\"javaField\":\"userName\",\"javaType\":\"String\",\"list\":true,\"params\":{},\"pk\":false,\"query\":true,\"queryType\":\"LIKE\",\"required\":true,\"sort\":2,\"superColumn\":false,\"tableId\":4,\"updateBy\":\"\",\"usableColumn\":false},{\"capJavaField\":\"RegionId\",\"columnComment\":\"æ‰€å±åŒºåŸŸId\",\"columnId\":33,\"columnName\":\"region_id\",\"columnType\":\"int\",\"createBy\":\"admin\",\"createTime\":\"2024-08-30 17:31:14\",\"dictType\":\"\",\"edit\":true,\"htmlType\":\"input\",\"increment\":false,\"insert\":true,\"isEdit\":\"1\",\"isIncrement\":\"0\",\"isInsert\":\"1\",\"isList\":\"0\",\"isPk\":\"0\",\"isQuery\":\"1\",\"isRequired\":\"1\",\"javaField\":\"regionId\",\"javaType\":\"Long\",\"list\":false,\"params\":{},\"pk\":false,\"query\":true,\"queryType\":\"EQ\",\"required\":true,\"sort\":3,\"superColumn\":false,\"tableId\":4,\"updateBy\":\"\",\"usableColumn\":false},{\"capJavaField\":\"RegionName\",\"columnComment\":\"å½’å±åŒºåŸŸ\",\"columnId\":34,\"columnName\":\"region_name\",\"columnType\":\"varchar(50)\",\"createBy\":\"admin\",\"createTime\":\"2024-08-30 17:31:14\",\"dictType\":\"\",\"edit\":false,\"htmlType\":\"input\",\"increment\":false,\"insert\":false,\"isEdit\":\"0\",\"isIncrement\":\"0\",\"isInsert\":\"0\",\"isList\":\"1\",\"isPk\":\"0\",\"isQuery\":\"0\",\"isRequired\":\"0\",\"javaField\":\"regionNa','{\"msg\":\"æ“ä½œæˆåŠŸ\",\"code\":200}',0,NULL,'2024-08-30 17:37:18',109),(150,'ä»£ç ç”Ÿæˆ',2,'com.dkd.generator.controller.GenController.editSave()','PUT',1,'admin','ç ”å‘éƒ¨é—¨','/tool/gen','127.0.0.1','å†…ç½‘IP','{\"businessName\":\"role\",\"className\":\"Role\",\"columns\":[{\"capJavaField\":\"RoleId\",\"columnId\":43,\"columnName\":\"role_id\",\"columnType\":\"int\",\"createBy\":\"admin\",\"createTime\":\"2024-08-30 17:31:14\",\"dictType\":\"\",\"edit\":false,\"htmlType\":\"input\",\"increment\":true,\"insert\":true,\"isIncrement\":\"1\",\"isInsert\":\"1\",\"isPk\":\"1\",\"isRequired\":\"0\",\"javaField\":\"roleId\",\"javaType\":\"Long\",\"list\":false,\"params\":{},\"pk\":true,\"query\":false,\"queryType\":\"EQ\",\"required\":false,\"sort\":1,\"superColumn\":false,\"tableId\":5,\"updateBy\":\"\",\"usableColumn\":false},{\"capJavaField\":\"RoleCode\",\"columnComment\":\"è§’è‰²ç¼–ç \\n\",\"columnId\":44,\"columnName\":\"role_code\",\"columnType\":\"varchar(50)\",\"createBy\":\"admin\",\"createTime\":\"2024-08-30 17:31:14\",\"dictType\":\"\",\"edit\":true,\"htmlType\":\"input\",\"increment\":false,\"insert\":true,\"isEdit\":\"1\",\"isIncrement\":\"0\",\"isInsert\":\"1\",\"isList\":\"1\",\"isPk\":\"0\",\"isQuery\":\"1\",\"isRequired\":\"0\",\"javaField\":\"roleCode\",\"javaType\":\"String\",\"list\":true,\"params\":{},\"pk\":false,\"query\":true,\"queryType\":\"EQ\",\"required\":false,\"sort\":2,\"superColumn\":false,\"tableId\":5,\"updateBy\":\"\",\"usableColumn\":false},{\"capJavaField\":\"RoleName\",\"columnComment\":\"è§’è‰²åç§°\\n\",\"columnId\":45,\"columnName\":\"role_name\",\"columnType\":\"varchar(50)\",\"createBy\":\"admin\",\"createTime\":\"2024-08-30 17:31:14\",\"dictType\":\"\",\"edit\":true,\"htmlType\":\"input\",\"increment\":false,\"insert\":true,\"isEdit\":\"1\",\"isIncrement\":\"0\",\"isInsert\":\"1\",\"isList\":\"1\",\"isPk\":\"0\",\"isQuery\":\"1\",\"isRequired\":\"0\",\"javaField\":\"roleName\",\"javaType\":\"String\",\"list\":true,\"params\":{},\"pk\":false,\"query\":true,\"queryType\":\"LIKE\",\"required\":false,\"sort\":3,\"superColumn\":false,\"tableId\":5,\"updateBy\":\"\",\"usableColumn\":false}],\"crud\":true,\"functionAuthor\":\"itheima\",\"functionName\":\"å·¥å•è§’è‰²\",\"genPath\":\"/\",\"genType\":\"0\",\"moduleName\":\"manage\",\"options\":\"{\\\"parentMenuId\\\":2019}\",\"packageName\":\"com.dkd.manage\",\"params\":{\"parentMenuId\":2019},\"parentMenuId\":\"2019\",\"sub\":false,\"tableComment\":\"å·¥å•è§’è‰²è¡¨\",\"tableId\":5,\"tableName\":\"tb_role\",\"tplCategory\":\"crud\",\"tplWebType\":\"element-plus\",\"tree\":false}','{\"msg\":\"æ“ä½œæˆåŠŸ\",\"code\":200}',0,NULL,'2024-08-30 17:38:01',110),(151,'ä»£ç ç”Ÿæˆ',8,'com.dkd.generator.controller.GenController.batchGenCode()','GET',1,'admin','ç ”å‘éƒ¨é—¨','/tool/gen/batchGenCode','127.0.0.1','å†…ç½‘IP','{\"tables\":\"tb_emp,tb_role\"}',NULL,0,NULL,'2024-08-30 17:38:08',566),(152,'ä»£ç ç”Ÿæˆ',2,'com.dkd.generator.controller.GenController.editSave()','PUT',1,'admin','ç ”å‘éƒ¨é—¨','/tool/gen','127.0.0.1','å†…ç½‘IP','{\"businessName\":\"emp\",\"className\":\"Emp\",\"columns\":[{\"capJavaField\":\"Id\",\"columnComment\":\"ä¸»é”®\",\"columnId\":31,\"columnName\":\"id\",\"columnType\":\"int\",\"createBy\":\"admin\",\"createTime\":\"2024-08-30 17:31:14\",\"dictType\":\"\",\"edit\":false,\"htmlType\":\"input\",\"increment\":true,\"insert\":false,\"isIncrement\":\"1\",\"isInsert\":\"0\",\"isPk\":\"1\",\"isRequired\":\"0\",\"javaField\":\"id\",\"javaType\":\"Long\",\"list\":false,\"params\":{},\"pk\":true,\"query\":false,\"queryType\":\"EQ\",\"required\":false,\"sort\":1,\"superColumn\":false,\"tableId\":4,\"updateBy\":\"\",\"updateTime\":\"2024-08-30 17:37:18\",\"usableColumn\":false},{\"capJavaField\":\"UserName\",\"columnComment\":\"äººå‘˜åç§°\",\"columnId\":32,\"columnName\":\"user_name\",\"columnType\":\"varchar(50)\",\"createBy\":\"admin\",\"createTime\":\"2024-08-30 17:31:14\",\"dictType\":\"\",\"edit\":true,\"htmlType\":\"input\",\"increment\":false,\"insert\":true,\"isEdit\":\"1\",\"isIncrement\":\"0\",\"isInsert\":\"1\",\"isList\":\"1\",\"isPk\":\"0\",\"isQuery\":\"1\",\"isRequired\":\"1\",\"javaField\":\"userName\",\"javaType\":\"String\",\"list\":true,\"params\":{},\"pk\":false,\"query\":true,\"queryType\":\"LIKE\",\"required\":true,\"sort\":2,\"superColumn\":false,\"tableId\":4,\"updateBy\":\"\",\"updateTime\":\"2024-08-30 17:37:18\",\"usableColumn\":false},{\"capJavaField\":\"RegionId\",\"columnComment\":\"æ‰€å±åŒºåŸŸId\",\"columnId\":33,\"columnName\":\"region_id\",\"columnType\":\"int\",\"createBy\":\"admin\",\"createTime\":\"2024-08-30 17:31:14\",\"dictType\":\"\",\"edit\":true,\"htmlType\":\"input\",\"increment\":false,\"insert\":true,\"isEdit\":\"1\",\"isIncrement\":\"0\",\"isInsert\":\"1\",\"isList\":\"0\",\"isPk\":\"0\",\"isQuery\":\"1\",\"isRequired\":\"1\",\"javaField\":\"regionId\",\"javaType\":\"Long\",\"list\":false,\"params\":{},\"pk\":false,\"query\":true,\"queryType\":\"EQ\",\"required\":true,\"sort\":3,\"superColumn\":false,\"tableId\":4,\"updateBy\":\"\",\"updateTime\":\"2024-08-30 17:37:18\",\"usableColumn\":false},{\"capJavaField\":\"RegionName\",\"columnComment\":\"å½’å±åŒºåŸŸ\",\"columnId\":34,\"columnName\":\"region_name\",\"columnType\":\"varchar(50)\",\"createBy\":\"admin\",\"createTime\":\"2024-08-30 17:31:14\",\"dictType\":\"\",\"edit\":false,\"htmlType\":\"input\",\"increment\":false,\"insert\":false,\"isEdit\":\"0\",\"isI','{\"msg\":\"æ“ä½œæˆåŠŸ\",\"code\":200}',0,NULL,'2024-08-30 17:53:44',113),(153,'ä»£ç ç”Ÿæˆ',8,'com.dkd.generator.controller.GenController.batchGenCode()','GET',1,'admin','ç ”å‘éƒ¨é—¨','/tool/gen/batchGenCode','127.0.0.1','å†…ç½‘IP','{\"tables\":\"tb_emp\"}',NULL,0,NULL,'2024-08-30 17:53:48',216),(154,'èœå•ç®¡ç†',2,'com.dkd.web.controller.system.SysMenuController.edit()','PUT',1,'admin','ç ”å‘éƒ¨é—¨','/system/menu','127.0.0.1','å†…ç½‘IP','{\"children\":[],\"component\":\"manage/emp/index\",\"createTime\":\"2024-08-30 17:40:38\",\"icon\":\"äººå‘˜åˆ—è¡¨\",\"isCache\":\"0\",\"isFrame\":\"1\",\"menuId\":2020,\"menuName\":\"äººå‘˜åˆ—è¡¨\",\"menuType\":\"C\",\"orderNum\":1,\"params\":{},\"parentId\":2019,\"path\":\"emp\",\"perms\":\"manage:emp:list\",\"status\":\"0\",\"updateBy\":\"admin\",\"visible\":\"0\"}','{\"msg\":\"æ“ä½œæˆåŠŸ\",\"code\":200}',0,NULL,'2024-08-30 17:57:23',101),(155,'äººå‘˜åˆ—è¡¨',1,'com.dkd.manage.controller.EmpController.add()','POST',1,'admin','ç ”å‘éƒ¨é—¨','/manage/emp','127.0.0.1','å†…ç½‘IP','{\"createTime\":\"2024-08-30 18:49:52\",\"id\":55,\"image\":\"/profile/upload/2024/08/30/å‘˜å·¥å¤´åƒ_20240830184949A003.png\",\"mobile\":\"13800138001\",\"params\":{},\"regionId\":4,\"roleId\":2,\"status\":1,\"userName\":\"å°æ™º\"}','{\"msg\":\"æ“ä½œæˆåŠŸ\",\"code\":200}',0,NULL,'2024-08-30 18:49:52',92),(156,'äººå‘˜åˆ—è¡¨',2,'com.dkd.manage.controller.EmpController.edit()','PUT',1,'admin','ç ”å‘éƒ¨é—¨','/manage/emp','127.0.0.1','å†…ç½‘IP','{\"createTime\":\"2024-08-30 18:49:52\",\"id\":55,\"image\":\"/profile/upload/2024/08/30/å‘˜å·¥å¤´åƒ_20240830184949A003.png\",\"mobile\":\"13800138001\",\"params\":{},\"regionId\":4,\"regionName\":\"åŒ—äº¬å¸‚åŒ—äº”ç¯å¥¥ä½“ä¸­å¿ƒ\",\"roleCode\":\"1003\",\"roleId\":3,\"roleName\":\"ç»´ä¿®å‘˜\",\"status\":1,\"updateTime\":\"2024-08-30 18:57:22\",\"userName\":\"å°æ™º\"}','{\"msg\":\"æ“ä½œæˆåŠŸ\",\"code\":200}',0,NULL,'2024-08-30 18:57:22',128),(157,'äººå‘˜åˆ—è¡¨',3,'com.dkd.manage.controller.EmpController.remove()','DELETE',1,'admin','ç ”å‘éƒ¨é—¨','/manage/emp/55','127.0.0.1','å†…ç½‘IP','{}','{\"msg\":\"æ“ä½œæˆåŠŸ\",\"code\":200}',0,NULL,'2024-08-30 18:57:26',112),(158,'äººå‘˜åˆ—è¡¨',1,'com.dkd.manage.controller.EmpController.add()','POST',1,'admin','ç ”å‘éƒ¨é—¨','/manage/emp','127.0.0.1','å†…ç½‘IP','{\"createTime\":\"2024-08-30 18:58:52\",\"id\":56,\"image\":\"/profile/upload/2024/08/30/å‘˜å·¥å¤´åƒ_20240830185848A002.png\",\"mobile\":\"13800138001\",\"params\":{},\"regionId\":4,\"regionName\":\"åŒ—äº¬å¸‚åŒ—äº”ç¯å¥¥ä½“ä¸­å¿ƒ\",\"roleCode\":\"1002\",\"roleId\":2,\"roleName\":\"è¿è¥å‘˜\",\"status\":1,\"userName\":\"å°æ™º\"}','{\"msg\":\"æ“ä½œæˆåŠŸ\",\"code\":200}',0,NULL,'2024-08-30 18:58:52',109),(159,'äººå‘˜åˆ—è¡¨',2,'com.dkd.manage.controller.EmpController.edit()','PUT',1,'admin','ç ”å‘éƒ¨é—¨','/manage/emp','127.0.0.1','å†…ç½‘IP','{\"createTime\":\"2024-08-30 18:58:52\",\"id\":56,\"image\":\"/profile/upload/2024/08/30/å‘˜å·¥å¤´åƒ_20240830185848A002.png\",\"mobile\":\"13800138001\",\"params\":{},\"regionId\":4,\"regionName\":\"åŒ—äº¬å¸‚åŒ—äº”ç¯å¥¥ä½“ä¸­å¿ƒ\",\"roleCode\":\"1003\",\"roleId\":3,\"roleName\":\"ç»´ä¿®å‘˜\",\"status\":1,\"updateTime\":\"2024-08-30 19:00:32\",\"userName\":\"å°æ™º\"}','{\"msg\":\"æ“ä½œæˆåŠŸ\",\"code\":200}',0,NULL,'2024-08-30 19:00:32',113),(160,'äººå‘˜åˆ—è¡¨',2,'com.dkd.manage.controller.EmpController.edit()','PUT',1,'admin','ç ”å‘éƒ¨é—¨','/manage/emp','127.0.0.1','å†…ç½‘IP','{\"createTime\":\"2024-08-30 18:58:52\",\"id\":56,\"image\":\"/profile/upload/2024/08/30/å‘˜å·¥å¤´åƒ_20240830185848A002.png\",\"mobile\":\"13800138001\",\"params\":{},\"regionId\":1,\"regionName\":\"åŒ—äº¬å¸‚æµ·æ·€åŒº\",\"roleCode\":\"1003\",\"roleId\":3,\"roleName\":\"ç»´ä¿®å‘˜\",\"status\":1,\"updateTime\":\"2024-08-30 19:00:35\",\"userName\":\"å°æ™º\"}','{\"msg\":\"æ“ä½œæˆåŠŸ\",\"code\":200}',0,NULL,'2024-08-30 19:00:35',112),(161,'äººå‘˜åˆ—è¡¨',3,'com.dkd.manage.controller.EmpController.remove()','DELETE',1,'admin','ç ”å‘éƒ¨é—¨','/manage/emp/56','127.0.0.1','å†…ç½‘IP','{}','{\"msg\":\"æ“ä½œæˆåŠŸ\",\"code\":200}',0,NULL,'2024-08-30 19:00:38',132),(162,'äººå‘˜åˆ—è¡¨',1,'com.dkd.manage.controller.EmpController.add()','POST',1,'admin','ç ”å‘éƒ¨é—¨','/manage/emp','127.0.0.1','å†…ç½‘IP','{\"createTime\":\"2024-08-30 19:01:03\",\"id\":57,\"image\":\"/profile/upload/2024/08/30/å‘˜å·¥å¤´åƒ_20240830190101A003.png\",\"mobile\":\"13800138001\",\"params\":{},\"regionId\":4,\"regionName\":\"åŒ—äº¬å¸‚åŒ—äº”ç¯å¥¥ä½“ä¸­å¿ƒ\",\"roleCode\":\"1002\",\"roleId\":2,\"roleName\":\"è¿è¥å‘˜\",\"status\":1,\"userName\":\"å°æ™º\"}','{\"msg\":\"æ“ä½œæˆåŠŸ\",\"code\":200}',0,NULL,'2024-08-30 19:01:03',151),(163,'äººå‘˜åˆ—è¡¨',1,'com.dkd.manage.controller.EmpController.add()','POST',1,'admin','ç ”å‘éƒ¨é—¨','/manage/emp','127.0.0.1','å†…ç½‘IP','{\"createTime\":\"2024-08-30 19:02:24\",\"id\":58,\"image\":\"/profile/upload/2024/08/30/å‘˜å·¥å¤´åƒ_20240830190223A004.png\",\"mobile\":\"13800138002\",\"params\":{},\"regionId\":4,\"regionName\":\"åŒ—äº¬å¸‚åŒ—äº”ç¯å¥¥ä½“ä¸­å¿ƒ\",\"roleCode\":\"1003\",\"roleId\":3,\"roleName\":\"ç»´ä¿®å‘˜\",\"status\":1,\"userName\":\"æ’­å¦\"}','{\"msg\":\"æ“ä½œæˆåŠŸ\",\"code\":200}',0,NULL,'2024-08-30 19:02:24',190),(164,'äººå‘˜åˆ—è¡¨',2,'com.dkd.manage.controller.EmpController.edit()','PUT',1,'admin','ç ”å‘éƒ¨é—¨','/manage/emp','127.0.0.1','å†…ç½‘IP','{\"createTime\":\"2024-08-30 19:02:24\",\"id\":58,\"image\":\"/profile/upload/2024/08/30/å‘˜å·¥å¤´åƒ_20240830190223A004.png\",\"mobile\":\"13800138002\",\"params\":{},\"regionId\":3,\"regionName\":\"åŒ—äº¬å¸‚ä¸œåŸåŒº\",\"roleCode\":\"1003\",\"roleId\":3,\"roleName\":\"ç»´ä¿®å‘˜\",\"status\":1,\"updateTime\":\"2024-08-30 19:02:35\",\"userName\":\"æ’­å¦\"}','{\"msg\":\"æ“ä½œæˆåŠŸ\",\"code\":200}',0,NULL,'2024-08-30 19:02:35',118),(165,'äººå‘˜åˆ—è¡¨',2,'com.dkd.manage.controller.EmpController.edit()','PUT',1,'admin','ç ”å‘éƒ¨é—¨','/manage/emp','127.0.0.1','å†…ç½‘IP','{\"createTime\":\"2024-08-30 19:02:24\",\"id\":58,\"image\":\"/profile/upload/2024/08/30/å‘˜å·¥å¤´åƒ_20240830190223A004.png\",\"mobile\":\"13800138002\",\"params\":{},\"regionId\":4,\"regionName\":\"åŒ—äº¬å¸‚åŒ—äº”ç¯å¥¥ä½“ä¸­å¿ƒ\",\"roleCode\":\"1003\",\"roleId\":3,\"roleName\":\"ç»´ä¿®å‘˜\",\"status\":1,\"updateTime\":\"2024-08-30 19:02:42\",\"userName\":\"æ’­å¦\"}','{\"msg\":\"æ“ä½œæˆåŠŸ\",\"code\":200}',0,NULL,'2024-08-30 19:02:42',128),(166,'åŒºåŸŸç®¡ç†',2,'com.dkd.manage.controller.RegionController.edit()','PUT',1,'admin','ç ”å‘éƒ¨é—¨','/manage/region','127.0.0.1','å†…ç½‘IP','{\"createTime\":\"2024-08-29 17:52:11\",\"id\":4,\"params\":{},\"regionName\":\"åŒ—äº¬å¸‚å¥¥ä½“ä¸­å¿ƒ\",\"remark\":\"åŒ—äº¬å¸‚å¥¥ä½“ä¸­å¿ƒ\",\"updateTime\":\"2024-08-30 19:24:02\"}','{\"msg\":\"æ“ä½œæˆåŠŸ\",\"code\":200}',0,NULL,'2024-08-30 19:24:02',82),(167,'åŒºåŸŸç®¡ç†',2,'com.dkd.manage.controller.RegionController.edit()','PUT',1,'admin','ç ”å‘éƒ¨é—¨','/manage/region','127.0.0.1','å†…ç½‘IP','{\"createTime\":\"2024-08-29 17:52:11\",\"id\":4,\"params\":{},\"regionName\":\"åŒ—äº¬å¸‚åŒ—äº”ç¯å¥¥ä½“ä¸­å¿ƒ\",\"remark\":\"åŒ—äº¬å¸‚åŒ—äº”ç¯å¥¥ä½“ä¸­å¿ƒ\",\"updateTime\":\"2024-08-30 19:41:41\"}','{\"msg\":\"æ“ä½œæˆåŠŸ\",\"code\":200}',0,NULL,'2024-08-30 19:41:42',125),(168,'åŒºåŸŸç®¡ç†',3,'com.dkd.manage.controller.RegionController.remove()','DELETE',1,'admin','ç ”å‘éƒ¨é—¨','/manage/region/4','127.0.0.1','å†…ç½‘IP','{}',NULL,1,'\r\n### Error updating database.  Cause: java.sql.SQLIntegrityConstraintViolationException: Cannot delete or update a parent row: a foreign key constraint fails (`dkd`.`tb_emp`, CONSTRAINT `tb_emp_ibfk_2` FOREIGN KEY (`region_id`) REFERENCES `tb_region` (`id`))\r\n### The error may exist in file [F:\\JAVA\\back-end\\project\\RuoYi-Vue\\dkd-parent\\dkd-manage\\target\\classes\\mapper\\manage\\RegionMapper.xml]\r\n### The error may involve com.dkd.manage.mapper.RegionMapper.deleteRegionByIds-Inline\r\n### The error occurred while setting parameters\r\n### SQL: delete from tb_region where id in           (               ?          )\r\n### Cause: java.sql.SQLIntegrityConstraintViolationException: Cannot delete or update a parent row: a foreign key constraint fails (`dkd`.`tb_emp`, CONSTRAINT `tb_emp_ibfk_2` FOREIGN KEY (`region_id`) REFERENCES `tb_region` (`id`))\n; Cannot delete or update a parent row: a foreign key constraint fails (`dkd`.`tb_emp`, CONSTRAINT `tb_emp_ibfk_2` FOREIGN KEY (`region_id`) REFERENCES `tb_region` (`id`)); nested exception is java.sql.SQLIntegrityConstraintViolationException: Cannot delete or update a parent row: a foreign key constraint fails (`dkd`.`tb_emp`, CONSTRAINT `tb_emp_ibfk_2` FOREIGN KEY (`region_id`) REFERENCES `tb_region` (`id`))','2024-08-30 21:11:57',228),(169,'åˆä½œå•†ç®¡ç†',3,'com.dkd.manage.controller.PartnerController.remove()','DELETE',1,'admin','ç ”å‘éƒ¨é—¨','/manage/partner/4','127.0.0.1','å†…ç½‘IP','{}',NULL,1,'\r\n### Error updating database.  Cause: java.sql.SQLIntegrityConstraintViolationException: Cannot delete or update a parent row: a foreign key constraint fails (`dkd`.`tb_node`, CONSTRAINT `tb_node_ibfk_2` FOREIGN KEY (`partner_id`) REFERENCES `tb_partner` (`id`))\r\n### The error may exist in file [F:\\JAVA\\back-end\\project\\RuoYi-Vue\\dkd-parent\\dkd-manage\\target\\classes\\mapper\\manage\\PartnerMapper.xml]\r\n### The error may involve com.dkd.manage.mapper.PartnerMapper.deletePartnerByIds-Inline\r\n### The error occurred while setting parameters\r\n### SQL: delete from tb_partner where id in           (               ?          )\r\n### Cause: java.sql.SQLIntegrityConstraintViolationException: Cannot delete or update a parent row: a foreign key constraint fails (`dkd`.`tb_node`, CONSTRAINT `tb_node_ibfk_2` FOREIGN KEY (`partner_id`) REFERENCES `tb_partner` (`id`))\n; Cannot delete or update a parent row: a foreign key constraint fails (`dkd`.`tb_node`, CONSTRAINT `tb_node_ibfk_2` FOREIGN KEY (`partner_id`) REFERENCES `tb_partner` (`id`)); nested exception is java.sql.SQLIntegrityConstraintViolationException: Cannot delete or update a parent row: a foreign key constraint fails (`dkd`.`tb_node`, CONSTRAINT `tb_node_ibfk_2` FOREIGN KEY (`partner_id`) REFERENCES `tb_partner` (`id`))','2024-08-30 21:12:02',81),(170,'èœå•ç®¡ç†',1,'com.dkd.web.controller.system.SysMenuController.add()','POST',1,'admin','ç ”å‘éƒ¨é—¨','/system/menu','127.0.0.1','å†…ç½‘IP','{\"children\":[],\"createBy\":\"admin\",\"icon\":\"è®¾å¤‡ç®¡ç†\",\"isCache\":\"0\",\"isFrame\":\"1\",\"menuName\":\"è®¾å¤‡ç®¡ç†\",\"menuType\":\"M\",\"orderNum\":3,\"params\":{},\"parentId\":0,\"path\":\"vm\",\"status\":\"0\",\"visible\":\"0\"}','{\"msg\":\"æ“ä½œæˆåŠŸ\",\"code\":200}',0,NULL,'2024-08-30 21:17:53',91),(171,'å­—å…¸ç±»å‹',1,'com.dkd.web.controller.system.SysDictTypeController.add()','POST',1,'admin','ç ”å‘éƒ¨é—¨','/system/dict/type','127.0.0.1','å†…ç½‘IP','{\"createBy\":\"admin\",\"dictName\":\"è®¾å¤‡çŠ¶æ€\",\"dictType\":\"vm_status\",\"params\":{},\"remark\":\"è®¾å¤‡çŠ¶æ€\",\"status\":\"0\"}','{\"msg\":\"æ“ä½œæˆåŠŸ\",\"code\":200}',0,NULL,'2024-08-30 21:18:34',76),(172,'å­—å…¸æ•°æ®',1,'com.dkd.web.controller.system.SysDictDataController.add()','POST',1,'admin','ç ”å‘éƒ¨é—¨','/system/dict/data','127.0.0.1','å†…ç½‘IP','{\"createBy\":\"admin\",\"default\":false,\"dictLabel\":\"æœªæŠ•æ”¾\",\"dictSort\":1,\"dictType\":\"vm_status\",\"dictValue\":\"0\",\"listClass\":\"default\",\"params\":{},\"status\":\"0\"}','{\"msg\":\"æ“ä½œæˆåŠŸ\",\"code\":200}',0,NULL,'2024-08-30 21:18:52',103),(173,'å­—å…¸æ•°æ®',1,'com.dkd.web.controller.system.SysDictDataController.add()','POST',1,'admin','ç ”å‘éƒ¨é—¨','/system/dict/data','127.0.0.1','å†…ç½‘IP','{\"createBy\":\"admin\",\"default\":false,\"dictLabel\":\"è¿è¥\",\"dictSort\":2,\"dictType\":\"vm_status\",\"dictValue\":\"1\",\"listClass\":\"default\",\"params\":{},\"status\":\"0\"}','{\"msg\":\"æ“ä½œæˆåŠŸ\",\"code\":200}',0,NULL,'2024-08-30 21:19:02',119),(174,'å­—å…¸æ•°æ®',1,'com.dkd.web.controller.system.SysDictDataController.add()','POST',1,'admin','ç ”å‘éƒ¨é—¨','/system/dict/data','127.0.0.1','å†…ç½‘IP','{\"createBy\":\"admin\",\"default\":false,\"dictLabel\":\"æ’¤æœº\",\"dictSort\":3,\"dictType\":\"vm_status\",\"dictValue\":\"3\",\"listClass\":\"default\",\"params\":{},\"status\":\"0\"}','{\"msg\":\"æ“ä½œæˆåŠŸ\",\"code\":200}',0,NULL,'2024-08-30 21:20:14',97),(175,'ä»£ç ç”Ÿæˆ',6,'com.dkd.generator.controller.GenController.importTableSave()','POST',1,'admin','ç ”å‘éƒ¨é—¨','/tool/gen/importTable','127.0.0.1','å†…ç½‘IP','{\"tables\":\"tb_channel,tb_vm_type\"}','{\"msg\":\"æ“ä½œæˆåŠŸ\",\"code\":200}',0,NULL,'2024-08-30 21:21:17',221),(176,'ä»£ç ç”Ÿæˆ',6,'com.dkd.generator.controller.GenController.importTableSave()','POST',1,'admin','ç ”å‘éƒ¨é—¨','/tool/gen/importTable','127.0.0.1','å†…ç½‘IP','{\"tables\":\"tb_vending_machine\"}','{\"msg\":\"æ“ä½œæˆåŠŸ\",\"code\":200}',0,NULL,'2024-08-30 21:21:32',136),(177,'ä»£ç ç”Ÿæˆ',2,'com.dkd.generator.controller.GenController.editSave()','PUT',1,'admin','ç ”å‘éƒ¨é—¨','/tool/gen','127.0.0.1','å†…ç½‘IP','{\"businessName\":\"vmType\",\"className\":\"VmType\",\"columns\":[{\"capJavaField\":\"Id\",\"columnComment\":\"ä¸»é”®\",\"columnId\":56,\"columnName\":\"id\",\"columnType\":\"int\",\"createBy\":\"admin\",\"createTime\":\"2024-08-30 21:21:17\",\"dictType\":\"\",\"edit\":false,\"htmlType\":\"input\",\"increment\":true,\"insert\":false,\"isIncrement\":\"1\",\"isInsert\":\"0\",\"isPk\":\"1\",\"isRequired\":\"0\",\"javaField\":\"id\",\"javaType\":\"Long\",\"list\":false,\"params\":{},\"pk\":true,\"query\":false,\"queryType\":\"EQ\",\"required\":false,\"sort\":1,\"superColumn\":false,\"tableId\":7,\"updateBy\":\"\",\"usableColumn\":false},{\"capJavaField\":\"Name\",\"columnComment\":\"å‹å·åç§°\",\"columnId\":57,\"columnName\":\"name\",\"columnType\":\"varchar(15)\",\"createBy\":\"admin\",\"createTime\":\"2024-08-30 21:21:17\",\"dictType\":\"\",\"edit\":true,\"htmlType\":\"input\",\"increment\":false,\"insert\":true,\"isEdit\":\"1\",\"isIncrement\":\"0\",\"isInsert\":\"1\",\"isList\":\"1\",\"isPk\":\"0\",\"isQuery\":\"1\",\"isRequired\":\"1\",\"javaField\":\"name\",\"javaType\":\"String\",\"list\":true,\"params\":{},\"pk\":false,\"query\":true,\"queryType\":\"LIKE\",\"required\":true,\"sort\":2,\"superColumn\":false,\"tableId\":7,\"updateBy\":\"\",\"usableColumn\":false},{\"capJavaField\":\"Model\",\"columnComment\":\"å‹å·ç¼–ç \",\"columnId\":58,\"columnName\":\"model\",\"columnType\":\"varchar(20)\",\"createBy\":\"admin\",\"createTime\":\"2024-08-30 21:21:17\",\"dictType\":\"\",\"edit\":true,\"htmlType\":\"input\",\"increment\":false,\"insert\":true,\"isEdit\":\"1\",\"isIncrement\":\"0\",\"isInsert\":\"1\",\"isList\":\"1\",\"isPk\":\"0\",\"isQuery\":\"1\",\"isRequired\":\"1\",\"javaField\":\"model\",\"javaType\":\"String\",\"list\":true,\"params\":{},\"pk\":false,\"query\":true,\"queryType\":\"EQ\",\"required\":true,\"sort\":3,\"superColumn\":false,\"tableId\":7,\"updateBy\":\"\",\"usableColumn\":false},{\"capJavaField\":\"Image\",\"columnComment\":\"è®¾å¤‡å›¾ç‰‡\",\"columnId\":59,\"columnName\":\"image\",\"columnType\":\"varchar(500)\",\"createBy\":\"admin\",\"createTime\":\"2024-08-30 21:21:17\",\"dictType\":\"\",\"edit\":true,\"htmlType\":\"imageUpload\",\"increment\":false,\"insert\":true,\"isEdit\":\"1\",\"isIncrement\":\"0\",\"isInsert\":\"1\",\"isList\":\"1\",\"isPk\":\"0\",\"isQuery\":\"0\",\"isRequired\":\"1\",\"javaField\":\"image\",\"javaType\":\"Strin','{\"msg\":\"æ“ä½œæˆåŠŸ\",\"code\":200}',0,NULL,'2024-08-30 21:24:30',124),(178,'ä»£ç ç”Ÿæˆ',2,'com.dkd.generator.controller.GenController.editSave()','PUT',1,'admin','ç ”å‘éƒ¨é—¨','/tool/gen','127.0.0.1','å†…ç½‘IP','{\"businessName\":\"vm\",\"className\":\"VendingMachine\",\"columns\":[{\"capJavaField\":\"Id\",\"columnComment\":\"ä¸»é”®\",\"columnId\":63,\"columnName\":\"id\",\"columnType\":\"bigint\",\"createBy\":\"admin\",\"createTime\":\"2024-08-30 21:21:31\",\"dictType\":\"\",\"edit\":false,\"htmlType\":\"input\",\"increment\":true,\"insert\":false,\"isIncrement\":\"1\",\"isInsert\":\"0\",\"isPk\":\"1\",\"isRequired\":\"0\",\"javaField\":\"id\",\"javaType\":\"Long\",\"list\":false,\"params\":{},\"pk\":true,\"query\":false,\"queryType\":\"EQ\",\"required\":false,\"sort\":1,\"superColumn\":false,\"tableId\":8,\"updateBy\":\"\",\"usableColumn\":false},{\"capJavaField\":\"InnerCode\",\"columnComment\":\"è®¾å¤‡ç¼–å·\",\"columnId\":64,\"columnName\":\"inner_code\",\"columnType\":\"varchar(15)\",\"createBy\":\"admin\",\"createTime\":\"2024-08-30 21:21:31\",\"dictType\":\"\",\"edit\":true,\"htmlType\":\"input\",\"increment\":false,\"insert\":true,\"isEdit\":\"1\",\"isIncrement\":\"0\",\"isInsert\":\"1\",\"isList\":\"1\",\"isPk\":\"0\",\"isQuery\":\"1\",\"isRequired\":\"0\",\"javaField\":\"innerCode\",\"javaType\":\"String\",\"list\":true,\"params\":{},\"pk\":false,\"query\":true,\"queryType\":\"EQ\",\"required\":false,\"sort\":2,\"superColumn\":false,\"tableId\":8,\"updateBy\":\"\",\"usableColumn\":false},{\"capJavaField\":\"ChannelMaxCapacity\",\"columnComment\":\"è®¾å¤‡å®¹é‡\",\"columnId\":65,\"columnName\":\"channel_max_capacity\",\"columnType\":\"int\",\"createBy\":\"admin\",\"createTime\":\"2024-08-30 21:21:31\",\"dictType\":\"\",\"edit\":false,\"htmlType\":\"input\",\"increment\":false,\"insert\":false,\"isEdit\":\"0\",\"isIncrement\":\"0\",\"isInsert\":\"0\",\"isList\":\"0\",\"isPk\":\"0\",\"isQuery\":\"0\",\"isRequired\":\"0\",\"javaField\":\"channelMaxCapacity\",\"javaType\":\"Long\",\"list\":false,\"params\":{},\"pk\":false,\"query\":false,\"queryType\":\"EQ\",\"required\":false,\"sort\":3,\"superColumn\":false,\"tableId\":8,\"updateBy\":\"\",\"usableColumn\":false},{\"capJavaField\":\"NodeId\",\"columnComment\":\"ç‚¹ä½Id\",\"columnId\":66,\"columnName\":\"node_id\",\"columnType\":\"int\",\"createBy\":\"admin\",\"createTime\":\"2024-08-30 21:21:31\",\"dictType\":\"\",\"edit\":true,\"htmlType\":\"input\",\"increment\":false,\"insert\":true,\"isEdit\":\"1\",\"isIncrement\":\"0\",\"isInsert\":\"1\",\"isList\":\"0\",\"isPk\":\"0\",\"isQuery\":\"1\",\"isRequi','{\"msg\":\"æ“ä½œæˆåŠŸ\",\"code\":200}',0,NULL,'2024-08-30 21:32:25',120),(179,'ä»£ç ç”Ÿæˆ',2,'com.dkd.generator.controller.GenController.editSave()','PUT',1,'admin','ç ”å‘éƒ¨é—¨','/tool/gen','127.0.0.1','å†…ç½‘IP','{\"businessName\":\"channel\",\"className\":\"Channel\",\"columns\":[{\"capJavaField\":\"Id\",\"columnComment\":\"ä¸»é”®\",\"columnId\":46,\"columnName\":\"id\",\"columnType\":\"bigint\",\"createBy\":\"admin\",\"createTime\":\"2024-08-30 21:21:17\",\"dictType\":\"\",\"edit\":false,\"htmlType\":\"input\",\"increment\":true,\"insert\":true,\"isIncrement\":\"1\",\"isInsert\":\"1\",\"isPk\":\"1\",\"isRequired\":\"0\",\"javaField\":\"id\",\"javaType\":\"Long\",\"list\":false,\"params\":{},\"pk\":true,\"query\":false,\"queryType\":\"EQ\",\"required\":false,\"sort\":1,\"superColumn\":false,\"tableId\":6,\"updateBy\":\"\",\"usableColumn\":false},{\"capJavaField\":\"ChannelCode\",\"columnComment\":\"è´§é“ç¼–å·\",\"columnId\":47,\"columnName\":\"channel_code\",\"columnType\":\"varchar(10)\",\"createBy\":\"admin\",\"createTime\":\"2024-08-30 21:21:17\",\"dictType\":\"\",\"edit\":true,\"htmlType\":\"input\",\"increment\":false,\"insert\":true,\"isEdit\":\"1\",\"isIncrement\":\"0\",\"isInsert\":\"1\",\"isList\":\"1\",\"isPk\":\"0\",\"isQuery\":\"1\",\"isRequired\":\"1\",\"javaField\":\"channelCode\",\"javaType\":\"String\",\"list\":true,\"params\":{},\"pk\":false,\"query\":true,\"queryType\":\"EQ\",\"required\":true,\"sort\":2,\"superColumn\":false,\"tableId\":6,\"updateBy\":\"\",\"usableColumn\":false},{\"capJavaField\":\"SkuId\",\"columnComment\":\"å•†å“Id\",\"columnId\":48,\"columnName\":\"sku_id\",\"columnType\":\"bigint\",\"createBy\":\"admin\",\"createTime\":\"2024-08-30 21:21:17\",\"dictType\":\"\",\"edit\":true,\"htmlType\":\"input\",\"increment\":false,\"insert\":true,\"isEdit\":\"1\",\"isIncrement\":\"0\",\"isInsert\":\"1\",\"isList\":\"1\",\"isPk\":\"0\",\"isQuery\":\"1\",\"isRequired\":\"0\",\"javaField\":\"skuId\",\"javaType\":\"Long\",\"list\":true,\"params\":{},\"pk\":false,\"query\":true,\"queryType\":\"EQ\",\"required\":false,\"sort\":3,\"superColumn\":false,\"tableId\":6,\"updateBy\":\"\",\"usableColumn\":false},{\"capJavaField\":\"VmId\",\"columnComment\":\"å”®è´§æœºId\",\"columnId\":49,\"columnName\":\"vm_id\",\"columnType\":\"bigint\",\"createBy\":\"admin\",\"createTime\":\"2024-08-30 21:21:17\",\"dictType\":\"\",\"edit\":true,\"htmlType\":\"input\",\"increment\":false,\"insert\":true,\"isEdit\":\"1\",\"isIncrement\":\"0\",\"isInsert\":\"1\",\"isList\":\"1\",\"isPk\":\"0\",\"isQuery\":\"1\",\"isRequired\":\"1\",\"javaField\":\"vmId\",\"javaType\":','{\"msg\":\"æ“ä½œæˆåŠŸ\",\"code\":200}',0,NULL,'2024-08-30 21:33:25',411),(180,'ä»£ç ç”Ÿæˆ',8,'com.dkd.generator.controller.GenController.batchGenCode()','GET',1,'admin','ç ”å‘éƒ¨é—¨','/tool/gen/batchGenCode','127.0.0.1','å†…ç½‘IP','{\"tables\":\"tb_vm_type,tb_vending_machine,tb_channel\"}',NULL,0,NULL,'2024-08-30 21:33:39',407),(181,'èœå•ç®¡ç†',2,'com.dkd.web.controller.system.SysMenuController.edit()','PUT',1,'admin','ç ”å‘éƒ¨é—¨','/system/menu','127.0.0.1','å†…ç½‘IP','{\"children\":[],\"component\":\"manage/vmType/index\",\"createTime\":\"2024-08-30 21:35:06\",\"icon\":\"#\",\"isCache\":\"0\",\"isFrame\":\"1\",\"menuId\":2033,\"menuName\":\"è®¾å¤‡ç±»å‹ç®¡ç†\",\"menuType\":\"C\",\"orderNum\":3,\"params\":{},\"parentId\":2026,\"path\":\"vmType\",\"perms\":\"manage:vmType:list\",\"status\":\"0\",\"updateBy\":\"admin\",\"visible\":\"0\"}','{\"msg\":\"æ“ä½œæˆåŠŸ\",\"code\":200}',0,NULL,'2024-08-30 21:35:58',92),(182,'èœå•ç®¡ç†',2,'com.dkd.web.controller.system.SysMenuController.edit()','PUT',1,'admin','ç ”å‘éƒ¨é—¨','/system/menu','127.0.0.1','å†…ç½‘IP','{\"children\":[],\"component\":\"manage/vm/index\",\"createTime\":\"2024-08-30 21:35:06\",\"icon\":\"å­è®¾å¤‡ç®¡ç†\",\"isCache\":\"0\",\"isFrame\":\"1\",\"menuId\":2027,\"menuName\":\"è®¾å¤‡ç®¡ç†\",\"menuType\":\"C\",\"orderNum\":1,\"params\":{},\"parentId\":2026,\"path\":\"vm\",\"perms\":\"manage:vm:list\",\"status\":\"0\",\"updateBy\":\"admin\",\"visible\":\"0\"}','{\"msg\":\"æ“ä½œæˆåŠŸ\",\"code\":200}',0,NULL,'2024-08-30 21:43:33',133),(183,'èœå•ç®¡ç†',2,'com.dkd.web.controller.system.SysMenuController.edit()','PUT',1,'admin','ç ”å‘éƒ¨é—¨','/system/menu','127.0.0.1','å†…ç½‘IP','{\"children\":[],\"component\":\"manage/vmType/index\",\"createTime\":\"2024-08-30 21:35:06\",\"icon\":\"è®¾å¤‡ç±»å‹ç®¡ç†\",\"isCache\":\"0\",\"isFrame\":\"1\",\"menuId\":2033,\"menuName\":\"è®¾å¤‡ç±»å‹ç®¡ç†\",\"menuType\":\"C\",\"orderNum\":3,\"params\":{},\"parentId\":2026,\"path\":\"vmType\",\"perms\":\"manage:vmType:list\",\"status\":\"0\",\"updateBy\":\"admin\",\"visible\":\"0\"}','{\"msg\":\"æ“ä½œæˆåŠŸ\",\"code\":200}',0,NULL,'2024-08-30 21:43:41',130),(184,'è®¾å¤‡ç±»å‹ç®¡ç†',1,'com.dkd.manage.controller.VmTypeController.add()','POST',1,'admin','ç ”å‘éƒ¨é—¨','/manage/vmType','127.0.0.1','å†…ç½‘IP','{\"channelMaxCapacity\":10,\"id\":21,\"image\":\"https://web-tlias238.oss-cn-hangzhou.aliyuncs.com/dkd-images/2024/08/31/66d1f923b235b100025db81c.png\",\"model\":\"CZ-10015\",\"name\":\"ç›²ç›’æœº\",\"params\":{},\"vmCol\":4,\"vmRow\":5}','{\"msg\":\"æ“ä½œæˆåŠŸ\",\"code\":200}',0,NULL,'2024-08-31 00:54:02',139),(185,'è®¾å¤‡ç±»å‹ç®¡ç†',2,'com.dkd.manage.controller.VmTypeController.edit()','PUT',1,'admin','ç ”å‘éƒ¨é—¨','/manage/vmType','127.0.0.1','å†…ç½‘IP','{\"channelMaxCapacity\":6,\"id\":21,\"image\":\"https://web-tlias238.oss-cn-hangzhou.aliyuncs.com/dkd-images/2024/08/31/66d1f923b235b100025db81c.png\",\"model\":\"CZ-10015\",\"name\":\"ç›²ç›’æœº\",\"params\":{},\"vmCol\":4,\"vmRow\":5}','{\"msg\":\"æ“ä½œæˆåŠŸ\",\"code\":200}',0,NULL,'2024-08-31 00:55:10',107),(186,'è®¾å¤‡ç±»å‹ç®¡ç†',3,'com.dkd.manage.controller.VmTypeController.remove()','DELETE',1,'admin','ç ”å‘éƒ¨é—¨','/manage/vmType/21','127.0.0.1','å†…ç½‘IP','{}','{\"msg\":\"æ“ä½œæˆåŠŸ\",\"code\":200}',0,NULL,'2024-08-31 00:56:58',153),(187,'è®¾å¤‡ç±»å‹ç®¡ç†',1,'com.dkd.manage.controller.VmTypeController.add()','POST',1,'admin','ç ”å‘éƒ¨é—¨','/manage/vmType','127.0.0.1','å†…ç½‘IP','{\"channelMaxCapacity\":6,\"id\":22,\"image\":\"https://web-tlias238.oss-cn-hangzhou.aliyuncs.com/dkd-images/2024/08/31/66d1f9f5b235b100025db81d.png\",\"model\":\"CZ-10015\",\"name\":\"ç›²ç›’æœº\",\"params\":{},\"vmCol\":4,\"vmRow\":5}','{\"msg\":\"æ“ä½œæˆåŠŸ\",\"code\":200}',0,NULL,'2024-08-31 00:57:27',115),(188,'åŒºåŸŸç®¡ç†',1,'com.dkd.manage.controller.RegionController.add()','POST',1,'admin','ç ”å‘éƒ¨é—¨','/manage/region','127.0.0.1','å†…ç½‘IP','{\"createTime\":\"2024-08-31 01:57:14\",\"id\":6,\"params\":{},\"regionName\":\"1\",\"remark\":\"1\"}','{\"msg\":\"æ“ä½œæˆåŠŸ\",\"code\":200}',0,NULL,'2024-08-31 01:57:14',107),(189,'åŒºåŸŸç®¡ç†',3,'com.dkd.manage.controller.RegionController.remove()','DELETE',1,'admin','ç ”å‘éƒ¨é—¨','/manage/region/6','127.0.0.1','å†…ç½‘IP','{}','{\"msg\":\"æ“ä½œæˆåŠŸ\",\"code\":200}',0,NULL,'2024-08-31 01:57:18',73),(190,'åŒºåŸŸç®¡ç†',3,'com.dkd.manage.controller.RegionController.remove()','DELETE',1,'admin','ç ”å‘éƒ¨é—¨','/manage/region/1','127.0.0.1','å†…ç½‘IP','{}',NULL,1,'\r\n### Error updating database.  Cause: java.sql.SQLIntegrityConstraintViolationException: Cannot delete or update a parent row: a foreign key constraint fails (`dkd`.`tb_emp`, CONSTRAINT `tb_emp_ibfk_2` FOREIGN KEY (`region_id`) REFERENCES `tb_region` (`id`))\r\n### The error may exist in file [F:\\JAVA\\back-end\\project\\RuoYi-Vue\\dkd-parent\\dkd-manage\\target\\classes\\mapper\\manage\\RegionMapper.xml]\r\n### The error may involve com.dkd.manage.mapper.RegionMapper.deleteRegionByIds-Inline\r\n### The error occurred while setting parameters\r\n### SQL: delete from tb_region where id in           (               ?          )\r\n### Cause: java.sql.SQLIntegrityConstraintViolationException: Cannot delete or update a parent row: a foreign key constraint fails (`dkd`.`tb_emp`, CONSTRAINT `tb_emp_ibfk_2` FOREIGN KEY (`region_id`) REFERENCES `tb_region` (`id`))\n; Cannot delete or update a parent row: a foreign key constraint fails (`dkd`.`tb_emp`, CONSTRAINT `tb_emp_ibfk_2` FOREIGN KEY (`region_id`) REFERENCES `tb_region` (`id`)); nested exception is java.sql.SQLIntegrityConstraintViolationException: Cannot delete or update a parent row: a foreign key constraint fails (`dkd`.`tb_emp`, CONSTRAINT `tb_emp_ibfk_2` FOREIGN KEY (`region_id`) REFERENCES `tb_region` (`id`))','2024-08-31 14:13:24',181),(191,'åŒºåŸŸç®¡ç†',3,'com.dkd.manage.controller.RegionController.remove()','DELETE',1,'admin','ç ”å‘éƒ¨é—¨','/manage/region/4','127.0.0.1','å†…ç½‘IP','{}','{\"msg\":\"æ“ä½œå¤±è´¥\",\"code\":500}',0,NULL,'2024-08-31 14:33:07',12),(192,'åŒºåŸŸç®¡ç†',1,'com.dkd.manage.controller.RegionController.add()','POST',1,'admin','ç ”å‘éƒ¨é—¨','/manage/region','127.0.0.1','å†…ç½‘IP','{\"createTime\":\"2024-08-31 14:46:22\",\"id\":7,\"params\":{},\"regionName\":\"åŒ—äº¬å¸‚æˆ¿å±±åŒº\",\"remark\":\"åŒ—äº¬å¸‚æˆ¿å±±åŒº\"}','{\"msg\":\"æ“ä½œæˆåŠŸ\",\"code\":200}',0,NULL,'2024-08-31 14:46:22',243),(193,'åŒºåŸŸç®¡ç†',3,'com.dkd.manage.controller.RegionController.remove()','DELETE',1,'admin','ç ”å‘éƒ¨é—¨','/manage/region/7','127.0.0.1','å†…ç½‘IP','{}','{\"msg\":\"æ“ä½œæˆåŠŸ\",\"code\":200}',0,NULL,'2024-08-31 14:58:21',122),(194,'ç‚¹ä½ç®¡ç†',1,'com.dkd.manage.controller.NodeController.add()','POST',1,'admin','ç ”å‘éƒ¨é—¨','/manage/node','127.0.0.1','å†…ç½‘IP','{\"address\":\"æˆ¿å±±åŒº\",\"businessAreaType\":2,\"createTime\":\"2024-08-31 15:19:28\",\"id\":5,\"nodeName\":\"æˆ¿å±±åŒº\",\"params\":{},\"partnerId\":3,\"regionId\":4}','{\"msg\":\"æ“ä½œæˆåŠŸ\",\"code\":200}',0,NULL,'2024-08-31 15:19:28',98),(195,'ç‚¹ä½ç®¡ç†',3,'com.dkd.manage.controller.NodeController.remove()','DELETE',1,'admin','ç ”å‘éƒ¨é—¨','/manage/node/4','127.0.0.1','å†…ç½‘IP','{}','{\"msg\":\"æ“ä½œæˆåŠŸ\",\"code\":200}',0,NULL,'2024-08-31 15:19:35',101),(196,'ç‚¹ä½ç®¡ç†',3,'com.dkd.manage.controller.NodeController.remove()','DELETE',1,'admin','ç ”å‘éƒ¨é—¨','/manage/node/5','127.0.0.1','å†…ç½‘IP','{}','{\"msg\":\"æ“ä½œæˆåŠŸ\",\"code\":200}',0,NULL,'2024-08-31 15:20:25',79),(197,'ç‚¹ä½ç®¡ç†',1,'com.dkd.manage.controller.NodeController.add()','POST',1,'admin','ç ”å‘éƒ¨é—¨','/manage/node','127.0.0.1','å†…ç½‘IP','{\"address\":\"åŒ—äº¬å¸‚æœé˜³åŒºå›½å®¶ä½“è‚²é¦†\",\"businessAreaType\":1,\"createTime\":\"2024-08-31 15:23:13\",\"id\":6,\"nodeName\":\"åŒ—äº¬å¥¥è¿åšç‰©é¦†\",\"params\":{},\"partnerId\":4,\"regionId\":4}','{\"msg\":\"æ“ä½œæˆåŠŸ\",\"code\":200}',0,NULL,'2024-08-31 15:23:13',106),(198,'ç‚¹ä½ç®¡ç†',1,'com.dkd.manage.controller.NodeController.add()','POST',1,'admin','ç ”å‘éƒ¨é—¨','/manage/node','127.0.0.1','å†…ç½‘IP','{\"address\":\"åšç‰©é¦†\",\"businessAreaType\":1,\"createTime\":\"2024-08-31 15:24:08\",\"id\":7,\"nodeName\":\"åšç‰©é¦†\",\"params\":{},\"partnerId\":3,\"regionId\":4}','{\"msg\":\"æ“ä½œæˆåŠŸ\",\"code\":200}',0,NULL,'2024-08-31 15:24:08',90),(199,'ç‚¹ä½ç®¡ç†',3,'com.dkd.manage.controller.NodeController.remove()','DELETE',1,'admin','ç ”å‘éƒ¨é—¨','/manage/node/7','127.0.0.1','å†…ç½‘IP','{}','{\"msg\":\"æ“ä½œæˆåŠŸ\",\"code\":200}',0,NULL,'2024-08-31 15:24:12',88),(200,'ç‚¹ä½ç®¡ç†',3,'com.dkd.manage.controller.NodeController.remove()','DELETE',1,'admin','ç ”å‘éƒ¨é—¨','/manage/node/6','127.0.0.1','å†…ç½‘IP','{}','{\"msg\":\"æ“ä½œæˆåŠŸ\",\"code\":200}',0,NULL,'2024-08-31 15:24:41',83),(201,'ç‚¹ä½ç®¡ç†',1,'com.dkd.manage.controller.NodeController.add()','POST',1,'admin','ç ”å‘éƒ¨é—¨','/manage/node','127.0.0.1','å†…ç½‘IP','{\"address\":\"åŒ—äº¬å¸‚æœé˜³åŒºå›½å®¶ä½“è‚²é¦†\",\"businessAreaType\":1,\"createTime\":\"2024-08-31 15:25:19\",\"id\":8,\"nodeName\":\"åŒ—äº¬å¥¥è¿åšç‰©é¦†\",\"params\":{},\"partnerId\":4,\"regionId\":4}','{\"msg\":\"æ“ä½œæˆåŠŸ\",\"code\":200}',0,NULL,'2024-08-31 15:25:19',112),(202,'è®¾å¤‡ç®¡ç†',1,'com.dkd.manage.controller.VendingMachineController.add()','POST',1,'admin','ç ”å‘éƒ¨é—¨','/manage/vm','127.0.0.1','å†…ç½‘IP','{\"addr\":\"åŒ—äº¬å¸‚æœé˜³åŒºå›½å®¶ä½“è‚²é¦†\",\"businessType\":1,\"channelMaxCapacity\":10,\"createTime\":\"2024-08-31 17:04:50\",\"id\":112,\"innerCode\":\"2Nml9112\",\"nodeId\":8,\"params\":{},\"partnerId\":4,\"regionId\":4,\"updateTime\":\"2024-08-31 15:25:19\",\"vmStatus\":0,\"vmTypeId\":1}','{\"msg\":\"æ“ä½œæˆåŠŸ\",\"code\":200}',0,NULL,'2024-08-31 17:04:50',281),(203,'ç‚¹ä½ç®¡ç†',2,'com.dkd.manage.controller.NodeController.edit()','PUT',1,'admin','ç ”å‘éƒ¨é—¨','/manage/node','127.0.0.1','å†…ç½‘IP','{\"address\":\"åŒ—äº¬å¸‚æœé˜³åŒºå›½å®¶ä½“è‚²é¦†å—è·¯1å·\",\"businessType\":1,\"createTime\":\"2024-08-31 15:25:20\",\"id\":8,\"nodeName\":\"åŒ—äº¬å¥¥è¿åšç‰©é¦†\",\"params\":{},\"partnerId\":4,\"regionId\":4,\"updateTime\":\"2024-08-31 17:10:20\"}','{\"msg\":\"æ“ä½œæˆåŠŸ\",\"code\":200}',0,NULL,'2024-08-31 17:10:20',67),(204,'è®¾å¤‡ç®¡ç†',1,'com.dkd.manage.controller.VendingMachineController.add()','POST',1,'admin','ç ”å‘éƒ¨é—¨','/manage/vm','127.0.0.1','å†…ç½‘IP','{\"addr\":\"åŒ—äº¬å¸‚æœé˜³åŒºå›½å®¶ä½“è‚²é¦†å—è·¯1å·\",\"businessType\":1,\"channelMaxCapacity\":10,\"createTime\":\"2024-08-31 17:10:33\",\"id\":113,\"innerCode\":\"XlzX4A6O\",\"nodeId\":8,\"params\":{},\"partnerId\":4,\"regionId\":4,\"updateTime\":\"2024-08-31 17:10:20\",\"vmStatus\":0,\"vmTypeId\":1}','{\"msg\":\"æ“ä½œæˆåŠŸ\",\"code\":200}',0,NULL,'2024-08-31 17:10:33',102),(205,'è®¾å¤‡ç®¡ç†',2,'com.dkd.manage.controller.VendingMachineController.edit()','PUT',1,'admin','ç ”å‘éƒ¨é—¨','/manage/vm','127.0.0.1','å†…ç½‘IP','{\"addr\":\"åŒ—äº¬å¸‚æµ·æ·€åŒºä¸­å…³æ‘å¤§è¡—1å·\",\"businessType\":1,\"channelMaxCapacity\":10,\"createBy\":\"Admin\",\"createTime\":\"2024-08-29 17:06:20\",\"id\":113,\"innerCode\":\"XlzX4A6O\",\"lastSupplyTime\":\"2000-01-01 00:00:00\",\"latitude\":0,\"longitudes\":0,\"nodeId\":1,\"params\":{},\"partnerId\":1,\"regionId\":1,\"remark\":\"ä½äºä¸­å…³æ‘çš„æ ¸å¿ƒä½ç½®\",\"updateBy\":\"Admin\",\"updateTime\":\"2024-08-31 17:18:14\",\"vmStatus\":0,\"vmTypeId\":1}','{\"msg\":\"æ“ä½œæˆåŠŸ\",\"code\":200}',0,NULL,'2024-08-31 17:18:15',122),(206,'èœå•ç®¡ç†',1,'com.dkd.web.controller.system.SysMenuController.add()','POST',1,'admin','ç ”å‘éƒ¨é—¨','/system/menu','127.0.0.1','å†…ç½‘IP','{\"children\":[],\"component\":\"manage/vmStatus/index\",\"createBy\":\"admin\",\"isCache\":\"0\",\"isFrame\":\"1\",\"menuName\":\"è®¾å¤‡çŠ¶æ€\",\"menuType\":\"C\",\"orderNum\":2,\"params\":{},\"parentId\":2026,\"path\":\"vmStatus\",\"perms\":\"manage:vm:list\",\"status\":\"0\",\"visible\":\"0\"}','{\"msg\":\"æ“ä½œæˆåŠŸ\",\"code\":200}',0,NULL,'2024-08-31 17:22:22',96),(207,'èœå•ç®¡ç†',2,'com.dkd.web.controller.system.SysMenuController.edit()','PUT',1,'admin','ç ”å‘éƒ¨é—¨','/system/menu','127.0.0.1','å†…ç½‘IP','{\"children\":[],\"component\":\"manage/vmStatus/index\",\"createTime\":\"2024-08-31 17:22:22\",\"icon\":\"è®¾å¤‡çŠ¶æ€\",\"isCache\":\"0\",\"isFrame\":\"1\",\"menuId\":2039,\"menuName\":\"è®¾å¤‡çŠ¶æ€\",\"menuType\":\"C\",\"orderNum\":2,\"params\":{},\"parentId\":2026,\"path\":\"vmStatus\",\"perms\":\"manage:vm:list\",\"status\":\"0\",\"updateBy\":\"admin\",\"visible\":\"0\"}','{\"msg\":\"æ“ä½œæˆåŠŸ\",\"code\":200}',0,NULL,'2024-08-31 17:24:39',134),(208,'åŒºåŸŸç®¡ç†',2,'com.dkd.manage.controller.RegionController.edit()','PUT',1,'admin','ç ”å‘éƒ¨é—¨','/manage/region','127.0.0.1','å†…ç½‘IP','{\"createTime\":\"2024-08-29 17:52:11\",\"id\":4,\"params\":{},\"regionName\":\"åŒ—äº¬å¸‚å¥¥ä½“ä¸­å¿ƒ\",\"remark\":\"åŒ—äº¬å¸‚åŒ—äº”ç¯å¥¥ä½“ä¸­å¿ƒ\",\"updateTime\":\"2024-08-31 21:04:10\"}','{\"msg\":\"æ“ä½œæˆåŠŸ\",\"code\":200}',0,NULL,'2024-08-31 21:04:11',108),(209,'åŒºåŸŸç®¡ç†',2,'com.dkd.manage.controller.RegionController.edit()','PUT',1,'admin','ç ”å‘éƒ¨é—¨','/manage/region','127.0.0.1','å†…ç½‘IP','{\"createTime\":\"2024-08-29 17:52:11\",\"id\":4,\"params\":{},\"regionName\":\"åŒ—äº¬å¸‚åŒ—äº”ç¯å¥¥ä½“ä¸­å¿ƒ\",\"remark\":\"åŒ—äº¬å¸‚åŒ—äº”ç¯å¥¥ä½“ä¸­å¿ƒ\",\"updateTime\":\"2024-08-31 21:04:33\"}','{\"msg\":\"æ“ä½œæˆåŠŸ\",\"code\":200}',0,NULL,'2024-08-31 21:04:33',91),(210,'åˆä½œå•†ç®¡ç†',2,'com.dkd.manage.controller.PartnerController.edit()','PUT',1,'admin','ç ”å‘éƒ¨é—¨','/manage/partner','127.0.0.1','å†…ç½‘IP','{\"contactPerson\":\"æ’­å¦\",\"contactPhone\":\"13500135001\",\"createTime\":\"2024-08-29 22:08:33\",\"id\":4,\"params\":{},\"partnerName\":\"é»‘é©¬\",\"profitShareRatio\":20,\"updateTime\":\"2024-08-31 21:04:50\",\"username\":\"13500135001\"}',NULL,1,'nested exception is org.apache.ibatis.reflection.ReflectionException: There is no getter for property named \'phone\' in \'class com.dkd.manage.domain.Partner\'','2024-08-31 21:04:51',45),(211,'åˆä½œå•†ç®¡ç†',3,'com.dkd.manage.controller.PartnerController.remove()','DELETE',1,'admin','ç ”å‘éƒ¨é—¨','/manage/partner/4','127.0.0.1','å†…ç½‘IP','{}',NULL,1,'\r\n### Error updating database.  Cause: java.sql.SQLIntegrityConstraintViolationException: Cannot delete or update a parent row: a foreign key constraint fails (`dkd`.`tb_node`, CONSTRAINT `tb_node_ibfk_2` FOREIGN KEY (`partner_id`) REFERENCES `tb_partner` (`id`))\r\n### The error may exist in file [F:\\JAVA\\back-end\\project\\RuoYi-Vue\\dkd-parent\\dkd-manage\\target\\classes\\mapper\\manage\\PartnerMapper.xml]\r\n### The error may involve com.dkd.manage.mapper.PartnerMapper.deletePartnerByIds-Inline\r\n### The error occurred while setting parameters\r\n### SQL: delete from tb_partner where id in           (               ?          )\r\n### Cause: java.sql.SQLIntegrityConstraintViolationException: Cannot delete or update a parent row: a foreign key constraint fails (`dkd`.`tb_node`, CONSTRAINT `tb_node_ibfk_2` FOREIGN KEY (`partner_id`) REFERENCES `tb_partner` (`id`))\n; Cannot delete or update a parent row: a foreign key constraint fails (`dkd`.`tb_node`, CONSTRAINT `tb_node_ibfk_2` FOREIGN KEY (`partner_id`) REFERENCES `tb_partner` (`id`)); nested exception is java.sql.SQLIntegrityConstraintViolationException: Cannot delete or update a parent row: a foreign key constraint fails (`dkd`.`tb_node`, CONSTRAINT `tb_node_ibfk_2` FOREIGN KEY (`partner_id`) REFERENCES `tb_partner` (`id`))','2024-08-31 21:05:34',278),(212,'åŒºåŸŸç®¡ç†',2,'com.dkd.manage.controller.RegionController.edit()','PUT',1,'admin','ç ”å‘éƒ¨é—¨','/manage/region','127.0.0.1','å†…ç½‘IP','{\"createTime\":\"2024-08-29 17:52:11\",\"id\":4,\"params\":{},\"regionName\":\"å¥¥ä½“ä¸­å¿ƒ\",\"remark\":\"åŒ—äº¬å¸‚åŒ—äº”ç¯å¥¥ä½“ä¸­å¿ƒ\",\"updateTime\":\"2024-08-31 21:12:16\"}','{\"msg\":\"æ“ä½œæˆåŠŸ\",\"code\":200}',0,NULL,'2024-08-31 21:12:16',100),(213,'åŒºåŸŸç®¡ç†',2,'com.dkd.manage.controller.RegionController.edit()','PUT',1,'admin','ç ”å‘éƒ¨é—¨','/manage/region','127.0.0.1','å†…ç½‘IP','{\"createTime\":\"2024-08-29 17:52:11\",\"id\":4,\"params\":{},\"regionName\":\"åŒ—äº¬å¸‚åŒ—äº”ç¯å¥¥ä½“ä¸­å¿ƒ\",\"remark\":\"åŒ—äº¬å¸‚åŒ—äº”ç¯å¥¥ä½“ä¸­å¿ƒ\",\"updateTime\":\"2024-08-31 21:12:58\"}','{\"msg\":\"æ“ä½œæˆåŠŸ\",\"code\":200}',0,NULL,'2024-08-31 21:12:59',155),(214,'åˆä½œå•†ç®¡ç†',2,'com.dkd.manage.controller.PartnerController.edit()','PUT',1,'admin','ç ”å‘éƒ¨é—¨','/manage/partner','127.0.0.1','å†…ç½‘IP','{\"contactPerson\":\"æ’­å¦\",\"contactPhone\":\"13500135001\",\"createTime\":\"2024-08-29 22:08:33\",\"id\":4,\"params\":{},\"partnerName\":\"é»‘é©¬\",\"profitShareRatio\":20,\"updateTime\":\"2024-08-31 21:13:42\",\"username\":\"13500135001\"}',NULL,1,'nested exception is org.apache.ibatis.reflection.ReflectionException: There is no getter for property named \'phone\' in \'class com.dkd.manage.domain.Partner\'','2024-08-31 21:13:42',2),(215,'åˆä½œå•†ç®¡ç†',1,'com.dkd.manage.controller.PartnerController.add()','POST',1,'admin','ç ”å‘éƒ¨é—¨','/manage/partner','127.0.0.1','å†…ç½‘IP','{\"contactPerson\":\"sad\",\"contactPhone\":\"13112341234\",\"createTime\":\"2024-08-31 21:14:42\",\"params\":{},\"partnerName\":\"é»‘é©¬åˆä½œå•†\",\"profitShareRatio\":12,\"username\":\"sad2121\"}',NULL,1,'nested exception is org.apache.ibatis.reflection.ReflectionException: There is no getter for property named \'phone\' in \'class com.dkd.manage.domain.Partner\'','2024-08-31 21:14:42',78),(216,'åˆä½œå•†ç®¡ç†',2,'com.dkd.manage.controller.PartnerController.edit()','PUT',1,'admin','ç ”å‘éƒ¨é—¨','/manage/partner','127.0.0.1','å†…ç½‘IP','{\"contactPerson\":\"æ’­å¦\",\"contactPhone\":\"13500135001\",\"createTime\":\"2024-08-29 22:08:33\",\"id\":4,\"params\":{},\"partnerName\":\"é»‘é©¬\",\"profitShareRatio\":20,\"updateTime\":\"2024-08-31 21:21:30\",\"username\":\"13500135001\"}',NULL,1,'\r\n### Error updating database.  Cause: java.sql.SQLSyntaxErrorException: Unknown column \'phone\' in \'field list\'\r\n### The error may exist in file [F:\\JAVA\\back-end\\project\\RuoYi-Vue\\dkd-parent\\dkd-manage\\target\\classes\\mapper\\manage\\PartnerMapper.xml]\r\n### The error may involve com.dkd.manage.mapper.PartnerMapper.updatePartner-Inline\r\n### The error occurred while setting parameters\r\n### SQL: update tb_partner          SET partner_name = ?,             contact_person = ?,             phone = ?,             profit_share_ratio = ?,             username = ?,             password = ?,             create_time = ?,             update_time = ?          where id = ?\r\n### Cause: java.sql.SQLSyntaxErrorException: Unknown column \'phone\' in \'field list\'\n; bad SQL grammar []; nested exception is java.sql.SQLSyntaxErrorException: Unknown column \'phone\' in \'field list\'','2024-08-31 21:21:30',17),(217,'åˆä½œå•†ç®¡ç†',2,'com.dkd.manage.controller.PartnerController.edit()','PUT',1,'admin','ç ”å‘éƒ¨é—¨','/manage/partner','127.0.0.1','å†…ç½‘IP','{\"contactPerson\":\"æ’­å¦\",\"contactPhone\":\"13500135001\",\"createTime\":\"2024-08-29 22:08:33\",\"id\":4,\"params\":{},\"partnerName\":\"é»‘é©¬\",\"profitShareRatio\":20,\"updateTime\":\"2024-08-31 21:21:34\",\"username\":\"13500135001\"}',NULL,1,'\r\n### Error updating database.  Cause: java.sql.SQLSyntaxErrorException: Unknown column \'phone\' in \'field list\'\r\n### The error may exist in file [F:\\JAVA\\back-end\\project\\RuoYi-Vue\\dkd-parent\\dkd-manage\\target\\classes\\mapper\\manage\\PartnerMapper.xml]\r\n### The error may involve com.dkd.manage.mapper.PartnerMapper.updatePartner-Inline\r\n### The error occurred while setting parameters\r\n### SQL: update tb_partner          SET partner_name = ?,             contact_person = ?,             phone = ?,             profit_share_ratio = ?,             username = ?,             password = ?,             create_time = ?,             update_time = ?          where id = ?\r\n### Cause: java.sql.SQLSyntaxErrorException: Unknown column \'phone\' in \'field list\'\n; bad SQL grammar []; nested exception is java.sql.SQLSyntaxErrorException: Unknown column \'phone\' in \'field list\'','2024-08-31 21:21:34',4),(218,'åˆä½œå•†ç®¡ç†',2,'com.dkd.manage.controller.PartnerController.edit()','PUT',1,'admin','ç ”å‘éƒ¨é—¨','/manage/partner','127.0.0.1','å†…ç½‘IP','{\"contactPerson\":\"æ’­å¦\",\"contactPhone\":\"13500135001\",\"createTime\":\"2024-08-29 22:08:33\",\"id\":4,\"params\":{},\"partnerName\":\"é»‘é©¬\",\"profitShareRatio\":20,\"updateTime\":\"2024-08-31 21:21:52\",\"username\":\"13500135001\"}',NULL,1,'\r\n### Error updating database.  Cause: java.sql.SQLSyntaxErrorException: Unknown column \'phone\' in \'field list\'\r\n### The error may exist in file [F:\\JAVA\\back-end\\project\\RuoYi-Vue\\dkd-parent\\dkd-manage\\target\\classes\\mapper\\manage\\PartnerMapper.xml]\r\n### The error may involve com.dkd.manage.mapper.PartnerMapper.updatePartner-Inline\r\n### The error occurred while setting parameters\r\n### SQL: update tb_partner          SET partner_name = ?,             contact_person = ?,             phone = ?,             profit_share_ratio = ?,             username = ?,             password = ?,             create_time = ?,             update_time = ?          where id = ?\r\n### Cause: java.sql.SQLSyntaxErrorException: Unknown column \'phone\' in \'field list\'\n; bad SQL grammar []; nested exception is java.sql.SQLSyntaxErrorException: Unknown column \'phone\' in \'field list\'','2024-08-31 21:21:52',4),(219,'åˆä½œå•†ç®¡ç†',2,'com.dkd.manage.controller.PartnerController.edit()','PUT',1,'admin','ç ”å‘éƒ¨é—¨','/manage/partner','127.0.0.1','å†…ç½‘IP','{\"contactPerson\":\"æ’­å¦\",\"contactPhone\":\"13500135001\",\"createTime\":\"2024-08-29 22:08:33\",\"id\":4,\"params\":{},\"partnerName\":\"é»‘é©¬\",\"profitShareRatio\":20,\"updateTime\":\"2024-08-31 21:23:24\",\"username\":\"13500135001\"}',NULL,1,'\r\n### Error updating database.  Cause: java.sql.SQLSyntaxErrorException: Unknown column \'phone\' in \'field list\'\r\n### The error may exist in file [F:\\JAVA\\back-end\\project\\RuoYi-Vue\\dkd-parent\\dkd-manage\\target\\classes\\mapper\\manage\\PartnerMapper.xml]\r\n### The error may involve com.dkd.manage.mapper.PartnerMapper.updatePartner-Inline\r\n### The error occurred while setting parameters\r\n### SQL: update tb_partner          SET partner_name = ?,             contact_person = ?,             phone = ?,             profit_share_ratio = ?,             username = ?,             password = ?,             create_time = ?,             update_time = ?          where id = ?\r\n### Cause: java.sql.SQLSyntaxErrorException: Unknown column \'phone\' in \'field list\'\n; bad SQL grammar []; nested exception is java.sql.SQLSyntaxErrorException: Unknown column \'phone\' in \'field list\'','2024-08-31 21:23:24',5),(220,'åˆä½œå•†ç®¡ç†',2,'com.dkd.manage.controller.PartnerController.edit()','PUT',1,'admin','ç ”å‘éƒ¨é—¨','/manage/partner','127.0.0.1','å†…ç½‘IP','{\"contactPerson\":\"æ’­å¦\",\"contactPhone\":\"13500135001\",\"createTime\":\"2024-08-29 22:08:33\",\"id\":4,\"params\":{},\"partnerName\":\"é»‘é©¬\",\"profitShareRatio\":20,\"updateTime\":\"2024-08-31 21:25:19\",\"username\":\"13500135001\"}',NULL,1,'\r\n### Error updating database.  Cause: java.sql.SQLSyntaxErrorException: Unknown column \'phone\' in \'field list\'\r\n### The error may exist in file [F:\\JAVA\\back-end\\project\\RuoYi-Vue\\dkd-parent\\dkd-manage\\target\\classes\\mapper\\manage\\PartnerMapper.xml]\r\n### The error may involve com.dkd.manage.mapper.PartnerMapper.updatePartner-Inline\r\n### The error occurred while setting parameters\r\n### SQL: update tb_partner          SET partner_name = ?,             contact_person = ?,             phone = ?,             profit_share_ratio = ?,             username = ?,             password = ?,             create_time = ?,             update_time = ?          where id = ?\r\n### Cause: java.sql.SQLSyntaxErrorException: Unknown column \'phone\' in \'field list\'\n; bad SQL grammar []; nested exception is java.sql.SQLSyntaxErrorException: Unknown column \'phone\' in \'field list\'','2024-08-31 21:25:19',4),(221,'åˆä½œå•†ç®¡ç†',2,'com.dkd.manage.controller.PartnerController.edit()','PUT',1,'admin','ç ”å‘éƒ¨é—¨','/manage/partner','127.0.0.1','å†…ç½‘IP','{\"contactPerson\":\"æ’­å¦\",\"contactPhone\":\"13500135001\",\"createTime\":\"2024-08-29 22:08:33\",\"id\":4,\"params\":{},\"partnerName\":\"é»‘é©¬\",\"profitShareRatio\":20,\"updateTime\":\"2024-08-31 21:26:16\",\"username\":\"13500135001\"}',NULL,1,'\r\n### Error updating database.  Cause: java.sql.SQLSyntaxErrorException: Unknown column \'phone\' in \'field list\'\r\n### The error may exist in file [F:\\JAVA\\back-end\\project\\RuoYi-Vue\\dkd-parent\\dkd-manage\\target\\classes\\mapper\\manage\\PartnerMapper.xml]\r\n### The error may involve com.dkd.manage.mapper.PartnerMapper.updatePartner-Inline\r\n### The error occurred while setting parameters\r\n### SQL: update tb_partner          SET partner_name = ?,             contact_person = ?,             phone = ?,             profit_share_ratio = ?,             username = ?,             password = ?,             create_time = ?,             update_time = ?          where id = ?\r\n### Cause: java.sql.SQLSyntaxErrorException: Unknown column \'phone\' in \'field list\'\n; bad SQL grammar []; nested exception is java.sql.SQLSyntaxErrorException: Unknown column \'phone\' in \'field list\'','2024-08-31 21:26:16',99),(222,'åˆä½œå•†ç®¡ç†',2,'com.dkd.manage.controller.PartnerController.edit()','PUT',1,'admin','ç ”å‘éƒ¨é—¨','/manage/partner','127.0.0.1','å†…ç½‘IP','{\"contactPerson\":\"æ’­å¦\",\"contactPhone\":\"13500135001\",\"createTime\":\"2024-08-29 22:08:33\",\"id\":4,\"params\":{},\"partnerName\":\"é»‘é©¬\",\"profitShareRatio\":20,\"updateTime\":\"2024-08-31 21:28:09\",\"username\":\"13500135001\"}','{\"msg\":\"æ“ä½œæˆåŠŸ\",\"code\":200}',0,NULL,'2024-08-31 21:28:09',88),(223,'åˆä½œå•†ç®¡ç†',2,'com.dkd.manage.controller.PartnerController.edit()','PUT',1,'admin','ç ”å‘éƒ¨é—¨','/manage/partner','127.0.0.1','å†…ç½‘IP','{\"contactPerson\":\"æ’­å¦\",\"contactPhone\":\"13500135001\",\"createTime\":\"2024-08-29 22:08:33\",\"id\":4,\"params\":{},\"partnerName\":\"é»‘é©¬åˆä½œå•†\",\"profitShareRatio\":20,\"updateTime\":\"2024-08-31 21:28:45\",\"username\":\"13500135001\"}','{\"msg\":\"æ“ä½œæˆåŠŸ\",\"code\":200}',0,NULL,'2024-08-31 21:28:45',110),(224,'åˆä½œå•†ç®¡ç†',3,'com.dkd.manage.controller.PartnerController.remove()','DELETE',1,'admin','ç ”å‘éƒ¨é—¨','/manage/partner/4','127.0.0.1','å†…ç½‘IP','{}',NULL,1,'\r\n### Error updating database.  Cause: java.sql.SQLIntegrityConstraintViolationException: Cannot delete or update a parent row: a foreign key constraint fails (`dkd`.`tb_node`, CONSTRAINT `tb_node_ibfk_2` FOREIGN KEY (`partner_id`) REFERENCES `tb_partner` (`id`))\r\n### The error may exist in file [F:\\JAVA\\back-end\\project\\RuoYi-Vue\\dkd-parent\\dkd-manage\\target\\classes\\mapper\\manage\\PartnerMapper.xml]\r\n### The error may involve com.dkd.manage.mapper.PartnerMapper.deletePartnerByIds-Inline\r\n### The error occurred while setting parameters\r\n### SQL: delete from tb_partner where id in           (               ?          )\r\n### Cause: java.sql.SQLIntegrityConstraintViolationException: Cannot delete or update a parent row: a foreign key constraint fails (`dkd`.`tb_node`, CONSTRAINT `tb_node_ibfk_2` FOREIGN KEY (`partner_id`) REFERENCES `tb_partner` (`id`))\n; Cannot delete or update a parent row: a foreign key constraint fails (`dkd`.`tb_node`, CONSTRAINT `tb_node_ibfk_2` FOREIGN KEY (`partner_id`) REFERENCES `tb_partner` (`id`)); nested exception is java.sql.SQLIntegrityConstraintViolationException: Cannot delete or update a parent row: a foreign key constraint fails (`dkd`.`tb_node`, CONSTRAINT `tb_node_ibfk_2` FOREIGN KEY (`partner_id`) REFERENCES `tb_partner` (`id`))','2024-08-31 21:29:06',74),(225,'åˆä½œå•†ç®¡ç†',3,'com.dkd.manage.controller.PartnerController.remove()','DELETE',1,'admin','ç ”å‘éƒ¨é—¨','/manage/partner/4','127.0.0.1','å†…ç½‘IP','{}',NULL,1,'\r\n### Error updating database.  Cause: java.sql.SQLIntegrityConstraintViolationException: Cannot delete or update a parent row: a foreign key constraint fails (`dkd`.`tb_node`, CONSTRAINT `tb_node_ibfk_2` FOREIGN KEY (`partner_id`) REFERENCES `tb_partner` (`id`))\r\n### The error may exist in file [F:\\JAVA\\back-end\\project\\RuoYi-Vue\\dkd-parent\\dkd-manage\\target\\classes\\mapper\\manage\\PartnerMapper.xml]\r\n### The error may involve com.dkd.manage.mapper.PartnerMapper.deletePartnerByIds-Inline\r\n### The error occurred while setting parameters\r\n### SQL: delete from tb_partner where id in           (               ?          )\r\n### Cause: java.sql.SQLIntegrityConstraintViolationException: Cannot delete or update a parent row: a foreign key constraint fails (`dkd`.`tb_node`, CONSTRAINT `tb_node_ibfk_2` FOREIGN KEY (`partner_id`) REFERENCES `tb_partner` (`id`))\n; Cannot delete or update a parent row: a foreign key constraint fails (`dkd`.`tb_node`, CONSTRAINT `tb_node_ibfk_2` FOREIGN KEY (`partner_id`) REFERENCES `tb_partner` (`id`)); nested exception is java.sql.SQLIntegrityConstraintViolationException: Cannot delete or update a parent row: a foreign key constraint fails (`dkd`.`tb_node`, CONSTRAINT `tb_node_ibfk_2` FOREIGN KEY (`partner_id`) REFERENCES `tb_partner` (`id`))','2024-08-31 21:29:46',68),(226,'åŒºåŸŸç®¡ç†',1,'com.dkd.manage.controller.RegionController.add()','POST',1,'admin','ç ”å‘éƒ¨é—¨','/manage/region','127.0.0.1','å†…ç½‘IP','{\"createTime\":\"2024-08-31 23:10:04\",\"id\":8,\"params\":{},\"regionName\":\"åŒ—äº¬å¸‚åŒ—äº”ç¯\",\"remark\":\"åŒ—äº¬å¸‚åŒ—äº”ç¯\"}','{\"msg\":\"æ“ä½œæˆåŠŸ\",\"code\":200}',0,NULL,'2024-08-31 23:10:04',234),(227,'åŒºåŸŸç®¡ç†',1,'com.dkd.manage.controller.RegionController.add()','POST',1,'admin','ç ”å‘éƒ¨é—¨','/manage/region','127.0.0.1','å†…ç½‘IP','{\"createTime\":\"2024-08-31 23:10:13\",\"id\":9,\"params\":{},\"regionName\":\"åŒ—äº¬å¸‚åŒ—äº”ç¯åŒ—äº¬å¸‚åŒ—äº”ç¯\",\"remark\":\"åŒ—äº¬å¸‚åŒ—äº”ç¯åŒ—äº¬å¸‚åŒ—äº”ç¯\"}','{\"msg\":\"æ“ä½œæˆåŠŸ\",\"code\":200}',0,NULL,'2024-08-31 23:10:14',191),(228,'åŒºåŸŸç®¡ç†',3,'com.dkd.manage.controller.RegionController.remove()','DELETE',1,'admin','ç ”å‘éƒ¨é—¨','/manage/region/8','127.0.0.1','å†…ç½‘IP','{}','{\"msg\":\"æ“ä½œæˆåŠŸ\",\"code\":200}',0,NULL,'2024-08-31 23:35:47',81),(229,'åŒºåŸŸç®¡ç†',3,'com.dkd.manage.controller.RegionController.remove()','DELETE',1,'admin','ç ”å‘éƒ¨é—¨','/manage/region/9','127.0.0.1','å†…ç½‘IP','{}','{\"msg\":\"æ“ä½œæˆåŠŸ\",\"code\":200}',0,NULL,'2024-08-31 23:35:49',66),(230,'åˆä½œå•†ç®¡ç†',1,'com.dkd.manage.controller.PartnerController.add()','POST',1,'admin','ç ”å‘éƒ¨é—¨','/manage/partner','127.0.0.1','å†…ç½‘IP','{\"contactPerson\":\"é»‘é©¬\",\"contactPhone\":\"13112341234\",\"createTime\":\"2024-08-31 23:37:01\",\"id\":5,\"params\":{},\"partnerName\":\"é»‘é©¬\",\"profitShareRatio\":12,\"username\":\"13112341234\"}','{\"msg\":\"æ“ä½œæˆåŠŸ\",\"code\":200}',0,NULL,'2024-08-31 23:37:01',220),(231,'åˆä½œå•†ç®¡ç†',3,'com.dkd.manage.controller.PartnerController.remove()','DELETE',1,'admin','ç ”å‘éƒ¨é—¨','/manage/partner/5','127.0.0.1','å†…ç½‘IP','{}','{\"msg\":\"æ“ä½œæˆåŠŸ\",\"code\":200}',0,NULL,'2024-08-31 23:41:34',74),(232,'ç‚¹ä½ç®¡ç†',1,'com.dkd.manage.controller.NodeController.add()','POST',1,'admin','ç ”å‘éƒ¨é—¨','/manage/node','127.0.0.1','å†…ç½‘IP','{\"address\":\"å¥¥è¿åšç‰©é¦†å¥¥è¿åšç‰©é¦†\",\"businessType\":1,\"createTime\":\"2024-08-31 23:46:30\",\"nodeName\":\"å¥¥è¿åšç‰©é¦†\",\"params\":{},\"partnerId\":5,\"regionId\":4}',NULL,1,'\r\n### Error updating database.  Cause: java.sql.SQLIntegrityConstraintViolationException: Cannot add or update a child row: a foreign key constraint fails (`dkd`.`tb_node`, CONSTRAINT `tb_node_ibfk_2` FOREIGN KEY (`partner_id`) REFERENCES `tb_partner` (`id`))\r\n### The error may exist in file [F:\\JAVA\\back-end\\project\\RuoYi-Vue\\dkd-parent\\dkd-manage\\target\\classes\\mapper\\manage\\NodeMapper.xml]\r\n### The error may involve com.dkd.manage.mapper.NodeMapper.insertNode-Inline\r\n### The error occurred while setting parameters\r\n### SQL: insert into tb_node          ( node_name,             address,             business_type,             region_id,             partner_id,             create_time )           values ( ?,             ?,             ?,             ?,             ?,             ? )\r\n### Cause: java.sql.SQLIntegrityConstraintViolationException: Cannot add or update a child row: a foreign key constraint fails (`dkd`.`tb_node`, CONSTRAINT `tb_node_ibfk_2` FOREIGN KEY (`partner_id`) REFERENCES `tb_partner` (`id`))\n; Cannot add or update a child row: a foreign key constraint fails (`dkd`.`tb_node`, CONSTRAINT `tb_node_ibfk_2` FOREIGN KEY (`partner_id`) REFERENCES `tb_partner` (`id`)); nested exception is java.sql.SQLIntegrityConstraintViolationException: Cannot add or update a child row: a foreign key constraint fails (`dkd`.`tb_node`, CONSTRAINT `tb_node_ibfk_2` FOREIGN KEY (`partner_id`) REFERENCES `tb_partner` (`id`))','2024-08-31 23:46:30',248),(233,'ç‚¹ä½ç®¡ç†',1,'com.dkd.manage.controller.NodeController.add()','POST',1,'admin','ç ”å‘éƒ¨é—¨','/manage/node','127.0.0.1','å†…ç½‘IP','{\"address\":\"å¥¥è¿åšç‰©é¦†å¥¥è¿åšç‰©é¦†\",\"businessType\":1,\"createTime\":\"2024-08-31 23:47:00\",\"nodeName\":\"å¥¥è¿åšç‰©é¦†\",\"params\":{},\"partnerId\":5,\"regionId\":4}',NULL,1,'\r\n### Error updating database.  Cause: java.sql.SQLIntegrityConstraintViolationException: Cannot add or update a child row: a foreign key constraint fails (`dkd`.`tb_node`, CONSTRAINT `tb_node_ibfk_2` FOREIGN KEY (`partner_id`) REFERENCES `tb_partner` (`id`))\r\n### The error may exist in file [F:\\JAVA\\back-end\\project\\RuoYi-Vue\\dkd-parent\\dkd-manage\\target\\classes\\mapper\\manage\\NodeMapper.xml]\r\n### The error may involve com.dkd.manage.mapper.NodeMapper.insertNode-Inline\r\n### The error occurred while setting parameters\r\n### SQL: insert into tb_node          ( node_name,             address,             business_type,             region_id,             partner_id,             create_time )           values ( ?,             ?,             ?,             ?,             ?,             ? )\r\n### Cause: java.sql.SQLIntegrityConstraintViolationException: Cannot add or update a child row: a foreign key constraint fails (`dkd`.`tb_node`, CONSTRAINT `tb_node_ibfk_2` FOREIGN KEY (`partner_id`) REFERENCES `tb_partner` (`id`))\n; Cannot add or update a child row: a foreign key constraint fails (`dkd`.`tb_node`, CONSTRAINT `tb_node_ibfk_2` FOREIGN KEY (`partner_id`) REFERENCES `tb_partner` (`id`)); nested exception is java.sql.SQLIntegrityConstraintViolationException: Cannot add or update a child row: a foreign key constraint fails (`dkd`.`tb_node`, CONSTRAINT `tb_node_ibfk_2` FOREIGN KEY (`partner_id`) REFERENCES `tb_partner` (`id`))','2024-08-31 23:47:00',93),(234,'ç‚¹ä½ç®¡ç†',1,'com.dkd.manage.controller.NodeController.add()','POST',1,'admin','ç ”å‘éƒ¨é—¨','/manage/node','127.0.0.1','å†…ç½‘IP','{\"address\":\"å¥¥è¿åšç‰©é¦†å¥¥è¿åšç‰©é¦†\",\"businessType\":1,\"createTime\":\"2024-08-31 23:47:05\",\"nodeName\":\"å¥¥è¿åšç‰©é¦†\",\"params\":{},\"partnerId\":5,\"regionId\":4}',NULL,1,'\r\n### Error updating database.  Cause: java.sql.SQLIntegrityConstraintViolationException: Cannot add or update a child row: a foreign key constraint fails (`dkd`.`tb_node`, CONSTRAINT `tb_node_ibfk_2` FOREIGN KEY (`partner_id`) REFERENCES `tb_partner` (`id`))\r\n### The error may exist in file [F:\\JAVA\\back-end\\project\\RuoYi-Vue\\dkd-parent\\dkd-manage\\target\\classes\\mapper\\manage\\NodeMapper.xml]\r\n### The error may involve com.dkd.manage.mapper.NodeMapper.insertNode-Inline\r\n### The error occurred while setting parameters\r\n### SQL: insert into tb_node          ( node_name,             address,             business_type,             region_id,             partner_id,             create_time )           values ( ?,             ?,             ?,             ?,             ?,             ? )\r\n### Cause: java.sql.SQLIntegrityConstraintViolationException: Cannot add or update a child row: a foreign key constraint fails (`dkd`.`tb_node`, CONSTRAINT `tb_node_ibfk_2` FOREIGN KEY (`partner_id`) REFERENCES `tb_partner` (`id`))\n; Cannot add or update a child row: a foreign key constraint fails (`dkd`.`tb_node`, CONSTRAINT `tb_node_ibfk_2` FOREIGN KEY (`partner_id`) REFERENCES `tb_partner` (`id`)); nested exception is java.sql.SQLIntegrityConstraintViolationException: Cannot add or update a child row: a foreign key constraint fails (`dkd`.`tb_node`, CONSTRAINT `tb_node_ibfk_2` FOREIGN KEY (`partner_id`) REFERENCES `tb_partner` (`id`))','2024-08-31 23:47:05',85),(235,'ç‚¹ä½ç®¡ç†',1,'com.dkd.manage.controller.NodeController.add()','POST',1,'admin','ç ”å‘éƒ¨é—¨','/manage/node','127.0.0.1','å†…ç½‘IP','{\"address\":\"å¥¥è¿åšç‰©é¦†å¥¥è¿åšç‰©é¦†\",\"businessType\":1,\"createTime\":\"2024-08-31 23:52:54\",\"nodeName\":\"å¥¥è¿åšç‰©é¦†\",\"params\":{},\"partnerId\":5,\"regionId\":4}',NULL,1,'\r\n### Error updating database.  Cause: java.sql.SQLIntegrityConstraintViolationException: Cannot add or update a child row: a foreign key constraint fails (`dkd`.`tb_node`, CONSTRAINT `tb_node_ibfk_2` FOREIGN KEY (`partner_id`) REFERENCES `tb_partner` (`id`))\r\n### The error may exist in file [F:\\JAVA\\back-end\\project\\RuoYi-Vue\\dkd-parent\\dkd-manage\\target\\classes\\mapper\\manage\\NodeMapper.xml]\r\n### The error may involve com.dkd.manage.mapper.NodeMapper.insertNode-Inline\r\n### The error occurred while setting parameters\r\n### SQL: insert into tb_node          ( node_name,             address,             business_type,             region_id,             partner_id,             create_time )           values ( ?,             ?,             ?,             ?,             ?,             ? )\r\n### Cause: java.sql.SQLIntegrityConstraintViolationException: Cannot add or update a child row: a foreign key constraint fails (`dkd`.`tb_node`, CONSTRAINT `tb_node_ibfk_2` FOREIGN KEY (`partner_id`) REFERENCES `tb_partner` (`id`))\n; Cannot add or update a child row: a foreign key constraint fails (`dkd`.`tb_node`, CONSTRAINT `tb_node_ibfk_2` FOREIGN KEY (`partner_id`) REFERENCES `tb_partner` (`id`)); nested exception is java.sql.SQLIntegrityConstraintViolationException: Cannot add or update a child row: a foreign key constraint fails (`dkd`.`tb_node`, CONSTRAINT `tb_node_ibfk_2` FOREIGN KEY (`partner_id`) REFERENCES `tb_partner` (`id`))','2024-08-31 23:52:54',72),(236,'ç‚¹ä½ç®¡ç†',1,'com.dkd.manage.controller.NodeController.add()','POST',1,'admin','ç ”å‘éƒ¨é—¨','/manage/node','127.0.0.1','å†…ç½‘IP','{\"address\":\"åšç‰©é¦†åšç‰©é¦†\",\"businessType\":3,\"createTime\":\"2024-09-01 00:26:29\",\"id\":13,\"nodeName\":\"åšç‰©é¦†\",\"params\":{},\"partnerId\":4,\"regionId\":4}','{\"msg\":\"æ“ä½œæˆåŠŸ\",\"code\":200}',0,NULL,'2024-09-01 00:26:29',100),(237,'ç‚¹ä½ç®¡ç†',3,'com.dkd.manage.controller.NodeController.remove()','DELETE',1,'admin','ç ”å‘éƒ¨é—¨','/manage/node/13','127.0.0.1','å†…ç½‘IP','{}','{\"msg\":\"æ“ä½œæˆåŠŸ\",\"code\":200}',0,NULL,'2024-09-01 00:37:40',72),(238,'èœå•ç®¡ç†',1,'com.dkd.web.controller.system.SysMenuController.add()','POST',1,'admin','ç ”å‘éƒ¨é—¨','/system/menu','127.0.0.1','å†…ç½‘IP','{\"children\":[],\"createBy\":\"admin\",\"icon\":\"ç­–ç•¥ç®¡ç†\",\"isCache\":\"0\",\"isFrame\":\"1\",\"menuName\":\"ç­–ç•¥ç®¡ç†\",\"menuType\":\"M\",\"orderNum\":7,\"params\":{},\"parentId\":0,\"path\":\"policy\",\"status\":\"0\",\"visible\":\"0\"}','{\"msg\":\"æ“ä½œæˆåŠŸ\",\"code\":200}',0,NULL,'2024-09-01 00:45:38',177),(239,'ä»£ç ç”Ÿæˆ',6,'com.dkd.generator.controller.GenController.importTableSave()','POST',1,'admin','ç ”å‘éƒ¨é—¨','/tool/gen/importTable','127.0.0.1','å†…ç½‘IP','{\"tables\":\"tb_policy\"}','{\"msg\":\"æ“ä½œæˆåŠŸ\",\"code\":200}',0,NULL,'2024-09-01 00:45:55',198),(240,'ä»£ç ç”Ÿæˆ',2,'com.dkd.generator.controller.GenController.editSave()','PUT',1,'admin','ç ”å‘éƒ¨é—¨','/tool/gen','127.0.0.1','å†…ç½‘IP','{\"businessName\":\"policy\",\"className\":\"Policy\",\"columns\":[{\"capJavaField\":\"PolicyId\",\"columnComment\":\"ç­–ç•¥id\",\"columnId\":81,\"columnName\":\"policy_id\",\"columnType\":\"bigint\",\"createBy\":\"admin\",\"createTime\":\"2024-09-01 00:45:55\",\"dictType\":\"\",\"edit\":false,\"htmlType\":\"input\",\"increment\":true,\"insert\":false,\"isIncrement\":\"1\",\"isInsert\":\"0\",\"isPk\":\"1\",\"isRequired\":\"0\",\"javaField\":\"policyId\",\"javaType\":\"Long\",\"list\":false,\"params\":{},\"pk\":true,\"query\":false,\"queryType\":\"EQ\",\"required\":false,\"sort\":1,\"superColumn\":false,\"tableId\":9,\"updateBy\":\"\",\"usableColumn\":false},{\"capJavaField\":\"PolicyName\",\"columnComment\":\"ç­–ç•¥åç§°\",\"columnId\":82,\"columnName\":\"policy_name\",\"columnType\":\"varchar(30)\",\"createBy\":\"admin\",\"createTime\":\"2024-09-01 00:45:55\",\"dictType\":\"\",\"edit\":true,\"htmlType\":\"input\",\"increment\":false,\"insert\":true,\"isEdit\":\"1\",\"isIncrement\":\"0\",\"isInsert\":\"1\",\"isList\":\"1\",\"isPk\":\"0\",\"isQuery\":\"1\",\"isRequired\":\"1\",\"javaField\":\"policyName\",\"javaType\":\"String\",\"list\":true,\"params\":{},\"pk\":false,\"query\":true,\"queryType\":\"LIKE\",\"required\":true,\"sort\":2,\"superColumn\":false,\"tableId\":9,\"updateBy\":\"\",\"usableColumn\":false},{\"capJavaField\":\"Discount\",\"columnComment\":\"ç­–ç•¥æ–¹æ¡ˆï¼Œå¦‚ï¼š80ä»£è¡¨8æŠ˜\",\"columnId\":83,\"columnName\":\"discount\",\"columnType\":\"int\",\"createBy\":\"admin\",\"createTime\":\"2024-09-01 00:45:55\",\"dictType\":\"\",\"edit\":true,\"htmlType\":\"input\",\"increment\":false,\"insert\":true,\"isEdit\":\"1\",\"isIncrement\":\"0\",\"isInsert\":\"1\",\"isList\":\"1\",\"isPk\":\"0\",\"isQuery\":\"0\",\"isRequired\":\"1\",\"javaField\":\"discount\",\"javaType\":\"Long\",\"list\":true,\"params\":{},\"pk\":false,\"query\":false,\"queryType\":\"EQ\",\"required\":true,\"sort\":3,\"superColumn\":false,\"tableId\":9,\"updateBy\":\"\",\"usableColumn\":false},{\"capJavaField\":\"CreateTime\",\"columnComment\":\"åˆ›å»ºæ—¶é—´\",\"columnId\":84,\"columnName\":\"create_time\",\"columnType\":\"timestamp\",\"createBy\":\"admin\",\"createTime\":\"2024-09-01 00:45:55\",\"dictType\":\"\",\"edit\":false,\"htmlType\":\"datetime\",\"increment\":false,\"insert\":false,\"isIncrement\":\"0\",\"isInsert\":\"0\",\"isList\":\"1\",\"isPk\":\"0\",\"isRequired\":\"0\",\"java','{\"msg\":\"æ“ä½œæˆåŠŸ\",\"code\":200}',0,NULL,'2024-09-01 00:47:45',89),(241,'ä»£ç ç”Ÿæˆ',8,'com.dkd.generator.controller.GenController.batchGenCode()','GET',1,'admin','ç ”å‘éƒ¨é—¨','/tool/gen/batchGenCode','127.0.0.1','å†…ç½‘IP','{\"tables\":\"tb_policy\"}',NULL,0,NULL,'2024-09-01 00:47:49',552),(242,'èœå•ç®¡ç†',2,'com.dkd.web.controller.system.SysMenuController.edit()','PUT',1,'admin','ç ”å‘éƒ¨é—¨','/system/menu','127.0.0.1','å†…ç½‘IP','{\"children\":[],\"component\":\"manage/policy/index\",\"createTime\":\"2024-09-01 00:49:10\",\"icon\":\"å­ç­–ç•¥ç®¡ç†\",\"isCache\":\"0\",\"isFrame\":\"1\",\"menuId\":2041,\"menuName\":\"ç­–ç•¥ç®¡ç†\",\"menuType\":\"C\",\"orderNum\":1,\"params\":{},\"parentId\":2040,\"path\":\"policy\",\"perms\":\"manage:policy:list\",\"status\":\"0\",\"updateBy\":\"admin\",\"visible\":\"0\"}','{\"msg\":\"æ“ä½œæˆåŠŸ\",\"code\":200}',0,NULL,'2024-09-01 00:51:28',103),(243,'ç­–ç•¥ç®¡ç†',1,'com.dkd.manage.controller.PolicyController.add()','POST',1,'admin','ç ”å‘éƒ¨é—¨','/manage/policy','127.0.0.1','å†…ç½‘IP','{\"createTime\":\"2024-09-01 01:31:35\",\"discount\":70,\"params\":{},\"policyId\":11,\"policyName\":\"é…·å¤å†°ç‚¹ä»·\"}','{\"msg\":\"æ“ä½œæˆåŠŸ\",\"code\":200}',0,NULL,'2024-09-01 01:31:35',181),(244,'ç­–ç•¥ç®¡ç†',2,'com.dkd.manage.controller.PolicyController.edit()','PUT',1,'admin','ç ”å‘éƒ¨é—¨','/manage/policy','127.0.0.1','å†…ç½‘IP','{\"createTime\":\"2024-09-01 01:31:36\",\"discount\":65,\"params\":{},\"policyId\":11,\"policyName\":\"é…·å¤å†°ç‚¹ä»·\",\"updateTime\":\"2024-09-01 01:31:42\"}','{\"msg\":\"æ“ä½œæˆåŠŸ\",\"code\":200}',0,NULL,'2024-09-01 01:31:42',83),(245,'ç­–ç•¥ç®¡ç†',1,'com.dkd.manage.controller.PolicyController.add()','POST',1,'admin','ç ”å‘éƒ¨é—¨','/manage/policy','127.0.0.1','å†…ç½‘IP','{\"createTime\":\"2024-09-01 02:04:45\",\"discount\":20,\"params\":{},\"policyId\":12,\"policyName\":\"é…·å¤\"}','{\"msg\":\"æ“ä½œæˆåŠŸ\",\"code\":200}',0,NULL,'2024-09-01 02:04:45',90),(246,'ç­–ç•¥ç®¡ç†',1,'com.dkd.manage.controller.PolicyController.add()','POST',1,'admin','ç ”å‘éƒ¨é—¨','/manage/policy','127.0.0.1','å†…ç½‘IP','{\"createTime\":\"2024-09-01 02:31:27\",\"discount\":12,\"params\":{},\"policyName\":\"é…·å¤\"}',NULL,1,'\r\n### Error updating database.  Cause: java.sql.SQLIntegrityConstraintViolationException: Duplicate entry \'é…·å¤\' for key \'tb_policy.tb_policy_policy_name_uindex\'\r\n### The error may exist in file [F:\\JAVA\\back-end\\project\\RuoYi-Vue\\dkd-parent\\dkd-manage\\target\\classes\\mapper\\manage\\PolicyMapper.xml]\r\n### The error may involve com.dkd.manage.mapper.PolicyMapper.insertPolicy-Inline\r\n### The error occurred while setting parameters\r\n### SQL: insert into tb_policy          ( policy_name,             discount,             create_time )           values ( ?,             ?,             ? )\r\n### Cause: java.sql.SQLIntegrityConstraintViolationException: Duplicate entry \'é…·å¤\' for key \'tb_policy.tb_policy_policy_name_uindex\'\n; Duplicate entry \'é…·å¤\' for key \'tb_policy.tb_policy_policy_name_uindex\'; nested exception is java.sql.SQLIntegrityConstraintViolationException: Duplicate entry \'é…·å¤\' for key \'tb_policy.tb_policy_policy_name_uindex\'','2024-09-01 02:31:27',113),(247,'ç­–ç•¥ç®¡ç†',1,'com.dkd.manage.controller.PolicyController.add()','POST',1,'admin','ç ”å‘éƒ¨é—¨','/manage/policy','127.0.0.1','å†…ç½‘IP','{\"createTime\":\"2024-09-01 02:31:39\",\"discount\":12,\"params\":{},\"policyId\":14,\"policyName\":\"é…·å¤é…·å¤\"}','{\"msg\":\"æ“ä½œæˆåŠŸ\",\"code\":200}',0,NULL,'2024-09-01 02:31:39',100),(248,'ç­–ç•¥ç®¡ç†',1,'com.dkd.manage.controller.PolicyController.add()','POST',1,'admin','ç ”å‘éƒ¨é—¨','/manage/policy','127.0.0.1','å†…ç½‘IP','{\"createTime\":\"2024-09-01 02:37:53\",\"discount\":12,\"params\":{},\"policyName\":\"é…·å¤\"}',NULL,1,'\r\n### Error updating database.  Cause: java.sql.SQLIntegrityConstraintViolationException: Duplicate entry \'é…·å¤\' for key \'tb_policy.tb_policy_policy_name_uindex\'\r\n### The error may exist in file [F:\\JAVA\\back-end\\project\\RuoYi-Vue\\dkd-parent\\dkd-manage\\target\\classes\\mapper\\manage\\PolicyMapper.xml]\r\n### The error may involve com.dkd.manage.mapper.PolicyMapper.insertPolicy-Inline\r\n### The error occurred while setting parameters\r\n### SQL: insert into tb_policy          ( policy_name,             discount,             create_time )           values ( ?,             ?,             ? )\r\n### Cause: java.sql.SQLIntegrityConstraintViolationException: Duplicate entry \'é…·å¤\' for key \'tb_policy.tb_policy_policy_name_uindex\'\n; Duplicate entry \'é…·å¤\' for key \'tb_policy.tb_policy_policy_name_uindex\'; nested exception is java.sql.SQLIntegrityConstraintViolationException: Duplicate entry \'é…·å¤\' for key \'tb_policy.tb_policy_policy_name_uindex\'','2024-09-01 02:37:53',51),(249,'ç­–ç•¥ç®¡ç†',1,'com.dkd.manage.controller.PolicyController.add()','POST',1,'admin','ç ”å‘éƒ¨é—¨','/manage/policy','127.0.0.1','å†…ç½‘IP','{\"createTime\":\"2024-09-01 02:45:21\",\"discount\":12,\"params\":{},\"policyName\":\"é…·å¤\"}',NULL,1,'\r\n### Error updating database.  Cause: java.sql.SQLIntegrityConstraintViolationException: Duplicate entry \'é…·å¤\' for key \'tb_policy.tb_policy_policy_name_uindex\'\r\n### The error may exist in file [F:\\JAVA\\back-end\\project\\RuoYi-Vue\\dkd-parent\\dkd-manage\\target\\classes\\mapper\\manage\\PolicyMapper.xml]\r\n### The error may involve com.dkd.manage.mapper.PolicyMapper.insertPolicy-Inline\r\n### The error occurred while setting parameters\r\n### SQL: insert into tb_policy          ( policy_name,             discount,             create_time )           values ( ?,             ?,             ? )\r\n### Cause: java.sql.SQLIntegrityConstraintViolationException: Duplicate entry \'é…·å¤\' for key \'tb_policy.tb_policy_policy_name_uindex\'\n; Duplicate entry \'é…·å¤\' for key \'tb_policy.tb_policy_policy_name_uindex\'; nested exception is java.sql.SQLIntegrityConstraintViolationException: Duplicate entry \'é…·å¤\' for key \'tb_policy.tb_policy_policy_name_uindex\'','2024-09-01 02:45:21',70),(250,'ç­–ç•¥ç®¡ç†',1,'com.dkd.manage.controller.PolicyController.add()','POST',1,'admin','ç ”å‘éƒ¨é—¨','/manage/policy','127.0.0.1','å†…ç½‘IP','{\"createTime\":\"2024-09-01 02:46:37\",\"discount\":12,\"params\":{},\"policyName\":\"é…·å¤\"}',NULL,1,'\r\n### Error updating database.  Cause: java.sql.SQLIntegrityConstraintViolationException: Duplicate entry \'é…·å¤\' for key \'tb_policy.tb_policy_policy_name_uindex\'\r\n### The error may exist in file [F:\\JAVA\\back-end\\project\\RuoYi-Vue\\dkd-parent\\dkd-manage\\target\\classes\\mapper\\manage\\PolicyMapper.xml]\r\n### The error may involve com.dkd.manage.mapper.PolicyMapper.insertPolicy-Inline\r\n### The error occurred while setting parameters\r\n### SQL: insert into tb_policy          ( policy_name,             discount,             create_time )           values ( ?,             ?,             ? )\r\n### Cause: java.sql.SQLIntegrityConstraintViolationException: Duplicate entry \'é…·å¤\' for key \'tb_policy.tb_policy_policy_name_uindex\'\n; Duplicate entry \'é…·å¤\' for key \'tb_policy.tb_policy_policy_name_uindex\'; nested exception is java.sql.SQLIntegrityConstraintViolationException: Duplicate entry \'é…·å¤\' for key \'tb_policy.tb_policy_policy_name_uindex\'','2024-09-01 02:46:37',71),(251,'ç­–ç•¥ç®¡ç†',1,'com.dkd.manage.controller.PolicyController.add()','POST',1,'admin','ç ”å‘éƒ¨é—¨','/manage/policy','127.0.0.1','å†…ç½‘IP','{\"createTime\":\"2024-09-01 02:53:08\",\"discount\":12,\"params\":{},\"policyName\":\"é…·å¤\"}',NULL,1,'\r\n### Error updating database.  Cause: java.sql.SQLIntegrityConstraintViolationException: Duplicate entry \'é…·å¤\' for key \'tb_policy.tb_policy_policy_name_uindex\'\r\n### The error may exist in file [F:\\JAVA\\back-end\\project\\RuoYi-Vue\\dkd-parent\\dkd-manage\\target\\classes\\mapper\\manage\\PolicyMapper.xml]\r\n### The error may involve com.dkd.manage.mapper.PolicyMapper.insertPolicy-Inline\r\n### The error occurred while setting parameters\r\n### SQL: insert into tb_policy          ( policy_name,             discount,             create_time )           values ( ?,             ?,             ? )\r\n### Cause: java.sql.SQLIntegrityConstraintViolationException: Duplicate entry \'é…·å¤\' for key \'tb_policy.tb_policy_policy_name_uindex\'\n; Duplicate entry \'é…·å¤\' for key \'tb_policy.tb_policy_policy_name_uindex\'; nested exception is java.sql.SQLIntegrityConstraintViolationException: Duplicate entry \'é…·å¤\' for key \'tb_policy.tb_policy_policy_name_uindex\'','2024-09-01 02:53:09',80),(252,'ç­–ç•¥ç®¡ç†',2,'com.dkd.manage.controller.PolicyController.edit()','PUT',1,'admin','ç ”å‘éƒ¨é—¨','/manage/policy','127.0.0.1','å†…ç½‘IP','{\"createTime\":\"2024-09-01 02:31:40\",\"discount\":12,\"params\":{},\"policyId\":14,\"policyName\":\"é…·å¤\",\"updateTime\":\"2024-09-01 02:53:38\"}',NULL,1,'\r\n### Error updating database.  Cause: java.sql.SQLIntegrityConstraintViolationException: Duplicate entry \'é…·å¤\' for key \'tb_policy.tb_policy_policy_name_uindex\'\r\n### The error may exist in file [F:\\JAVA\\back-end\\project\\RuoYi-Vue\\dkd-parent\\dkd-manage\\target\\classes\\mapper\\manage\\PolicyMapper.xml]\r\n### The error may involve com.dkd.manage.mapper.PolicyMapper.updatePolicy-Inline\r\n### The error occurred while setting parameters\r\n### SQL: update tb_policy          SET policy_name = ?,             discount = ?,             create_time = ?,             update_time = ?          where policy_id = ?\r\n### Cause: java.sql.SQLIntegrityConstraintViolationException: Duplicate entry \'é…·å¤\' for key \'tb_policy.tb_policy_policy_name_uindex\'\n; Duplicate entry \'é…·å¤\' for key \'tb_policy.tb_policy_policy_name_uindex\'; nested exception is java.sql.SQLIntegrityConstraintViolationException: Duplicate entry \'é…·å¤\' for key \'tb_policy.tb_policy_policy_name_uindex\'','2024-09-01 02:53:39',114),(253,'ç­–ç•¥ç®¡ç†',2,'com.dkd.manage.controller.PolicyController.edit()','PUT',1,'admin','ç ”å‘éƒ¨é—¨','/manage/policy','127.0.0.1','å†…ç½‘IP','{\"createTime\":\"2024-09-01 02:31:40\",\"discount\":12,\"params\":{},\"policyId\":14,\"policyName\":\"é…·å¤\",\"updateTime\":\"2024-09-01 02:54:17\"}',NULL,1,'\r\n### Error updating database.  Cause: java.sql.SQLIntegrityConstraintViolationException: Duplicate entry \'é…·å¤\' for key \'tb_policy.tb_policy_policy_name_uindex\'\r\n### The error may exist in file [F:\\JAVA\\back-end\\project\\RuoYi-Vue\\dkd-parent\\dkd-manage\\target\\classes\\mapper\\manage\\PolicyMapper.xml]\r\n### The error may involve com.dkd.manage.mapper.PolicyMapper.updatePolicy-Inline\r\n### The error occurred while setting parameters\r\n### SQL: update tb_policy          SET policy_name = ?,             discount = ?,             create_time = ?,             update_time = ?          where policy_id = ?\r\n### Cause: java.sql.SQLIntegrityConstraintViolationException: Duplicate entry \'é…·å¤\' for key \'tb_policy.tb_policy_policy_name_uindex\'\n; Duplicate entry \'é…·å¤\' for key \'tb_policy.tb_policy_policy_name_uindex\'; nested exception is java.sql.SQLIntegrityConstraintViolationException: Duplicate entry \'é…·å¤\' for key \'tb_policy.tb_policy_policy_name_uindex\'','2024-09-01 02:54:17',62),(254,'ç­–ç•¥ç®¡ç†',1,'com.dkd.manage.controller.PolicyController.add()','POST',1,'admin','ç ”å‘éƒ¨é—¨','/manage/policy','127.0.0.1','å†…ç½‘IP','{\"createTime\":\"2024-09-01 02:54:28\",\"discount\":12,\"params\":{},\"policyName\":\"é…·å¤\"}',NULL,1,'\r\n### Error updating database.  Cause: java.sql.SQLIntegrityConstraintViolationException: Duplicate entry \'é…·å¤\' for key \'tb_policy.tb_policy_policy_name_uindex\'\r\n### The error may exist in file [F:\\JAVA\\back-end\\project\\RuoYi-Vue\\dkd-parent\\dkd-manage\\target\\classes\\mapper\\manage\\PolicyMapper.xml]\r\n### The error may involve com.dkd.manage.mapper.PolicyMapper.insertPolicy-Inline\r\n### The error occurred while setting parameters\r\n### SQL: insert into tb_policy          ( policy_name,             discount,             create_time )           values ( ?,             ?,             ? )\r\n### Cause: java.sql.SQLIntegrityConstraintViolationException: Duplicate entry \'é…·å¤\' for key \'tb_policy.tb_policy_policy_name_uindex\'\n; Duplicate entry \'é…·å¤\' for key \'tb_policy.tb_policy_policy_name_uindex\'; nested exception is java.sql.SQLIntegrityConstraintViolationException: Duplicate entry \'é…·å¤\' for key \'tb_policy.tb_policy_policy_name_uindex\'','2024-09-01 02:54:28',101),(255,'ç­–ç•¥ç®¡ç†',1,'com.dkd.manage.controller.PolicyController.add()','POST',1,'admin','ç ”å‘éƒ¨é—¨','/manage/policy','127.0.0.1','å†…ç½‘IP','{\"createTime\":\"2024-09-01 02:55:16\",\"discount\":12,\"params\":{},\"policyId\":20,\"policyName\":\"é…·å¤é…·å¤é…·å¤é…·å¤\"}','{\"msg\":\"æ“ä½œæˆåŠŸ\",\"code\":200}',0,NULL,'2024-09-01 02:55:16',110),(256,'ç­–ç•¥ç®¡ç†',3,'com.dkd.manage.controller.PolicyController.remove()','DELETE',1,'admin','ç ”å‘éƒ¨é—¨','/manage/policy/20','127.0.0.1','å†…ç½‘IP','{}','{\"msg\":\"æ“ä½œæˆåŠŸ\",\"code\":200}',0,NULL,'2024-09-01 02:56:18',109),(257,'ç­–ç•¥ç®¡ç†',1,'com.dkd.manage.controller.PolicyController.add()','POST',1,'admin','ç ”å‘éƒ¨é—¨','/manage/policy','127.0.0.1','å†…ç½‘IP','{\"createTime\":\"2024-09-01 02:56:42\",\"discount\":20,\"params\":{},\"policyId\":21,\"policyName\":\"é…·å¤é…·å¤é…·å¤\"}','{\"msg\":\"æ“ä½œæˆåŠŸ\",\"code\":200}',0,NULL,'2024-09-01 02:56:42',104),(258,'ç­–ç•¥ç®¡ç†',3,'com.dkd.manage.controller.PolicyController.remove()','DELETE',1,'admin','ç ”å‘éƒ¨é—¨','/manage/policy/21','127.0.0.1','å†…ç½‘IP','{}','{\"msg\":\"æ“ä½œæˆåŠŸ\",\"code\":200}',0,NULL,'2024-09-01 02:57:02',101),(259,'ç­–ç•¥ç®¡ç†',3,'com.dkd.manage.controller.PolicyController.remove()','DELETE',1,'admin','ç ”å‘éƒ¨é—¨','/manage/policy/14','127.0.0.1','å†…ç½‘IP','{}','{\"msg\":\"æ“ä½œæˆåŠŸ\",\"code\":200}',0,NULL,'2024-09-01 02:57:07',69),(260,'ç­–ç•¥ç®¡ç†',3,'com.dkd.manage.controller.PolicyController.remove()','DELETE',1,'admin','ç ”å‘éƒ¨é—¨','/manage/policy/12','127.0.0.1','å†…ç½‘IP','{}','{\"msg\":\"æ“ä½œæˆåŠŸ\",\"code\":200}',0,NULL,'2024-09-01 11:53:11',79),(261,'è®¾å¤‡ç®¡ç†',2,'com.dkd.manage.controller.VendingMachineController.edit()','PUT',1,'admin','ç ”å‘éƒ¨é—¨','/manage/vm','127.0.0.1','å†…ç½‘IP','{\"addr\":\"åŒ—äº¬å¸‚æœé˜³åŒºå»ºå›½é—¨å¤–å¤§è¡—1å·\",\"businessType\":2,\"channelMaxCapacity\":10,\"clientId\":\"70122567fcc13e7615e7239812c20448\",\"createBy\":\"Admin\",\"createTime\":\"2024-08-29 17:06:21\",\"id\":80,\"innerCode\":\"A1000001\",\"lastSupplyTime\":\"2023-03-22 00:00:00\",\"latitude\":0,\"longitudes\":0,\"nodeId\":2,\"params\":{},\"partnerId\":2,\"policyId\":2,\"regionId\":2,\"remark\":\"ä½äºCBDçš„æ ¸å¿ƒä½ç½®\",\"runningStatus\":\"{\\\"statusCode\\\":\\\"1001\\\",\\\"status\\\":true}\",\"updateBy\":\"Admin\",\"updateTime\":\"2024-09-01 12:14:57\",\"vmStatus\":1,\"vmTypeId\":1}','{\"msg\":\"æ“ä½œæˆåŠŸ\",\"code\":200}',0,NULL,'2024-09-01 12:14:57',184),(262,'è®¾å¤‡ç®¡ç†',2,'com.dkd.manage.controller.VendingMachineController.edit()','PUT',1,'admin','ç ”å‘éƒ¨é—¨','/manage/vm','127.0.0.1','å†…ç½‘IP','{\"addr\":\"åŒ—äº¬å¸‚æœé˜³åŒºå»ºå›½é—¨å¤–å¤§è¡—1å·\",\"businessType\":2,\"channelMaxCapacity\":10,\"clientId\":\"70122567fcc13e7615e7239812c20448\",\"createBy\":\"Admin\",\"createTime\":\"2024-08-29 17:06:21\",\"id\":80,\"innerCode\":\"A1000001\",\"lastSupplyTime\":\"2023-03-22 00:00:00\",\"latitude\":0,\"longitudes\":0,\"nodeId\":2,\"params\":{},\"partnerId\":2,\"policyId\":1,\"regionId\":2,\"remark\":\"ä½äºCBDçš„æ ¸å¿ƒä½ç½®\",\"runningStatus\":\"{\\\"statusCode\\\":\\\"1001\\\",\\\"status\\\":true}\",\"updateBy\":\"Admin\",\"updateTime\":\"2024-09-01 12:15:10\",\"vmStatus\":1,\"vmTypeId\":1}','{\"msg\":\"æ“ä½œæˆåŠŸ\",\"code\":200}',0,NULL,'2024-09-01 12:15:10',177),(263,'è®¾å¤‡ç®¡ç†',2,'com.dkd.manage.controller.VendingMachineController.edit()','PUT',1,'admin','ç ”å‘éƒ¨é—¨','/manage/vm','127.0.0.1','å†…ç½‘IP','{\"addr\":\"åŒ—äº¬å¸‚æœé˜³åŒºå»ºå›½é—¨å¤–å¤§è¡—1å·\",\"businessType\":2,\"channelMaxCapacity\":8,\"createBy\":\"Admin\",\"createTime\":\"2024-08-29 17:06:21\",\"id\":105,\"innerCode\":\"nf2UVwi5\",\"lastSupplyTime\":\"2000-01-01 00:00:00\",\"latitude\":0,\"longitudes\":0,\"nodeId\":2,\"params\":{},\"partnerId\":2,\"policyId\":11,\"regionId\":2,\"remark\":\"ä½äºCBDçš„æ ¸å¿ƒä½ç½®\",\"updateBy\":\"Admin\",\"updateTime\":\"2024-09-01 12:16:49\",\"vmStatus\":0,\"vmTypeId\":4}','{\"msg\":\"æ“ä½œæˆåŠŸ\",\"code\":200}',0,NULL,'2024-09-01 12:16:49',112),(264,'è®¾å¤‡ç®¡ç†',2,'com.dkd.manage.controller.VendingMachineController.edit()','PUT',1,'admin','ç ”å‘éƒ¨é—¨','/manage/vm','127.0.0.1','å†…ç½‘IP','{\"addr\":\"åŒ—äº¬å¸‚æœé˜³åŒºå»ºå›½é—¨å¤–å¤§è¡—1å·\",\"businessType\":2,\"channelMaxCapacity\":8,\"createBy\":\"Admin\",\"createTime\":\"2024-08-29 17:06:21\",\"id\":105,\"innerCode\":\"nf2UVwi5\",\"lastSupplyTime\":\"2000-01-01 00:00:00\",\"latitude\":0,\"longitudes\":0,\"nodeId\":2,\"params\":{},\"partnerId\":2,\"policyId\":2,\"regionId\":2,\"remark\":\"ä½äºCBDçš„æ ¸å¿ƒä½ç½®\",\"updateBy\":\"Admin\",\"updateTime\":\"2024-09-01 12:20:30\",\"vmStatus\":0,\"vmTypeId\":4}','{\"msg\":\"æ“ä½œæˆåŠŸ\",\"code\":200}',0,NULL,'2024-09-01 12:20:31',119),(265,'èœå•ç®¡ç†',1,'com.dkd.web.controller.system.SysMenuController.add()','POST',1,'admin','ç ”å‘éƒ¨é—¨','/system/menu','127.0.0.1','å†…ç½‘IP','{\"children\":[],\"createBy\":\"admin\",\"icon\":\"å•†å“ç®¡ç†\",\"isCache\":\"0\",\"isFrame\":\"1\",\"menuName\":\"å•†å“ç®¡ç†\",\"menuType\":\"M\",\"orderNum\":5,\"params\":{},\"parentId\":0,\"path\":\"sku\",\"status\":\"0\",\"visible\":\"0\"}','{\"msg\":\"æ“ä½œæˆåŠŸ\",\"code\":200}',0,NULL,'2024-09-01 12:28:36',97),(266,'ä»£ç ç”Ÿæˆ',6,'com.dkd.generator.controller.GenController.importTableSave()','POST',1,'admin','ç ”å‘éƒ¨é—¨','/tool/gen/importTable','127.0.0.1','å†…ç½‘IP','{\"tables\":\"tb_sku_class\"}','{\"msg\":\"æ“ä½œæˆåŠŸ\",\"code\":200}',0,NULL,'2024-09-01 12:28:53',148),(267,'ä»£ç ç”Ÿæˆ',6,'com.dkd.generator.controller.GenController.importTableSave()','POST',1,'admin','ç ”å‘éƒ¨é—¨','/tool/gen/importTable','127.0.0.1','å†…ç½‘IP','{\"tables\":\"tb_sku\"}','{\"msg\":\"æ“ä½œæˆåŠŸ\",\"code\":200}',0,NULL,'2024-09-01 12:28:57',112),(268,'ä»£ç ç”Ÿæˆ',2,'com.dkd.generator.controller.GenController.editSave()','PUT',1,'admin','ç ”å‘éƒ¨é—¨','/tool/gen','127.0.0.1','å†…ç½‘IP','{\"businessName\":\"skuClass\",\"className\":\"SkuClass\",\"columns\":[{\"capJavaField\":\"ClassId\",\"columnComment\":\"ä¸»é”®\",\"columnId\":86,\"columnName\":\"class_id\",\"columnType\":\"int\",\"createBy\":\"admin\",\"createTime\":\"2024-09-01 12:28:53\",\"dictType\":\"\",\"edit\":false,\"htmlType\":\"input\",\"increment\":true,\"insert\":false,\"isIncrement\":\"1\",\"isInsert\":\"0\",\"isPk\":\"1\",\"isRequired\":\"0\",\"javaField\":\"classId\",\"javaType\":\"Long\",\"list\":false,\"params\":{},\"pk\":true,\"query\":false,\"queryType\":\"EQ\",\"required\":false,\"sort\":1,\"superColumn\":false,\"tableId\":10,\"updateBy\":\"\",\"usableColumn\":false},{\"capJavaField\":\"ClassName\",\"columnComment\":\"å•†å“ç±»å‹\",\"columnId\":87,\"columnName\":\"class_name\",\"columnType\":\"varchar(50)\",\"createBy\":\"admin\",\"createTime\":\"2024-09-01 12:28:53\",\"dictType\":\"\",\"edit\":true,\"htmlType\":\"input\",\"increment\":false,\"insert\":true,\"isEdit\":\"1\",\"isIncrement\":\"0\",\"isInsert\":\"1\",\"isList\":\"1\",\"isPk\":\"0\",\"isQuery\":\"1\",\"isRequired\":\"1\",\"javaField\":\"className\",\"javaType\":\"String\",\"list\":true,\"params\":{},\"pk\":false,\"query\":true,\"queryType\":\"LIKE\",\"required\":true,\"sort\":2,\"superColumn\":false,\"tableId\":10,\"updateBy\":\"\",\"usableColumn\":false},{\"capJavaField\":\"ParentId\",\"columnComment\":\"ä¸Šçº§id\",\"columnId\":88,\"columnName\":\"parent_id\",\"columnType\":\"int\",\"createBy\":\"admin\",\"createTime\":\"2024-09-01 12:28:53\",\"dictType\":\"\",\"edit\":false,\"htmlType\":\"input\",\"increment\":false,\"insert\":false,\"isEdit\":\"0\",\"isIncrement\":\"0\",\"isInsert\":\"0\",\"isList\":\"0\",\"isPk\":\"0\",\"isQuery\":\"0\",\"isRequired\":\"0\",\"javaField\":\"parentId\",\"javaType\":\"Long\",\"list\":false,\"params\":{},\"pk\":false,\"query\":false,\"queryType\":\"EQ\",\"required\":false,\"sort\":3,\"superColumn\":true,\"tableId\":10,\"updateBy\":\"\",\"usableColumn\":true}],\"crud\":true,\"functionAuthor\":\"itheima\",\"functionName\":\"å•†å“ç±»å‹\",\"genPath\":\"/\",\"genType\":\"0\",\"moduleName\":\"manage\",\"options\":\"{\\\"parentMenuId\\\":2047}\",\"packageName\":\"com.dkd.manage\",\"params\":{\"parentMenuId\":2047},\"parentMenuId\":\"2047\",\"sub\":false,\"tableComment\":\"å•†å“ç±»å‹è¡¨\",\"tableId\":10,\"tableName\":\"tb_sku_class\",\"tplCategory\":\"crud\",\"tplWebType\":\"e','{\"msg\":\"æ“ä½œæˆåŠŸ\",\"code\":200}',0,NULL,'2024-09-01 12:31:29',122),(269,'ä»£ç ç”Ÿæˆ',2,'com.dkd.generator.controller.GenController.editSave()','PUT',1,'admin','ç ”å‘éƒ¨é—¨','/tool/gen','127.0.0.1','å†…ç½‘IP','{\"businessName\":\"skuClass\",\"className\":\"SkuClass\",\"columns\":[{\"capJavaField\":\"ClassId\",\"columnComment\":\"ä¸»é”®\",\"columnId\":86,\"columnName\":\"class_id\",\"columnType\":\"int\",\"createBy\":\"admin\",\"createTime\":\"2024-09-01 12:28:53\",\"dictType\":\"\",\"edit\":false,\"htmlType\":\"input\",\"increment\":true,\"insert\":false,\"isIncrement\":\"1\",\"isInsert\":\"0\",\"isPk\":\"1\",\"isRequired\":\"0\",\"javaField\":\"classId\",\"javaType\":\"Long\",\"list\":false,\"params\":{},\"pk\":true,\"query\":false,\"queryType\":\"EQ\",\"required\":false,\"sort\":1,\"superColumn\":false,\"tableId\":10,\"updateBy\":\"\",\"updateTime\":\"2024-09-01 12:31:29\",\"usableColumn\":false},{\"capJavaField\":\"ClassName\",\"columnComment\":\"å•†å“ç±»å‹\",\"columnId\":87,\"columnName\":\"class_name\",\"columnType\":\"varchar(50)\",\"createBy\":\"admin\",\"createTime\":\"2024-09-01 12:28:53\",\"dictType\":\"\",\"edit\":true,\"htmlType\":\"input\",\"increment\":false,\"insert\":true,\"isEdit\":\"1\",\"isIncrement\":\"0\",\"isInsert\":\"1\",\"isList\":\"1\",\"isPk\":\"0\",\"isQuery\":\"1\",\"isRequired\":\"1\",\"javaField\":\"className\",\"javaType\":\"String\",\"list\":true,\"params\":{},\"pk\":false,\"query\":true,\"queryType\":\"LIKE\",\"required\":true,\"sort\":2,\"superColumn\":false,\"tableId\":10,\"updateBy\":\"\",\"updateTime\":\"2024-09-01 12:31:29\",\"usableColumn\":false},{\"capJavaField\":\"ParentId\",\"columnComment\":\"ä¸Šçº§id\",\"columnId\":88,\"columnName\":\"parent_id\",\"columnType\":\"int\",\"createBy\":\"admin\",\"createTime\":\"2024-09-01 12:28:53\",\"dictType\":\"\",\"edit\":false,\"htmlType\":\"input\",\"increment\":false,\"insert\":false,\"isEdit\":\"0\",\"isIncrement\":\"0\",\"isInsert\":\"0\",\"isList\":\"0\",\"isPk\":\"0\",\"isQuery\":\"0\",\"isRequired\":\"0\",\"javaField\":\"parentId\",\"javaType\":\"Long\",\"list\":false,\"params\":{},\"pk\":false,\"query\":false,\"queryType\":\"EQ\",\"required\":false,\"sort\":3,\"superColumn\":true,\"tableId\":10,\"updateBy\":\"\",\"updateTime\":\"2024-09-01 12:31:29\",\"usableColumn\":true}],\"crud\":true,\"functionAuthor\":\"itheima\",\"functionName\":\"å•†å“ç±»å‹\",\"genPath\":\"/\",\"genType\":\"0\",\"moduleName\":\"manage\",\"options\":\"{\\\"parentMenuId\\\":2047}\",\"packageName\":\"com.dkd.manage\",\"params\":{\"parentMenuId\":2047},\"parentMenuId\":\"2047\",\"sub\":','{\"msg\":\"æ“ä½œæˆåŠŸ\",\"code\":200}',0,NULL,'2024-09-01 13:22:20',115),(270,'ä»£ç ç”Ÿæˆ',2,'com.dkd.generator.controller.GenController.editSave()','PUT',1,'admin','ç ”å‘éƒ¨é—¨','/tool/gen','127.0.0.1','å†…ç½‘IP','{\"businessName\":\"sku\",\"className\":\"Sku\",\"columns\":[{\"capJavaField\":\"SkuId\",\"columnComment\":\"ä¸»é”®\",\"columnId\":89,\"columnName\":\"sku_id\",\"columnType\":\"bigint\",\"createBy\":\"admin\",\"createTime\":\"2024-09-01 12:28:57\",\"dictType\":\"\",\"edit\":false,\"htmlType\":\"input\",\"increment\":true,\"insert\":false,\"isIncrement\":\"1\",\"isInsert\":\"0\",\"isPk\":\"1\",\"isRequired\":\"0\",\"javaField\":\"skuId\",\"javaType\":\"Long\",\"list\":false,\"params\":{},\"pk\":true,\"query\":false,\"queryType\":\"EQ\",\"required\":false,\"sort\":1,\"superColumn\":false,\"tableId\":11,\"updateBy\":\"\",\"usableColumn\":false},{\"capJavaField\":\"SkuName\",\"columnComment\":\"å•†å“åç§°\",\"columnId\":90,\"columnName\":\"sku_name\",\"columnType\":\"varchar(50)\",\"createBy\":\"admin\",\"createTime\":\"2024-09-01 12:28:57\",\"dictType\":\"\",\"edit\":true,\"htmlType\":\"input\",\"increment\":false,\"insert\":true,\"isEdit\":\"1\",\"isIncrement\":\"0\",\"isInsert\":\"1\",\"isList\":\"1\",\"isPk\":\"0\",\"isQuery\":\"1\",\"isRequired\":\"1\",\"javaField\":\"skuName\",\"javaType\":\"String\",\"list\":true,\"params\":{},\"pk\":false,\"query\":true,\"queryType\":\"LIKE\",\"required\":true,\"sort\":2,\"superColumn\":false,\"tableId\":11,\"updateBy\":\"\",\"usableColumn\":false},{\"capJavaField\":\"SkuImage\",\"columnComment\":\"å•†å“å›¾ç‰‡\",\"columnId\":91,\"columnName\":\"sku_image\",\"columnType\":\"varchar(500)\",\"createBy\":\"admin\",\"createTime\":\"2024-09-01 12:28:57\",\"dictType\":\"\",\"edit\":true,\"htmlType\":\"imageUpload\",\"increment\":false,\"insert\":true,\"isEdit\":\"1\",\"isIncrement\":\"0\",\"isInsert\":\"1\",\"isList\":\"1\",\"isPk\":\"0\",\"isQuery\":\"0\",\"isRequired\":\"1\",\"javaField\":\"skuImage\",\"javaType\":\"String\",\"list\":true,\"params\":{},\"pk\":false,\"query\":false,\"queryType\":\"EQ\",\"required\":true,\"sort\":3,\"superColumn\":false,\"tableId\":11,\"updateBy\":\"\",\"usableColumn\":false},{\"capJavaField\":\"BrandName\",\"columnComment\":\"å“ç‰Œ\",\"columnId\":92,\"columnName\":\"brand_Name\",\"columnType\":\"varchar(50)\",\"createBy\":\"admin\",\"createTime\":\"2024-09-01 12:28:57\",\"dictType\":\"\",\"edit\":true,\"htmlType\":\"input\",\"increment\":false,\"insert\":true,\"isEdit\":\"1\",\"isIncrement\":\"0\",\"isInsert\":\"1\",\"isList\":\"1\",\"isPk\":\"0\",\"isQuery\":\"0\",\"isRequired\":\"1\"','{\"msg\":\"æ“ä½œæˆåŠŸ\",\"code\":200}',0,NULL,'2024-09-01 13:23:26',134),(271,'ä»£ç ç”Ÿæˆ',8,'com.dkd.generator.controller.GenController.batchGenCode()','GET',1,'admin','ç ”å‘éƒ¨é—¨','/tool/gen/batchGenCode','127.0.0.1','å†…ç½‘IP','{\"tables\":\"tb_sku_class,tb_sku\"}',NULL,0,NULL,'2024-09-01 13:23:35',709),(272,'èœå•ç®¡ç†',2,'com.dkd.web.controller.system.SysMenuController.edit()','PUT',1,'admin','ç ”å‘éƒ¨é—¨','/system/menu','127.0.0.1','å†…ç½‘IP','{\"children\":[],\"component\":\"manage/skuClass/index\",\"createTime\":\"2024-09-01 13:24:58\",\"icon\":\"å•†å“ç±»å‹\",\"isCache\":\"0\",\"isFrame\":\"1\",\"menuId\":2048,\"menuName\":\"å•†å“ç±»å‹\",\"menuType\":\"C\",\"orderNum\":1,\"params\":{},\"parentId\":2047,\"path\":\"skuClass\",\"perms\":\"manage:skuClass:list\",\"status\":\"0\",\"updateBy\":\"admin\",\"visible\":\"0\"}','{\"msg\":\"æ“ä½œæˆåŠŸ\",\"code\":200}',0,NULL,'2024-09-01 13:28:15',99),(273,'èœå•ç®¡ç†',2,'com.dkd.web.controller.system.SysMenuController.edit()','PUT',1,'admin','ç ”å‘éƒ¨é—¨','/system/menu','127.0.0.1','å†…ç½‘IP','{\"children\":[],\"component\":\"manage/sku/index\",\"createTime\":\"2024-09-01 13:24:59\",\"icon\":\"å­å•†å“ç®¡ç†\",\"isCache\":\"0\",\"isFrame\":\"1\",\"menuId\":2054,\"menuName\":\"å•†å“ç®¡ç†\",\"menuType\":\"C\",\"orderNum\":1,\"params\":{},\"parentId\":2047,\"path\":\"sku\",\"perms\":\"manage:sku:list\",\"status\":\"0\",\"updateBy\":\"admin\",\"visible\":\"0\"}','{\"msg\":\"æ“ä½œæˆåŠŸ\",\"code\":200}',0,NULL,'2024-09-01 13:45:08',144),(274,'å•†å“ç±»å‹',1,'com.dkd.manage.controller.SkuClassController.add()','POST',1,'admin','ç ”å‘éƒ¨é—¨','/manage/skuClass','127.0.0.1','å†…ç½‘IP','{\"classId\":15,\"className\":\"ä½“è‚²ç”¨å“\",\"params\":{}}','{\"msg\":\"æ“ä½œæˆåŠŸ\",\"code\":200}',0,NULL,'2024-09-01 13:58:12',119),(275,'å•†å“ç±»å‹',2,'com.dkd.manage.controller.SkuClassController.edit()','PUT',1,'admin','ç ”å‘éƒ¨é—¨','/manage/skuClass','127.0.0.1','å†…ç½‘IP','{\"classId\":15,\"className\":\"ç”µå­æ•°ç \",\"params\":{},\"parentId\":0}','{\"msg\":\"æ“ä½œæˆåŠŸ\",\"code\":200}',0,NULL,'2024-09-01 13:58:23',108),(276,'å•†å“ç±»å‹',1,'com.dkd.manage.controller.SkuClassController.add()','POST',1,'admin','ç ”å‘éƒ¨é—¨','/manage/skuClass','127.0.0.1','å†…ç½‘IP','{\"className\":\"é¥®æ–™\",\"params\":{}}',NULL,1,'\r\n### Error updating database.  Cause: java.sql.SQLIntegrityConstraintViolationException: Duplicate entry \'é¥®æ–™\' for key \'tb_sku_class.tb_sku_class_class_name_uindex\'\r\n### The error may exist in file [F:\\JAVA\\back-end\\project\\RuoYi-Vue\\dkd-parent\\dkd-manage\\target\\classes\\mapper\\manage\\SkuClassMapper.xml]\r\n### The error may involve com.dkd.manage.mapper.SkuClassMapper.insertSkuClass-Inline\r\n### The error occurred while setting parameters\r\n### SQL: insert into tb_sku_class          ( class_name )           values ( ? )\r\n### Cause: java.sql.SQLIntegrityConstraintViolationException: Duplicate entry \'é¥®æ–™\' for key \'tb_sku_class.tb_sku_class_class_name_uindex\'\n; Duplicate entry \'é¥®æ–™\' for key \'tb_sku_class.tb_sku_class_class_name_uindex\'; nested exception is java.sql.SQLIntegrityConstraintViolationException: Duplicate entry \'é¥®æ–™\' for key \'tb_sku_class.tb_sku_class_class_name_uindex\'','2024-09-01 13:59:16',270),(277,'å•†å“ç±»å‹',1,'com.dkd.manage.controller.SkuClassController.add()','POST',1,'admin','ç ”å‘éƒ¨é—¨','/manage/skuClass','127.0.0.1','å†…ç½‘IP','{\"className\":\"é¥®æ–™\",\"params\":{}}',NULL,1,'\r\n### Error updating database.  Cause: java.sql.SQLIntegrityConstraintViolationException: Duplicate entry \'é¥®æ–™\' for key \'tb_sku_class.tb_sku_class_class_name_uindex\'\r\n### The error may exist in file [F:\\JAVA\\back-end\\project\\RuoYi-Vue\\dkd-parent\\dkd-manage\\target\\classes\\mapper\\manage\\SkuClassMapper.xml]\r\n### The error may involve com.dkd.manage.mapper.SkuClassMapper.insertSkuClass-Inline\r\n### The error occurred while setting parameters\r\n### SQL: insert into tb_sku_class          ( class_name )           values ( ? )\r\n### Cause: java.sql.SQLIntegrityConstraintViolationException: Duplicate entry \'é¥®æ–™\' for key \'tb_sku_class.tb_sku_class_class_name_uindex\'\n; Duplicate entry \'é¥®æ–™\' for key \'tb_sku_class.tb_sku_class_class_name_uindex\'; nested exception is java.sql.SQLIntegrityConstraintViolationException: Duplicate entry \'é¥®æ–™\' for key \'tb_sku_class.tb_sku_class_class_name_uindex\'','2024-09-01 14:00:43',47),(278,'å•†å“ç±»å‹',1,'com.dkd.manage.controller.SkuClassController.add()','POST',1,'admin','ç ”å‘éƒ¨é—¨','/manage/skuClass','127.0.0.1','å†…ç½‘IP','{\"className\":\"é¥®æ–™\",\"params\":{}}',NULL,1,'\r\n### Error updating database.  Cause: java.sql.SQLIntegrityConstraintViolationException: Duplicate entry \'é¥®æ–™\' for key \'tb_sku_class.tb_sku_class_class_name_uindex\'\r\n### The error may exist in file [F:\\JAVA\\back-end\\project\\RuoYi-Vue\\dkd-parent\\dkd-manage\\target\\classes\\mapper\\manage\\SkuClassMapper.xml]\r\n### The error may involve com.dkd.manage.mapper.SkuClassMapper.insertSkuClass-Inline\r\n### The error occurred while setting parameters\r\n### SQL: insert into tb_sku_class          ( class_name )           values ( ? )\r\n### Cause: java.sql.SQLIntegrityConstraintViolationException: Duplicate entry \'é¥®æ–™\' for key \'tb_sku_class.tb_sku_class_class_name_uindex\'\n; Duplicate entry \'é¥®æ–™\' for key \'tb_sku_class.tb_sku_class_class_name_uindex\'; nested exception is java.sql.SQLIntegrityConstraintViolationException: Duplicate entry \'é¥®æ–™\' for key \'tb_sku_class.tb_sku_class_class_name_uindex\'','2024-09-01 14:01:04',74),(279,'å•†å“ç±»å‹',2,'com.dkd.manage.controller.SkuClassController.edit()','PUT',1,'admin','ç ”å‘éƒ¨é—¨','/manage/skuClass','127.0.0.1','å†…ç½‘IP','{\"classId\":15,\"className\":\"é¥®æ–™\",\"params\":{},\"parentId\":0}',NULL,1,'\r\n### Error updating database.  Cause: java.sql.SQLIntegrityConstraintViolationException: Duplicate entry \'é¥®æ–™\' for key \'tb_sku_class.tb_sku_class_class_name_uindex\'\r\n### The error may exist in file [F:\\JAVA\\back-end\\project\\RuoYi-Vue\\dkd-parent\\dkd-manage\\target\\classes\\mapper\\manage\\SkuClassMapper.xml]\r\n### The error may involve com.dkd.manage.mapper.SkuClassMapper.updateSkuClass-Inline\r\n### The error occurred while setting parameters\r\n### SQL: update tb_sku_class          SET class_name = ?,             parent_id = ?          where class_id = ?\r\n### Cause: java.sql.SQLIntegrityConstraintViolationException: Duplicate entry \'é¥®æ–™\' for key \'tb_sku_class.tb_sku_class_class_name_uindex\'\n; Duplicate entry \'é¥®æ–™\' for key \'tb_sku_class.tb_sku_class_class_name_uindex\'; nested exception is java.sql.SQLIntegrityConstraintViolationException: Duplicate entry \'é¥®æ–™\' for key \'tb_sku_class.tb_sku_class_class_name_uindex\'','2024-09-01 14:01:12',72),(280,'å•†å“ç±»å‹',1,'com.dkd.manage.controller.SkuClassController.add()','POST',1,'admin','ç ”å‘éƒ¨é—¨','/manage/skuClass','127.0.0.1','å†…ç½‘IP','{\"classId\":19,\"className\":\"ç”µå­\",\"params\":{}}','{\"msg\":\"æ“ä½œæˆåŠŸ\",\"code\":200}',0,NULL,'2024-09-01 14:35:32',135),(281,'å•†å“ç±»å‹',1,'com.dkd.manage.controller.SkuClassController.add()','POST',1,'admin','ç ”å‘éƒ¨é—¨','/manage/skuClass','127.0.0.1','å†…ç½‘IP','{\"classId\":20,\"className\":\"æ•°ç \",\"params\":{}}','{\"msg\":\"æ“ä½œæˆåŠŸ\",\"code\":200}',0,NULL,'2024-09-01 14:35:36',97),(282,'å•†å“ç±»å‹',3,'com.dkd.manage.controller.SkuClassController.remove()','DELETE',1,'admin','ç ”å‘éƒ¨é—¨','/manage/skuClass/20','127.0.0.1','å†…ç½‘IP','{}','{\"msg\":\"æ“ä½œæˆåŠŸ\",\"code\":200}',0,NULL,'2024-09-01 14:41:26',102),(283,'å•†å“ç±»å‹',3,'com.dkd.manage.controller.SkuClassController.remove()','DELETE',1,'admin','ç ”å‘éƒ¨é—¨','/manage/skuClass/19','127.0.0.1','å†…ç½‘IP','{}','{\"msg\":\"æ“ä½œæˆåŠŸ\",\"code\":200}',0,NULL,'2024-09-01 14:41:29',43),(284,'å•†å“ç®¡ç†',1,'com.dkd.manage.controller.SkuController.add()','POST',1,'admin','ç ”å‘éƒ¨é—¨','/manage/sku','127.0.0.1','å†…ç½‘IP','{\"brandName\":\"å¨ƒå“ˆå“ˆ\",\"classId\":1,\"createTime\":\"2024-09-01 15:26:51\",\"params\":{},\"price\":3,\"skuId\":12,\"skuImage\":\"https://web-tlias238.oss-cn-hangzhou.aliyuncs.com/dkd-images/2024/09/01/66d41738b23512b851210e53.png\",\"skuName\":\"è¥å…»å¿«çº¿\",\"unit\":\"500ML\"}','{\"msg\":\"æ“ä½œæˆåŠŸ\",\"code\":200}',0,NULL,'2024-09-01 15:26:52',162),(285,'å•†å“ç®¡ç†',1,'com.dkd.manage.controller.SkuController.add()','POST',1,'admin','ç ”å‘éƒ¨é—¨','/manage/sku','127.0.0.1','å†…ç½‘IP','{\"brandName\":\"ç»Ÿä¸€\",\"classId\":1,\"createTime\":\"2024-09-01 15:29:36\",\"params\":{},\"price\":350,\"skuId\":13,\"skuImage\":\"https://web-tlias238.oss-cn-hangzhou.aliyuncs.com/dkd-images/2024/09/01/66d417deb23512b851210e54.png\",\"skuName\":\"é˜¿è¨å§†å¥¶èŒ¶\",\"unit\":\"500ML\"}','{\"msg\":\"æ“ä½œæˆåŠŸ\",\"code\":200}',0,NULL,'2024-09-01 15:29:36',91),(286,'å•†å“ç®¡ç†',2,'com.dkd.manage.controller.SkuController.edit()','PUT',1,'admin','ç ”å‘éƒ¨é—¨','/manage/sku','127.0.0.1','å†…ç½‘IP','{\"brandName\":\"å¨ƒå“ˆå“ˆ\",\"classId\":1,\"createTime\":\"2024-09-01 15:26:52\",\"isDiscount\":0,\"params\":{},\"price\":300,\"skuId\":12,\"skuImage\":\"https://web-tlias238.oss-cn-hangzhou.aliyuncs.com/dkd-images/2024/09/01/66d41738b23512b851210e53.png\",\"skuName\":\"è¥å…»å¿«çº¿\",\"unit\":\"500ML\",\"updateTime\":\"2024-09-01 15:29:53\"}','{\"msg\":\"æ“ä½œæˆåŠŸ\",\"code\":200}',0,NULL,'2024-09-01 15:29:53',101),(287,'å•†å“ç®¡ç†',3,'com.dkd.manage.controller.SkuController.remove()','DELETE',1,'admin','ç ”å‘éƒ¨é—¨','/manage/sku/13','127.0.0.1','å†…ç½‘IP','{}','{\"msg\":\"æ“ä½œæˆåŠŸ\",\"code\":200}',0,NULL,'2024-09-01 15:30:58',72),(288,'å•†å“ç®¡ç†',3,'com.dkd.manage.controller.SkuController.remove()','DELETE',1,'admin','ç ”å‘éƒ¨é—¨','/manage/sku/12','127.0.0.1','å†…ç½‘IP','{}','{\"msg\":\"æ“ä½œæˆåŠŸ\",\"code\":200}',0,NULL,'2024-09-01 16:00:40',106),(289,'å•†å“ç®¡ç†',3,'com.dkd.manage.controller.SkuController.remove()','DELETE',1,'admin','ç ”å‘éƒ¨é—¨','/manage/sku/9','127.0.0.1','å†…ç½‘IP','{}',NULL,1,'æ­¤å•†å“è¢«è´§é“å…³è”ï¼Œæ— æ³•åˆ é™¤','2024-09-01 16:01:00',3),(290,'å•†å“ç®¡ç†',5,'com.dkd.manage.controller.SkuController.export()','POST',1,'admin','ç ”å‘éƒ¨é—¨','/manage/sku/export','127.0.0.1','å†…ç½‘IP','{\"skuName\":\"èŒ¶\",\"pageSize\":\"10\",\"pageNum\":\"1\"}',NULL,0,NULL,'2024-09-01 16:04:39',4696),(291,'å•†å“ç®¡ç†',5,'com.dkd.manage.controller.SkuController.export()','POST',1,'admin','ç ”å‘éƒ¨é—¨','/manage/sku/export','127.0.0.1','å†…ç½‘IP','{\"skuName\":\"èŒ¶\",\"pageSize\":\"10\",\"pageNum\":\"1\"}',NULL,0,NULL,'2024-09-01 16:31:26',49),(292,'å•†å“ç®¡ç†',6,'com.dkd.manage.controller.SkuController.excelImport()','POST',1,'admin','ç ”å‘éƒ¨é—¨','/manage/sku/import','127.0.0.1','å†…ç½‘IP','','{\"msg\":\"æ“ä½œæˆåŠŸ\",\"code\":200}',0,NULL,'2024-09-01 18:45:16',418),(293,'å•†å“ç®¡ç†',3,'com.dkd.manage.controller.SkuController.remove()','DELETE',1,'admin','ç ”å‘éƒ¨é—¨','/manage/sku/15,16','127.0.0.1','å†…ç½‘IP','{}','{\"msg\":\"æ“ä½œæˆåŠŸ\",\"code\":200}',0,NULL,'2024-09-01 18:49:22',145),(294,'å•†å“ç®¡ç†',3,'com.dkd.manage.controller.SkuController.remove()','DELETE',1,'admin','ç ”å‘éƒ¨é—¨','/manage/sku/14','127.0.0.1','å†…ç½‘IP','{}','{\"msg\":\"æ“ä½œæˆåŠŸ\",\"code\":200}',0,NULL,'2024-09-01 18:49:27',117),(295,'å•†å“ç®¡ç†',6,'com.dkd.manage.controller.SkuController.excelImport()','POST',1,'admin','ç ”å‘éƒ¨é—¨','/manage/sku/import','127.0.0.1','å†…ç½‘IP','','{\"msg\":\"æ“ä½œæˆåŠŸ\",\"code\":200}',0,NULL,'2024-09-01 18:49:42',157),(296,'å•†å“ç®¡ç†',5,'com.dkd.manage.controller.SkuController.export()','POST',1,'admin','ç ”å‘éƒ¨é—¨','/manage/sku/export','127.0.0.1','å†…ç½‘IP','{\"skuName\":\"å¯å£å¯ä¹\",\"pageSize\":\"10\",\"pageNum\":\"1\"}',NULL,0,NULL,'2024-09-01 20:01:19',1550),(297,'å•†å“ç®¡ç†',6,'com.dkd.manage.controller.SkuController.excelImport()','POST',1,'admin','ç ”å‘éƒ¨é—¨','/manage/sku/import','127.0.0.1','å†…ç½‘IP','','{\"msg\":\"æ“ä½œæˆåŠŸ\",\"code\":200}',0,NULL,'2024-09-01 20:02:18',266),(298,'å”®è´§æœºè´§é“',2,'com.dkd.manage.controller.ChannelController.setChannel()','PUT',1,'admin','ç ”å‘éƒ¨é—¨','/manage/channel/config','127.0.0.1','å†…ç½‘IP','{\"channelList\":[{\"channelCode\":\"1-1\",\"innerCode\":\"aim5xu4I\",\"skuId\":5},{\"channelCode\":\"1-2\",\"innerCode\":\"aim5xu4I\",\"skuId\":1},{\"channelCode\":\"2-1\",\"innerCode\":\"aim5xu4I\",\"skuId\":2},{\"channelCode\":\"2-2\",\"innerCode\":\"aim5xu4I\",\"skuId\":4}],\"innerCode\":\"aim5xu4I\"}',NULL,1,'nested exception is org.apache.ibatis.binding.BindingException: Parameter \'channelCode\' not found. Available parameters are [arg0, collection, list]','2024-09-01 22:17:36',55),(299,'å”®è´§æœºè´§é“',2,'com.dkd.manage.controller.ChannelController.setChannel()','PUT',1,'admin','ç ”å‘éƒ¨é—¨','/manage/channel/config','127.0.0.1','å†…ç½‘IP','{\"channelList\":[{\"channelCode\":\"1-1\",\"innerCode\":\"aim5xu4I\",\"skuId\":5},{\"channelCode\":\"1-2\",\"innerCode\":\"aim5xu4I\",\"skuId\":1},{\"channelCode\":\"2-1\",\"innerCode\":\"aim5xu4I\",\"skuId\":2},{\"channelCode\":\"2-2\",\"innerCode\":\"aim5xu4I\",\"skuId\":4}],\"innerCode\":\"aim5xu4I\"}',NULL,1,'nested exception is org.apache.ibatis.binding.BindingException: Parameter \'channelCode\' not found. Available parameters are [arg0, collection, list]','2024-09-01 22:22:09',20),(300,'å”®è´§æœºè´§é“',2,'com.dkd.manage.controller.ChannelController.setChannel()','PUT',1,'admin','ç ”å‘éƒ¨é—¨','/manage/channel/config','127.0.0.1','å†…ç½‘IP','{\"channelList\":[{\"channelCode\":\"1-1\",\"innerCode\":\"aim5xu4I\",\"skuId\":5},{\"channelCode\":\"1-2\",\"innerCode\":\"aim5xu4I\",\"skuId\":1},{\"channelCode\":\"2-1\",\"innerCode\":\"aim5xu4I\",\"skuId\":2},{\"channelCode\":\"2-2\",\"innerCode\":\"aim5xu4I\",\"skuId\":4}],\"innerCode\":\"aim5xu4I\"}',NULL,1,'nested exception is org.apache.ibatis.binding.BindingException: Parameter \'channelCode\' not found. Available parameters are [arg0, collection, list]','2024-09-01 22:22:36',11),(301,'å”®è´§æœºè´§é“',2,'com.dkd.manage.controller.ChannelController.setChannel()','PUT',1,'admin','ç ”å‘éƒ¨é—¨','/manage/channel/config','127.0.0.1','å†…ç½‘IP','{\"channelList\":[{\"channelCode\":\"1-1\",\"innerCode\":\"aim5xu4I\",\"skuId\":5},{\"channelCode\":\"1-2\",\"innerCode\":\"aim5xu4I\",\"skuId\":1},{\"channelCode\":\"2-1\",\"innerCode\":\"aim5xu4I\",\"skuId\":2},{\"channelCode\":\"2-2\",\"innerCode\":\"aim5xu4I\",\"skuId\":4}],\"innerCode\":\"aim5xu4I\"}',NULL,1,'nested exception is org.apache.ibatis.binding.BindingException: Parameter \'channelCode\' not found. Available parameters are [arg0, collection, list]','2024-09-01 22:23:48',20),(302,'å”®è´§æœºè´§é“',2,'com.dkd.manage.controller.ChannelController.setChannel()','PUT',1,'admin','ç ”å‘éƒ¨é—¨','/manage/channel/config','127.0.0.1','å†…ç½‘IP','{\"channelList\":[{\"channelCode\":\"1-1\",\"innerCode\":\"aim5xu4I\",\"skuId\":5},{\"channelCode\":\"1-2\",\"innerCode\":\"aim5xu4I\",\"skuId\":1},{\"channelCode\":\"2-1\",\"innerCode\":\"aim5xu4I\",\"skuId\":2},{\"channelCode\":\"2-2\",\"innerCode\":\"aim5xu4I\",\"skuId\":4}],\"innerCode\":\"aim5xu4I\"}',NULL,1,'nested exception is org.apache.ibatis.binding.BindingException: Parameter \'channelCode\' not found. Available parameters are [arg0, collection, list]','2024-09-01 22:24:00',12),(303,'å”®è´§æœºè´§é“',2,'com.dkd.manage.controller.ChannelController.setChannel()','PUT',1,'admin','ç ”å‘éƒ¨é—¨','/manage/channel/config','127.0.0.1','å†…ç½‘IP','{\"channelList\":[{\"channelCode\":\"1-1\",\"innerCode\":\"aim5xu4I\",\"skuId\":5},{\"channelCode\":\"1-2\",\"innerCode\":\"aim5xu4I\",\"skuId\":1},{\"channelCode\":\"2-1\",\"innerCode\":\"aim5xu4I\",\"skuId\":2},{\"channelCode\":\"2-2\",\"innerCode\":\"aim5xu4I\",\"skuId\":4}],\"innerCode\":\"aim5xu4I\"}',NULL,1,'nested exception is org.apache.ibatis.binding.BindingException: Parameter \'channelCode\' not found. Available parameters are [arg0, collection, list]','2024-09-01 22:25:26',40),(304,'å”®è´§æœºè´§é“',2,'com.dkd.manage.controller.ChannelController.setChannel()','PUT',1,'admin','ç ”å‘éƒ¨é—¨','/manage/channel/config','127.0.0.1','å†…ç½‘IP','{\"channelList\":[{\"channelCode\":\"1-1\",\"innerCode\":\"aim5xu4I\",\"skuId\":5},{\"channelCode\":\"1-2\",\"innerCode\":\"aim5xu4I\",\"skuId\":1},{\"channelCode\":\"2-1\",\"innerCode\":\"aim5xu4I\",\"skuId\":2},{\"channelCode\":\"2-2\",\"innerCode\":\"aim5xu4I\",\"skuId\":4}],\"innerCode\":\"aim5xu4I\"}',NULL,1,'nested exception is org.apache.ibatis.binding.BindingException: Parameter \'channelCode\' not found. Available parameters are [arg0, collection, list]','2024-09-01 22:25:37',15),(305,'å”®è´§æœºè´§é“',2,'com.dkd.manage.controller.ChannelController.setChannel()','PUT',1,'admin','ç ”å‘éƒ¨é—¨','/manage/channel/config','127.0.0.1','å†…ç½‘IP','{\"channelList\":[{\"channelCode\":\"1-1\",\"innerCode\":\"aim5xu4I\",\"skuId\":5},{\"channelCode\":\"1-2\",\"innerCode\":\"aim5xu4I\",\"skuId\":1},{\"channelCode\":\"2-1\",\"innerCode\":\"aim5xu4I\",\"skuId\":2},{\"channelCode\":\"2-2\",\"innerCode\":\"aim5xu4I\",\"skuId\":4}],\"innerCode\":\"aim5xu4I\"}',NULL,1,'nested exception is org.apache.ibatis.binding.BindingException: Parameter \'channelCode\' not found. Available parameters are [arg0, collection, list]','2024-09-01 22:33:16',381403),(306,'å”®è´§æœºè´§é“',2,'com.dkd.manage.controller.ChannelController.setChannel()','PUT',1,'admin','ç ”å‘éƒ¨é—¨','/manage/channel/config','127.0.0.1','å†…ç½‘IP','{\"channelList\":[{\"channelCode\":\"1-1\",\"innerCode\":\"aim5xu4I\",\"skuId\":5},{\"channelCode\":\"1-2\",\"innerCode\":\"aim5xu4I\",\"skuId\":1},{\"channelCode\":\"2-1\",\"innerCode\":\"aim5xu4I\",\"skuId\":2},{\"channelCode\":\"2-2\",\"innerCode\":\"aim5xu4I\",\"skuId\":4}],\"innerCode\":\"aim5xu4I\"}',NULL,1,'nested exception is org.apache.ibatis.binding.BindingException: Parameter \'channelCode\' not found. Available parameters are [arg0, collection, list]','2024-09-01 22:33:16',25),(307,'å”®è´§æœºè´§é“',2,'com.dkd.manage.controller.ChannelController.setChannel()','PUT',1,'admin','ç ”å‘éƒ¨é—¨','/manage/channel/config','127.0.0.1','å†…ç½‘IP','{\"channelList\":[{\"channelCode\":\"1-1\",\"innerCode\":\"aim5xu4I\",\"skuId\":5},{\"channelCode\":\"1-2\",\"innerCode\":\"aim5xu4I\",\"skuId\":1},{\"channelCode\":\"2-1\",\"innerCode\":\"aim5xu4I\",\"skuId\":2},{\"channelCode\":\"2-2\",\"innerCode\":\"aim5xu4I\",\"skuId\":4}],\"innerCode\":\"aim5xu4I\"}',NULL,1,'nested exception is org.apache.ibatis.binding.BindingException: Parameter \'channelCode\' not found. Available parameters are [arg0, collection, list]','2024-09-01 22:33:16',30),(308,'å”®è´§æœºè´§é“',2,'com.dkd.manage.controller.ChannelController.setChannel()','PUT',1,'admin','ç ”å‘éƒ¨é—¨','/manage/channel/config','127.0.0.1','å†…ç½‘IP','{\"channelList\":[{\"channelCode\":\"1-1\",\"innerCode\":\"aim5xu4I\",\"skuId\":5},{\"channelCode\":\"1-2\",\"innerCode\":\"aim5xu4I\",\"skuId\":1},{\"channelCode\":\"2-1\",\"innerCode\":\"aim5xu4I\",\"skuId\":2},{\"channelCode\":\"2-2\",\"innerCode\":\"aim5xu4I\",\"skuId\":4}],\"innerCode\":\"aim5xu4I\"}','{\"msg\":\"æ“ä½œæˆåŠŸ\",\"code\":200}',0,NULL,'2024-09-01 22:33:51',319),(309,'å”®è´§æœºè´§é“',2,'com.dkd.manage.controller.ChannelController.setChannel()','PUT',1,'admin','ç ”å‘éƒ¨é—¨','/manage/channel/config','127.0.0.1','å†…ç½‘IP','{\"channelList\":[{\"channelCode\":\"1-1\",\"innerCode\":\"aim5xu4I\",\"skuId\":5},{\"channelCode\":\"1-2\",\"innerCode\":\"aim5xu4I\",\"skuId\":1},{\"channelCode\":\"2-1\",\"innerCode\":\"aim5xu4I\",\"skuId\":0},{\"channelCode\":\"2-2\",\"innerCode\":\"aim5xu4I\",\"skuId\":0}],\"innerCode\":\"aim5xu4I\"}','{\"msg\":\"æ“ä½œæˆåŠŸ\",\"code\":200}',0,NULL,'2024-09-01 22:34:05',253),(310,'å”®è´§æœºè´§é“',2,'com.dkd.manage.controller.ChannelController.setChannel()','PUT',1,'admin','ç ”å‘éƒ¨é—¨','/manage/channel/config','127.0.0.1','å†…ç½‘IP','{\"channelList\":[{\"channelCode\":\"1-1\",\"innerCode\":\"5cy5BdUs\",\"skuId\":5},{\"channelCode\":\"1-2\",\"innerCode\":\"5cy5BdUs\",\"skuId\":1},{\"channelCode\":\"2-1\",\"innerCode\":\"5cy5BdUs\",\"skuId\":2},{\"channelCode\":\"2-2\",\"innerCode\":\"5cy5BdUs\",\"skuId\":4}],\"innerCode\":\"5cy5BdUs\"}','{\"msg\":\"æ“ä½œæˆåŠŸ\",\"code\":200}',0,NULL,'2024-09-01 22:34:15',270),(311,'å”®è´§æœºè´§é“',2,'com.dkd.manage.controller.ChannelController.setChannel()','PUT',1,'admin','ç ”å‘éƒ¨é—¨','/manage/channel/config','127.0.0.1','å†…ç½‘IP','{\"channelList\":[{\"channelCode\":\"1-1\",\"innerCode\":\"5cy5BdUs\",\"skuId\":5},{\"channelCode\":\"1-2\",\"innerCode\":\"5cy5BdUs\",\"skuId\":0},{\"channelCode\":\"2-1\",\"innerCode\":\"5cy5BdUs\",\"skuId\":2},{\"channelCode\":\"2-2\",\"innerCode\":\"5cy5BdUs\",\"skuId\":4}],\"innerCode\":\"5cy5BdUs\"}','{\"msg\":\"æ“ä½œæˆåŠŸ\",\"code\":200}',0,NULL,'2024-09-01 22:34:20',256),(312,'å”®è´§æœºè´§é“',2,'com.dkd.manage.controller.ChannelController.setChannel()','PUT',1,'admin','ç ”å‘éƒ¨é—¨','/manage/channel/config','127.0.0.1','å†…ç½‘IP','{\"channelList\":[{\"channelCode\":\"1-1\",\"innerCode\":\"5cy5BdUs\",\"skuId\":5},{\"channelCode\":\"1-2\",\"innerCode\":\"5cy5BdUs\",\"skuId\":1},{\"channelCode\":\"2-1\",\"innerCode\":\"5cy5BdUs\",\"skuId\":2},{\"channelCode\":\"2-2\",\"innerCode\":\"5cy5BdUs\",\"skuId\":4}],\"innerCode\":\"5cy5BdUs\"}','{\"msg\":\"æ“ä½œæˆåŠŸ\",\"code\":200}',0,NULL,'2024-09-01 22:34:26',369),(313,'èœå•ç®¡ç†',1,'com.dkd.web.controller.system.SysMenuController.add()','POST',1,'admin','ç ”å‘éƒ¨é—¨','/system/menu','127.0.0.1','å†…ç½‘IP','{\"children\":[],\"createBy\":\"admin\",\"icon\":\"å·¥å•ç®¡ç†\",\"isCache\":\"0\",\"isFrame\":\"1\",\"menuName\":\"å·¥å•ç®¡ç†\",\"menuType\":\"M\",\"orderNum\":1,\"params\":{},\"parentId\":0,\"path\":\"task\",\"status\":\"0\",\"visible\":\"0\"}','{\"msg\":\"æ“ä½œæˆåŠŸ\",\"code\":200}',0,NULL,'2024-09-01 22:51:51',154),(314,'å­—å…¸ç±»å‹',1,'com.dkd.web.controller.system.SysDictTypeController.add()','POST',1,'admin','ç ”å‘éƒ¨é—¨','/system/dict/type','127.0.0.1','å†…ç½‘IP','{\"createBy\":\"admin\",\"dictName\":\"å·¥å•çŠ¶æ€\",\"dictType\":\"task_status\",\"params\":{},\"status\":\"0\"}','{\"msg\":\"æ“ä½œæˆåŠŸ\",\"code\":200}',0,NULL,'2024-09-01 22:52:16',78),(315,'å­—å…¸ç±»å‹',2,'com.dkd.web.controller.system.SysDictTypeController.edit()','PUT',1,'admin','ç ”å‘éƒ¨é—¨','/system/dict/type','127.0.0.1','å†…ç½‘IP','{\"createBy\":\"admin\",\"createTime\":\"2024-09-01 22:52:16\",\"dictId\":103,\"dictName\":\"å·¥å•çŠ¶æ€\",\"dictType\":\"task_status\",\"params\":{},\"remark\":\"å·¥å•çŠ¶æ€\",\"status\":\"0\",\"updateBy\":\"admin\"}','{\"msg\":\"æ“ä½œæˆåŠŸ\",\"code\":200}',0,NULL,'2024-09-01 22:52:29',105),(316,'å­—å…¸æ•°æ®',1,'com.dkd.web.controller.system.SysDictDataController.add()','POST',1,'admin','ç ”å‘éƒ¨é—¨','/system/dict/data','127.0.0.1','å†…ç½‘IP','{\"createBy\":\"admin\",\"default\":false,\"dictLabel\":\"å¾…åŠ\",\"dictSort\":1,\"dictType\":\"task_status\",\"dictValue\":\"1\",\"listClass\":\"default\",\"params\":{},\"status\":\"0\"}','{\"msg\":\"æ“ä½œæˆåŠŸ\",\"code\":200}',0,NULL,'2024-09-01 22:52:46',110),(317,'å­—å…¸æ•°æ®',1,'com.dkd.web.controller.system.SysDictDataController.add()','POST',1,'admin','ç ”å‘éƒ¨é—¨','/system/dict/data','127.0.0.1','å†…ç½‘IP','{\"createBy\":\"admin\",\"default\":false,\"dictLabel\":\"è¿›è¡Œ\",\"dictSort\":2,\"dictType\":\"task_status\",\"dictValue\":\"2\",\"listClass\":\"default\",\"params\":{},\"status\":\"0\"}','{\"msg\":\"æ“ä½œæˆåŠŸ\",\"code\":200}',0,NULL,'2024-09-01 22:52:53',100),(318,'å­—å…¸æ•°æ®',1,'com.dkd.web.controller.system.SysDictDataController.add()','POST',1,'admin','ç ”å‘éƒ¨é—¨','/system/dict/data','127.0.0.1','å†…ç½‘IP','{\"createBy\":\"admin\",\"default\":false,\"dictLabel\":\"å–æ¶ˆ\",\"dictSort\":3,\"dictType\":\"task_status\",\"dictValue\":\"3\",\"listClass\":\"default\",\"params\":{},\"status\":\"0\"}','{\"msg\":\"æ“ä½œæˆåŠŸ\",\"code\":200}',0,NULL,'2024-09-01 22:53:02',93),(319,'å­—å…¸æ•°æ®',1,'com.dkd.web.controller.system.SysDictDataController.add()','POST',1,'admin','ç ”å‘éƒ¨é—¨','/system/dict/data','127.0.0.1','å†…ç½‘IP','{\"createBy\":\"admin\",\"default\":false,\"dictLabel\":\"å®Œæˆ\",\"dictSort\":4,\"dictType\":\"task_status\",\"dictValue\":\"4\",\"listClass\":\"default\",\"params\":{},\"status\":\"0\"}','{\"msg\":\"æ“ä½œæˆåŠŸ\",\"code\":200}',0,NULL,'2024-09-01 22:53:17',107),(320,'å­—å…¸ç±»å‹',1,'com.dkd.web.controller.system.SysDictTypeController.add()','POST',1,'admin','ç ”å‘éƒ¨é—¨','/system/dict/type','127.0.0.1','å†…ç½‘IP','{\"createBy\":\"admin\",\"dictName\":\"å·¥å•åˆ›å»ºç±»å‹\",\"dictType\":\"task_create_type\",\"params\":{},\"remark\":\"å·¥å•åˆ›å»ºç±»å‹\",\"status\":\"0\"}','{\"msg\":\"æ“ä½œæˆåŠŸ\",\"code\":200}',0,NULL,'2024-09-01 22:53:51',146),(321,'å­—å…¸æ•°æ®',1,'com.dkd.web.controller.system.SysDictDataController.add()','POST',1,'admin','ç ”å‘éƒ¨é—¨','/system/dict/data','127.0.0.1','å†…ç½‘IP','{\"createBy\":\"admin\",\"default\":false,\"dictLabel\":\"è‡ªåŠ¨\",\"dictSort\":1,\"dictType\":\"task_create_type\",\"dictValue\":\"0\",\"listClass\":\"default\",\"params\":{},\"status\":\"0\"}','{\"msg\":\"æ“ä½œæˆåŠŸ\",\"code\":200}',0,NULL,'2024-09-01 22:54:09',142),(322,'å­—å…¸æ•°æ®',1,'com.dkd.web.controller.system.SysDictDataController.add()','POST',1,'admin','ç ”å‘éƒ¨é—¨','/system/dict/data','127.0.0.1','å†…ç½‘IP','{\"createBy\":\"admin\",\"default\":false,\"dictLabel\":\"æ‰‹åŠ¨\",\"dictSort\":2,\"dictType\":\"task_create_type\",\"dictValue\":\"1\",\"listClass\":\"default\",\"params\":{},\"status\":\"0\"}','{\"msg\":\"æ“ä½œæˆåŠŸ\",\"code\":200}',0,NULL,'2024-09-01 22:54:16',81),(323,'ä»£ç ç”Ÿæˆ',6,'com.dkd.generator.controller.GenController.importTableSave()','POST',1,'admin','ç ”å‘éƒ¨é—¨','/tool/gen/importTable','127.0.0.1','å†…ç½‘IP','{\"tables\":\"tb_task_type,tb_task_details,tb_task\"}','{\"msg\":\"æ“ä½œæˆåŠŸ\",\"code\":200}',0,NULL,'2024-09-01 22:54:54',482),(324,'ä»£ç ç”Ÿæˆ',6,'com.dkd.generator.controller.GenController.importTableSave()','POST',1,'admin','ç ”å‘éƒ¨é—¨','/tool/gen/importTable','127.0.0.1','å†…ç½‘IP','{\"tables\":\"tb_job\"}','{\"msg\":\"æ“ä½œæˆåŠŸ\",\"code\":200}',0,NULL,'2024-09-01 22:55:08',101),(325,'ä»£ç ç”Ÿæˆ',2,'com.dkd.generator.controller.GenController.editSave()','PUT',1,'admin','ç ”å‘éƒ¨é—¨','/tool/gen','127.0.0.1','å†…ç½‘IP','{\"businessName\":\"task\",\"className\":\"Task\",\"columns\":[{\"capJavaField\":\"TaskId\",\"columnComment\":\"å·¥å•ID\",\"columnId\":99,\"columnName\":\"task_id\",\"columnType\":\"bigint\",\"createBy\":\"admin\",\"createTime\":\"2024-09-01 22:54:54\",\"dictType\":\"\",\"edit\":false,\"htmlType\":\"input\",\"increment\":true,\"insert\":true,\"isIncrement\":\"1\",\"isInsert\":\"1\",\"isPk\":\"1\",\"isRequired\":\"0\",\"javaField\":\"taskId\",\"javaType\":\"Long\",\"list\":false,\"params\":{},\"pk\":true,\"query\":false,\"queryType\":\"EQ\",\"required\":false,\"sort\":1,\"superColumn\":false,\"tableId\":12,\"updateBy\":\"\",\"usableColumn\":false},{\"capJavaField\":\"TaskCode\",\"columnComment\":\"å·¥å•ç¼–å·\",\"columnId\":100,\"columnName\":\"task_code\",\"columnType\":\"varchar(40)\",\"createBy\":\"admin\",\"createTime\":\"2024-09-01 22:54:54\",\"dictType\":\"\",\"edit\":true,\"htmlType\":\"input\",\"increment\":false,\"insert\":true,\"isEdit\":\"1\",\"isIncrement\":\"0\",\"isInsert\":\"1\",\"isList\":\"1\",\"isPk\":\"0\",\"isQuery\":\"1\",\"isRequired\":\"1\",\"javaField\":\"taskCode\",\"javaType\":\"String\",\"list\":true,\"params\":{},\"pk\":false,\"query\":true,\"queryType\":\"EQ\",\"required\":true,\"sort\":2,\"superColumn\":false,\"tableId\":12,\"updateBy\":\"\",\"usableColumn\":false},{\"capJavaField\":\"TaskStatus\",\"columnComment\":\"å·¥å•çŠ¶æ€\",\"columnId\":101,\"columnName\":\"task_status\",\"columnType\":\"int\",\"createBy\":\"admin\",\"createTime\":\"2024-09-01 22:54:54\",\"dictType\":\"task_status\",\"edit\":true,\"htmlType\":\"radio\",\"increment\":false,\"insert\":true,\"isEdit\":\"1\",\"isIncrement\":\"0\",\"isInsert\":\"1\",\"isList\":\"1\",\"isPk\":\"0\",\"isQuery\":\"1\",\"isRequired\":\"0\",\"javaField\":\"taskStatus\",\"javaType\":\"Long\",\"list\":true,\"params\":{},\"pk\":false,\"query\":true,\"queryType\":\"EQ\",\"required\":false,\"sort\":3,\"superColumn\":false,\"tableId\":12,\"updateBy\":\"\",\"usableColumn\":false},{\"capJavaField\":\"CreateType\",\"columnComment\":\"åˆ›å»ºç±»å‹ 0ï¼šè‡ªåŠ¨ 1ï¼šæ‰‹åŠ¨\",\"columnId\":102,\"columnName\":\"create_type\",\"columnType\":\"int\",\"createBy\":\"admin\",\"createTime\":\"2024-09-01 22:54:54\",\"dictType\":\"task_create_type\",\"edit\":true,\"htmlType\":\"select\",\"increment\":false,\"insert\":true,\"isEdit\":\"1\",\"isIncrement\":\"0\",\"isInsert\":\"1\",\"isList\":\"1\",\"isPk\":\"','{\"msg\":\"æ“ä½œæˆåŠŸ\",\"code\":200}',0,NULL,'2024-09-01 22:57:23',117),(326,'ä»£ç ç”Ÿæˆ',2,'com.dkd.generator.controller.GenController.editSave()','PUT',1,'admin','ç ”å‘éƒ¨é—¨','/tool/gen','127.0.0.1','å†…ç½‘IP','{\"businessName\":\"taskDetails\",\"className\":\"TaskDetails\",\"columns\":[{\"capJavaField\":\"DetailsId\",\"columnId\":113,\"columnName\":\"details_id\",\"columnType\":\"bigint\",\"createBy\":\"admin\",\"createTime\":\"2024-09-01 22:54:54\",\"dictType\":\"\",\"edit\":false,\"htmlType\":\"input\",\"increment\":true,\"insert\":true,\"isIncrement\":\"1\",\"isInsert\":\"1\",\"isPk\":\"1\",\"isRequired\":\"0\",\"javaField\":\"detailsId\",\"javaType\":\"Long\",\"list\":false,\"params\":{},\"pk\":true,\"query\":false,\"queryType\":\"EQ\",\"required\":false,\"sort\":1,\"superColumn\":false,\"tableId\":13,\"updateBy\":\"\",\"usableColumn\":false},{\"capJavaField\":\"TaskId\",\"columnComment\":\"å·¥å•Id\",\"columnId\":114,\"columnName\":\"task_id\",\"columnType\":\"bigint\",\"createBy\":\"admin\",\"createTime\":\"2024-09-01 22:54:54\",\"dictType\":\"\",\"edit\":true,\"htmlType\":\"input\",\"increment\":false,\"insert\":true,\"isEdit\":\"1\",\"isIncrement\":\"0\",\"isInsert\":\"1\",\"isList\":\"1\",\"isPk\":\"0\",\"isQuery\":\"1\",\"isRequired\":\"0\",\"javaField\":\"taskId\",\"javaType\":\"Long\",\"list\":true,\"params\":{},\"pk\":false,\"query\":true,\"queryType\":\"EQ\",\"required\":false,\"sort\":2,\"superColumn\":false,\"tableId\":13,\"updateBy\":\"\",\"usableColumn\":false},{\"capJavaField\":\"ChannelCode\",\"columnComment\":\"è´§é“ç¼–å·\",\"columnId\":115,\"columnName\":\"channel_code\",\"columnType\":\"varchar(10)\",\"createBy\":\"admin\",\"createTime\":\"2024-09-01 22:54:54\",\"dictType\":\"\",\"edit\":true,\"htmlType\":\"input\",\"increment\":false,\"insert\":true,\"isEdit\":\"1\",\"isIncrement\":\"0\",\"isInsert\":\"1\",\"isList\":\"1\",\"isPk\":\"0\",\"isQuery\":\"1\",\"isRequired\":\"0\",\"javaField\":\"channelCode\",\"javaType\":\"String\",\"list\":true,\"params\":{},\"pk\":false,\"query\":true,\"queryType\":\"EQ\",\"required\":false,\"sort\":3,\"superColumn\":false,\"tableId\":13,\"updateBy\":\"\",\"usableColumn\":false},{\"capJavaField\":\"ExpectCapacity\",\"columnComment\":\"è¡¥è´§æœŸæœ›å®¹é‡\",\"columnId\":116,\"columnName\":\"expect_capacity\",\"columnType\":\"int\",\"createBy\":\"admin\",\"createTime\":\"2024-09-01 22:54:54\",\"dictType\":\"\",\"edit\":true,\"htmlType\":\"input\",\"increment\":false,\"insert\":true,\"isEdit\":\"1\",\"isIncrement\":\"0\",\"isInsert\":\"1\",\"isList\":\"1\",\"isPk\":\"0\",\"isQuery\":\"1\",\"isRequir','{\"msg\":\"æ“ä½œæˆåŠŸ\",\"code\":200}',0,NULL,'2024-09-01 22:58:28',116),(327,'ä»£ç ç”Ÿæˆ',2,'com.dkd.generator.controller.GenController.editSave()','PUT',1,'admin','ç ”å‘éƒ¨é—¨','/tool/gen','127.0.0.1','å†…ç½‘IP','{\"businessName\":\"taskType\",\"className\":\"TaskType\",\"columns\":[{\"capJavaField\":\"TypeId\",\"columnId\":120,\"columnName\":\"type_id\",\"columnType\":\"int\",\"createBy\":\"admin\",\"createTime\":\"2024-09-01 22:54:54\",\"dictType\":\"\",\"edit\":false,\"htmlType\":\"input\",\"increment\":false,\"insert\":true,\"isIncrement\":\"0\",\"isInsert\":\"1\",\"isPk\":\"1\",\"isRequired\":\"0\",\"javaField\":\"typeId\",\"javaType\":\"Long\",\"list\":false,\"params\":{},\"pk\":true,\"query\":false,\"queryType\":\"EQ\",\"required\":false,\"sort\":1,\"superColumn\":false,\"tableId\":14,\"updateBy\":\"\",\"usableColumn\":false},{\"capJavaField\":\"TypeName\",\"columnComment\":\"ç±»å‹åç§°\",\"columnId\":121,\"columnName\":\"type_name\",\"columnType\":\"varchar(20)\",\"createBy\":\"admin\",\"createTime\":\"2024-09-01 22:54:54\",\"dictType\":\"\",\"edit\":true,\"htmlType\":\"input\",\"increment\":false,\"insert\":true,\"isEdit\":\"1\",\"isIncrement\":\"0\",\"isInsert\":\"1\",\"isList\":\"1\",\"isPk\":\"0\",\"isQuery\":\"1\",\"isRequired\":\"0\",\"javaField\":\"typeName\",\"javaType\":\"String\",\"list\":true,\"params\":{},\"pk\":false,\"query\":true,\"queryType\":\"LIKE\",\"required\":false,\"sort\":2,\"superColumn\":false,\"tableId\":14,\"updateBy\":\"\",\"usableColumn\":false},{\"capJavaField\":\"Type\",\"columnComment\":\"å·¥å•ç±»å‹ã€‚1:ç»´ä¿®å·¥å•;2:è¿è¥å·¥å•\",\"columnId\":122,\"columnName\":\"type\",\"columnType\":\"int\",\"createBy\":\"admin\",\"createTime\":\"2024-09-01 22:54:54\",\"dictType\":\"\",\"edit\":true,\"htmlType\":\"select\",\"increment\":false,\"insert\":true,\"isEdit\":\"1\",\"isIncrement\":\"0\",\"isInsert\":\"1\",\"isList\":\"1\",\"isPk\":\"0\",\"isQuery\":\"1\",\"isRequired\":\"0\",\"javaField\":\"type\",\"javaType\":\"Long\",\"list\":true,\"params\":{},\"pk\":false,\"query\":true,\"queryType\":\"EQ\",\"required\":false,\"sort\":3,\"superColumn\":false,\"tableId\":14,\"updateBy\":\"\",\"usableColumn\":false}],\"crud\":true,\"functionAuthor\":\"itheima\",\"functionName\":\"å·¥å•ç±»å‹\",\"genPath\":\"/\",\"genType\":\"0\",\"moduleName\":\"manage\",\"options\":\"{\\\"parentMenuId\\\":2060}\",\"packageName\":\"com.dkd.manage\",\"params\":{\"parentMenuId\":2060},\"parentMenuId\":\"2060\",\"sub\":false,\"tableComment\":\"å·¥å•ç±»å‹\",\"tableId\":14,\"tableName\":\"tb_task_type\",\"tplCategory\":\"crud\",\"tplWebType\":\"element-plus\",\"tree\":fals','{\"msg\":\"æ“ä½œæˆåŠŸ\",\"code\":200}',0,NULL,'2024-09-01 22:59:05',103),(328,'ä»£ç ç”Ÿæˆ',2,'com.dkd.generator.controller.GenController.editSave()','PUT',1,'admin','ç ”å‘éƒ¨é—¨','/tool/gen','127.0.0.1','å†…ç½‘IP','{\"businessName\":\"job\",\"className\":\"Job\",\"columns\":[{\"capJavaField\":\"Id\",\"columnComment\":\"ä¸»é”®\",\"columnId\":123,\"columnName\":\"id\",\"columnType\":\"int\",\"createBy\":\"admin\",\"createTime\":\"2024-09-01 22:55:07\",\"dictType\":\"\",\"edit\":false,\"htmlType\":\"input\",\"increment\":true,\"insert\":true,\"isIncrement\":\"1\",\"isInsert\":\"1\",\"isPk\":\"1\",\"isRequired\":\"0\",\"javaField\":\"id\",\"javaType\":\"Long\",\"list\":false,\"params\":{},\"pk\":true,\"query\":false,\"queryType\":\"EQ\",\"required\":false,\"sort\":1,\"superColumn\":false,\"tableId\":15,\"updateBy\":\"\",\"usableColumn\":false},{\"capJavaField\":\"AlertValue\",\"columnComment\":\"è­¦æˆ’å€¼ç™¾åˆ†æ¯”\",\"columnId\":124,\"columnName\":\"alert_value\",\"columnType\":\"int\",\"createBy\":\"admin\",\"createTime\":\"2024-09-01 22:55:07\",\"dictType\":\"\",\"edit\":true,\"htmlType\":\"input\",\"increment\":false,\"insert\":true,\"isEdit\":\"1\",\"isIncrement\":\"0\",\"isInsert\":\"1\",\"isList\":\"1\",\"isPk\":\"0\",\"isQuery\":\"1\",\"isRequired\":\"0\",\"javaField\":\"alertValue\",\"javaType\":\"Long\",\"list\":true,\"params\":{},\"pk\":false,\"query\":true,\"queryType\":\"EQ\",\"required\":false,\"sort\":2,\"superColumn\":false,\"tableId\":15,\"updateBy\":\"\",\"usableColumn\":false}],\"crud\":true,\"functionAuthor\":\"itheima\",\"functionName\":\"è‡ªåŠ¨è¡¥è´§ä»»åŠ¡\",\"genPath\":\"/\",\"genType\":\"0\",\"moduleName\":\"manage\",\"options\":\"{\\\"parentMenuId\\\":2060}\",\"packageName\":\"com.dkd.manage\",\"params\":{\"parentMenuId\":2060},\"parentMenuId\":\"2060\",\"sub\":false,\"tableComment\":\"è‡ªåŠ¨è¡¥è´§ä»»åŠ¡\",\"tableId\":15,\"tableName\":\"tb_job\",\"tplCategory\":\"crud\",\"tplWebType\":\"element-plus\",\"tree\":false}','{\"msg\":\"æ“ä½œæˆåŠŸ\",\"code\":200}',0,NULL,'2024-09-01 23:00:02',219),(329,'ä»£ç ç”Ÿæˆ',8,'com.dkd.generator.controller.GenController.batchGenCode()','GET',1,'admin','ç ”å‘éƒ¨é—¨','/tool/gen/batchGenCode','127.0.0.1','å†…ç½‘IP','{\"tables\":\"tb_task,tb_task_details,tb_task_type,tb_job\"}',NULL,0,NULL,'2024-09-01 23:00:17',825),(330,'èœå•ç®¡ç†',1,'com.dkd.web.controller.system.SysMenuController.add()','POST',1,'admin','ç ”å‘éƒ¨é—¨','/system/menu','127.0.0.1','å†…ç½‘IP','{\"children\":[],\"component\":\"manage/task/business\",\"createBy\":\"admin\",\"isCache\":\"0\",\"isFrame\":\"1\",\"menuName\":\"è¿è¥å·¥å•\",\"menuType\":\"C\",\"orderNum\":1,\"params\":{},\"parentId\":2060,\"path\":\"business\",\"perms\":\"manage:task:list\",\"status\":\"0\",\"visible\":\"0\"}','{\"msg\":\"æ“ä½œæˆåŠŸ\",\"code\":200}',0,NULL,'2024-09-01 23:08:17',228),(331,'èœå•ç®¡ç†',1,'com.dkd.web.controller.system.SysMenuController.add()','POST',1,'admin','ç ”å‘éƒ¨é—¨','/system/menu','127.0.0.1','å†…ç½‘IP','{\"children\":[],\"component\":\"manage/task/operation\",\"createBy\":\"admin\",\"isCache\":\"0\",\"isFrame\":\"1\",\"menuName\":\"è¿ç»´å·¥å•\",\"menuType\":\"C\",\"orderNum\":2,\"params\":{},\"parentId\":2060,\"path\":\"operation\",\"perms\":\"manage:task:list\",\"status\":\"0\",\"visible\":\"0\"}','{\"msg\":\"æ“ä½œæˆåŠŸ\",\"code\":200}',0,NULL,'2024-09-01 23:09:13',99),(332,'èœå•ç®¡ç†',2,'com.dkd.web.controller.system.SysMenuController.edit()','PUT',1,'admin','ç ”å‘éƒ¨é—¨','/system/menu','127.0.0.1','å†…ç½‘IP','{\"children\":[],\"component\":\"manage/task/business\",\"createTime\":\"2024-09-01 23:08:16\",\"icon\":\"è¿è¥å·¥å•\",\"isCache\":\"0\",\"isFrame\":\"1\",\"menuId\":2061,\"menuName\":\"è¿è¥å·¥å•\",\"menuType\":\"C\",\"orderNum\":1,\"params\":{},\"parentId\":2060,\"path\":\"business\",\"perms\":\"manage:task:list\",\"status\":\"0\",\"updateBy\":\"admin\",\"visible\":\"0\"}','{\"msg\":\"æ“ä½œæˆåŠŸ\",\"code\":200}',0,NULL,'2024-09-01 23:12:21',95),(333,'èœå•ç®¡ç†',2,'com.dkd.web.controller.system.SysMenuController.edit()','PUT',1,'admin','ç ”å‘éƒ¨é—¨','/system/menu','127.0.0.1','å†…ç½‘IP','{\"children\":[],\"component\":\"manage/task/operation\",\"createTime\":\"2024-09-01 23:09:13\",\"icon\":\"è¿ç»´å·¥å•\",\"isCache\":\"0\",\"isFrame\":\"1\",\"menuId\":2062,\"menuName\":\"è¿ç»´å·¥å•\",\"menuType\":\"C\",\"orderNum\":2,\"params\":{},\"parentId\":2060,\"path\":\"operation\",\"perms\":\"manage:task:list\",\"status\":\"0\",\"updateBy\":\"admin\",\"visible\":\"0\"}','{\"msg\":\"æ“ä½œæˆåŠŸ\",\"code\":200}',0,NULL,'2024-09-01 23:12:26',96),(334,'åŒºåŸŸç®¡ç†',2,'com.dkd.manage.controller.RegionController.edit()','PUT',1,'admin','ç ”å‘éƒ¨é—¨','/manage/region','127.0.0.1','å†…ç½‘IP','{\"createBy\":\"Admin\",\"createTime\":\"2024-08-29 17:06:19\",\"id\":2,\"params\":{},\"regionName\":\"åŒ—äº¬å¸‚æœé˜³åŒº1\",\"remark\":\"åŒ—äº¬å¸‚æœé˜³åŒº\",\"updateBy\":\"Admin\",\"updateTime\":\"2024-09-02 06:33:39\"}','{\"msg\":\"æ“ä½œæˆåŠŸ\",\"code\":200}',0,NULL,'2024-09-02 06:33:39',158),(335,'åŒºåŸŸç®¡ç†',2,'com.dkd.manage.controller.RegionController.edit()','PUT',1,'admin','ç ”å‘éƒ¨é—¨','/manage/region','127.0.0.1','å†…ç½‘IP','{\"createBy\":\"Admin\",\"createTime\":\"2024-08-29 17:06:19\",\"id\":1,\"params\":{},\"regionName\":\"åŒ—äº¬å¸‚æœé˜³åŒº\",\"remark\":\"åŒ—äº¬å¸‚æœé˜³åŒº\",\"updateBy\":\"Admin\",\"updateTime\":\"2024-09-02 06:33:47\"}','{\"msg\":\"æ“ä½œæˆåŠŸ\",\"code\":200}',0,NULL,'2024-09-02 06:33:47',96),(336,'åŒºåŸŸç®¡ç†',2,'com.dkd.manage.controller.RegionController.edit()','PUT',1,'admin','ç ”å‘éƒ¨é—¨','/manage/region','127.0.0.1','å†…ç½‘IP','{\"createBy\":\"Admin\",\"createTime\":\"2024-08-29 17:06:19\",\"id\":2,\"params\":{},\"regionName\":\"åŒ—äº¬å¸‚æµ·æ·€åŒº\",\"remark\":\"åŒ—äº¬å¸‚æµ·æ·€åŒº\",\"updateBy\":\"Admin\",\"updateTime\":\"2024-09-02 06:34:01\"}','{\"msg\":\"æ“ä½œæˆåŠŸ\",\"code\":200}',0,NULL,'2024-09-02 06:34:01',85),(337,'åŒºåŸŸç®¡ç†',2,'com.dkd.manage.controller.RegionController.edit()','PUT',1,'admin','ç ”å‘éƒ¨é—¨','/manage/region','127.0.0.1','å†…ç½‘IP','{\"createBy\":\"Admin\",\"createTime\":\"2024-08-29 17:06:19\",\"id\":3,\"params\":{},\"regionName\":\"åŒ—äº¬å¸‚è¥¿åŸåŒº\",\"remark\":\"åŒ—äº¬å¸‚è¥¿åŸåŒº\",\"updateBy\":\"Admin\",\"updateTime\":\"2024-09-02 06:34:19\"}','{\"msg\":\"æ“ä½œæˆåŠŸ\",\"code\":200}',0,NULL,'2024-09-02 06:34:19',91),(338,'è®¾å¤‡ç®¡ç†',2,'com.dkd.manage.controller.VendingMachineController.edit()','PUT',1,'admin','ç ”å‘éƒ¨é—¨','/manage/vm','127.0.0.1','å†…ç½‘IP','{\"addr\":\"åŒ—äº¬å¸‚ä¸œåŸåŒºç‹åºœäº•å¤§è¡—\",\"businessType\":3,\"channelMaxCapacity\":10,\"clientId\":\"70122567fcc13e7615e7239812c20448\",\"createBy\":\"Admin\",\"createTime\":\"2024-08-29 17:06:21\",\"id\":80,\"innerCode\":\"A1000001\",\"lastSupplyTime\":\"2023-03-22 00:00:00\",\"latitude\":0,\"longitudes\":0,\"nodeId\":3,\"params\":{},\"partnerId\":1,\"policyId\":1,\"regionId\":3,\"remark\":\"å†å²æ‚ ä¹…çš„å•†ä¸šè¡—åŒº\",\"runningStatus\":\"{\\\"statusCode\\\":\\\"1001\\\",\\\"status\\\":true}\",\"updateBy\":\"Admin\",\"updateTime\":\"2024-09-02 06:36:04\",\"vmStatus\":1,\"vmTypeId\":1}','{\"msg\":\"æ“ä½œæˆåŠŸ\",\"code\":200}',0,NULL,'2024-09-02 06:36:04',229),(339,'å·¥å•',1,'com.dkd.manage.controller.TaskController.add()','POST',1,'admin','ç ”å‘éƒ¨é—¨','/manage/task','127.0.0.1','å†…ç½‘IP','{\"assignId\":1,\"createType\":1,\"desc\":\"å¿«ç‚¹å¹²\",\"innerCode\":\"nf2UVwi5\",\"productTypeId\":1,\"userId\":4}','{\"msg\":\"æ“ä½œæˆåŠŸ\",\"code\":200}',0,NULL,'2024-09-02 08:44:53',337),(340,'å”®è´§æœºè´§é“',2,'com.dkd.manage.controller.ChannelController.setChannel()','PUT',1,'admin','ç ”å‘éƒ¨é—¨','/manage/channel/config','127.0.0.1','å†…ç½‘IP','{\"channelList\":[{\"channelCode\":\"1-1\",\"innerCode\":\"nf2UVwi5\",\"skuId\":2},{\"channelCode\":\"1-2\",\"innerCode\":\"nf2UVwi5\",\"skuId\":1},{\"channelCode\":\"1-3\",\"innerCode\":\"nf2UVwi5\",\"skuId\":4},{\"channelCode\":\"1-4\",\"innerCode\":\"nf2UVwi5\",\"skuId\":0},{\"channelCode\":\"2-1\",\"innerCode\":\"nf2UVwi5\",\"skuId\":0},{\"channelCode\":\"2-2\",\"innerCode\":\"nf2UVwi5\",\"skuId\":0},{\"channelCode\":\"2-3\",\"innerCode\":\"nf2UVwi5\",\"skuId\":0},{\"channelCode\":\"2-4\",\"innerCode\":\"nf2UVwi5\",\"skuId\":0},{\"channelCode\":\"3-1\",\"innerCode\":\"nf2UVwi5\",\"skuId\":0},{\"channelCode\":\"3-2\",\"innerCode\":\"nf2UVwi5\",\"skuId\":0},{\"channelCode\":\"3-3\",\"innerCode\":\"nf2UVwi5\",\"skuId\":0},{\"channelCode\":\"3-4\",\"innerCode\":\"nf2UVwi5\",\"skuId\":0},{\"channelCode\":\"4-1\",\"innerCode\":\"nf2UVwi5\",\"skuId\":0},{\"channelCode\":\"4-2\",\"innerCode\":\"nf2UVwi5\",\"skuId\":0},{\"channelCode\":\"4-3\",\"innerCode\":\"nf2UVwi5\",\"skuId\":0},{\"channelCode\":\"4-4\",\"innerCode\":\"nf2UVwi5\",\"skuId\":0}],\"innerCode\":\"nf2UVwi5\"}','{\"msg\":\"æ“ä½œæˆåŠŸ\",\"code\":200}',0,NULL,'2024-09-02 08:46:14',1091),(341,'å·¥å•',1,'com.dkd.manage.controller.TaskController.add()','POST',1,'admin','ç ”å‘éƒ¨é—¨','/manage/task','127.0.0.1','å†…ç½‘IP','{\"assignId\":1,\"createType\":1,\"desc\":\"æ€¥å•\",\"details\":[{\"channelCode\":\"1-1\",\"expectCapacity\":8,\"skuId\":2,\"skuImage\":\"https://likede2-java.itheima.net/image/product2.png\",\"skuName\":\"åº·å¸ˆå‚…\"},{\"channelCode\":\"1-2\",\"expectCapacity\":8,\"skuId\":1,\"skuImage\":\"https://likede2-java.itheima.net/image/product1.png\",\"skuName\":\"å¯å£å¯ä¹\"},{\"channelCode\":\"1-3\",\"expectCapacity\":8,\"skuId\":4,\"skuImage\":\"https://likede2-java.itheima.net/image/product4.png\",\"skuName\":\"é’æ¢…ç»¿èŒ¶\"}],\"innerCode\":\"nf2UVwi5\",\"productTypeId\":2,\"userId\":2}',NULL,1,'è®¾å¤‡ä¸åœ¨è¿è¡Œä¸­ï¼Œæ— æ³•è¿›è¡Œè¡¥è´§å·¥å•','2024-09-02 08:47:02',282),(342,'å·¥å•',1,'com.dkd.manage.controller.TaskController.add()','POST',1,'admin','ç ”å‘éƒ¨é—¨','/manage/task','127.0.0.1','å†…ç½‘IP','{\"assignId\":1,\"createType\":1,\"desc\":\"ä½ è¿˜èƒ½æŠ•æ”¾æˆåŠŸå—\",\"innerCode\":\"A1000001\",\"productTypeId\":1,\"userId\":13}',NULL,1,'è®¾å¤‡åœ¨è¿è¡Œä¸­ï¼Œæ— æ³•è¿›è¡ŒæŠ•æ”¾å·¥å•','2024-09-02 08:48:00',4),(343,'å·¥å•',1,'com.dkd.manage.controller.TaskController.add()','POST',1,'admin','ç ”å‘éƒ¨é—¨','/manage/task','127.0.0.1','å†…ç½‘IP','{\"assignId\":1,\"createType\":1,\"desc\":\"å‘¨æœ«åŠ æ€¥å•\",\"details\":[{\"channelCode\":\"1-1\",\"expectCapacity\":2,\"skuId\":9,\"skuImage\":\"https://likede2-java.itheima.net/image/product9.png\",\"skuName\":\"æ–°æ˜Ÿå·´å…‹\"},{\"channelCode\":\"1-2\",\"expectCapacity\":4,\"skuId\":2,\"skuImage\":\"https://likede2-java.itheima.net/image/product2.png\",\"skuName\":\"åº·å¸ˆå‚…\"},{\"channelCode\":\"1-3\",\"expectCapacity\":4,\"skuId\":2,\"skuImage\":\"https://likede2-java.itheima.net/image/product2.png\",\"skuName\":\"åº·å¸ˆå‚…\"},{\"channelCode\":\"1-5\",\"expectCapacity\":1,\"skuId\":3,\"skuImage\":\"https://likede2-java.itheima.net/image/product3.png\",\"skuName\":\"ç»Ÿä¸€å¥¶èŒ¶\"},{\"channelCode\":\"1-6\",\"expectCapacity\":6,\"skuId\":4,\"skuImage\":\"https://likede2-java.itheima.net/image/product4.png\",\"skuName\":\"é’æ¢…ç»¿èŒ¶\"},{\"channelCode\":\"2-3\",\"expectCapacity\":10,\"skuId\":8,\"skuImage\":\"https://likede2-java.itheima.net/image/product8.png\",\"skuName\":\"é­”åŠ›èŠ±èŒ¶\"},{\"channelCode\":\"2-4\",\"expectCapacity\":1,\"skuId\":9,\"skuImage\":\"https://likede2-java.itheima.net/image/product9.png\",\"skuName\":\"æ–°æ˜Ÿå·´å…‹\"},{\"channelCode\":\"2-5\",\"expectCapacity\":4,\"skuId\":2,\"skuImage\":\"https://likede2-java.itheima.net/image/product2.png\",\"skuName\":\"åº·å¸ˆå‚…\"},{\"channelCode\":\"3-1\",\"expectCapacity\":5,\"skuId\":7,\"skuImage\":\"https://likede2-java.itheima.net/image/product7.png\",\"skuName\":\"ä¸€ç™¾æ©™æ±\"},{\"channelCode\":\"4-1\",\"expectCapacity\":9,\"skuId\":2,\"skuImage\":\"https://likede2-java.itheima.net/image/product2.png\",\"skuName\":\"åº·å¸ˆå‚…\"},{\"channelCode\":\"4-3\",\"expectCapacity\":4,\"skuId\":5,\"skuImage\":\"https://likede2-java.itheima.net/image/product5.png\",\"skuName\":\"å†°ç³–é›ªæ¢¨\"}],\"innerCode\":\"A1000001\",\"productTypeId\":2,\"userId\":10}','{\"msg\":\"æ“ä½œæˆåŠŸ\",\"code\":200}',0,NULL,'2024-09-02 08:49:27',173),(344,'å·¥å•',2,'com.dkd.manage.controller.TaskController.cancelTask()','PUT',1,'admin','ç ”å‘éƒ¨é—¨','/manage/task/cancel','127.0.0.1','å†…ç½‘IP','{\"desc\":\"åå°å·¥ä½œäººå‘˜å–æ¶ˆ\",\"params\":{},\"taskId\":544,\"taskStatus\":3,\"updateTime\":\"2024-09-02 12:40:28\"}','{\"msg\":\"æ“ä½œæˆåŠŸ\",\"code\":200}',0,NULL,'2024-09-02 12:40:28',98),(345,'å·¥å•',2,'com.dkd.manage.controller.TaskController.cancelTask()','PUT',1,'admin','ç ”å‘éƒ¨é—¨','/manage/task/cancel','127.0.0.1','å†…ç½‘IP','{\"desc\":\"åå°å·¥ä½œäººå‘˜å–æ¶ˆ\",\"params\":{},\"taskId\":545,\"taskStatus\":3,\"updateTime\":\"2024-09-02 12:40:52\"}','{\"msg\":\"æ“ä½œæˆåŠŸ\",\"code\":200}',0,NULL,'2024-09-02 12:40:52',114),(346,'å·¥å•',1,'com.dkd.manage.controller.TaskController.add()','POST',1,'admin','ç ”å‘éƒ¨é—¨','/manage/task','127.0.0.1','å†…ç½‘IP','{\"assignId\":1,\"createType\":1,\"desc\":\"æ€¥å•\",\"details\":[{\"channelCode\":\"1-1\",\"expectCapacity\":1,\"skuId\":9,\"skuImage\":\"https://likede2-java.itheima.net/image/product9.png\",\"skuName\":\"æ–°æ˜Ÿå·´å…‹\"},{\"channelCode\":\"1-2\",\"expectCapacity\":4,\"skuId\":2,\"skuImage\":\"https://likede2-java.itheima.net/image/product2.png\",\"skuName\":\"åº·å¸ˆå‚…\"},{\"channelCode\":\"1-3\",\"expectCapacity\":2,\"skuId\":2,\"skuImage\":\"https://likede2-java.itheima.net/image/product2.png\",\"skuName\":\"åº·å¸ˆå‚…\"},{\"channelCode\":\"1-5\",\"expectCapacity\":1,\"skuId\":3,\"skuImage\":\"https://likede2-java.itheima.net/image/product3.png\",\"skuName\":\"ç»Ÿä¸€å¥¶èŒ¶\"},{\"channelCode\":\"1-6\",\"expectCapacity\":6,\"skuId\":4,\"skuImage\":\"https://likede2-java.itheima.net/image/product4.png\",\"skuName\":\"é’æ¢…ç»¿èŒ¶\"},{\"channelCode\":\"2-3\",\"expectCapacity\":10,\"skuId\":8,\"skuImage\":\"https://likede2-java.itheima.net/image/product8.png\",\"skuName\":\"é­”åŠ›èŠ±èŒ¶\"},{\"channelCode\":\"2-4\",\"expectCapacity\":1,\"skuId\":9,\"skuImage\":\"https://likede2-java.itheima.net/image/product9.png\",\"skuName\":\"æ–°æ˜Ÿå·´å…‹\"},{\"channelCode\":\"2-5\",\"expectCapacity\":4,\"skuId\":2,\"skuImage\":\"https://likede2-java.itheima.net/image/product2.png\",\"skuName\":\"åº·å¸ˆå‚…\"},{\"channelCode\":\"3-1\",\"expectCapacity\":5,\"skuId\":7,\"skuImage\":\"https://likede2-java.itheima.net/image/product7.png\",\"skuName\":\"ä¸€ç™¾æ©™æ±\"},{\"channelCode\":\"4-1\",\"expectCapacity\":9,\"skuId\":2,\"skuImage\":\"https://likede2-java.itheima.net/image/product2.png\",\"skuName\":\"åº·å¸ˆå‚…\"},{\"channelCode\":\"4-3\",\"expectCapacity\":4,\"skuId\":5,\"skuImage\":\"https://likede2-java.itheima.net/image/product5.png\",\"skuName\":\"å†°ç³–é›ªæ¢¨\"}],\"innerCode\":\"A1000001\",\"productTypeId\":2,\"userId\":10}','{\"msg\":\"æ“ä½œæˆåŠŸ\",\"code\":200}',0,NULL,'2024-09-02 12:48:47',126),(347,'å·¥å•',2,'com.dkd.manage.controller.TaskController.cancelTask()','PUT',1,'admin','ç ”å‘éƒ¨é—¨','/manage/task/cancel','127.0.0.1','å†…ç½‘IP','{\"desc\":\"åå°å·¥ä½œäººå‘˜å–æ¶ˆ\",\"params\":{},\"taskId\":546,\"taskStatus\":3,\"updateTime\":\"2024-09-02 13:57:40\"}','{\"msg\":\"æ“ä½œæˆåŠŸ\",\"code\":200}',0,NULL,'2024-09-02 13:57:40',139),(348,'å·¥å•',1,'com.dkd.manage.controller.TaskController.add()','POST',1,'admin','ç ”å‘éƒ¨é—¨','/manage/task','127.0.0.1','å†…ç½‘IP','{\"assignId\":1,\"createType\":1,\"desc\":\"æ€¥å•\",\"details\":[{\"channelCode\":\"1-1\",\"expectCapacity\":1,\"skuId\":9,\"skuImage\":\"https://likede2-java.itheima.net/image/product9.png\",\"skuName\":\"æ–°æ˜Ÿå·´å…‹\"},{\"channelCode\":\"1-2\",\"expectCapacity\":4,\"skuId\":2,\"skuImage\":\"https://likede2-java.itheima.net/image/product2.png\",\"skuName\":\"åº·å¸ˆå‚…\"},{\"channelCode\":\"1-3\",\"expectCapacity\":1,\"skuId\":2,\"skuImage\":\"https://likede2-java.itheima.net/image/product2.png\",\"skuName\":\"åº·å¸ˆå‚…\"},{\"channelCode\":\"1-5\",\"expectCapacity\":1,\"skuId\":3,\"skuImage\":\"https://likede2-java.itheima.net/image/product3.png\",\"skuName\":\"ç»Ÿä¸€å¥¶èŒ¶\"},{\"channelCode\":\"1-6\",\"expectCapacity\":6,\"skuId\":4,\"skuImage\":\"https://likede2-java.itheima.net/image/product4.png\",\"skuName\":\"é’æ¢…ç»¿èŒ¶\"},{\"channelCode\":\"2-3\",\"expectCapacity\":5,\"skuId\":8,\"skuImage\":\"https://likede2-java.itheima.net/image/product8.png\",\"skuName\":\"é­”åŠ›èŠ±èŒ¶\"},{\"channelCode\":\"2-4\",\"expectCapacity\":1,\"skuId\":9,\"skuImage\":\"https://likede2-java.itheima.net/image/product9.png\",\"skuName\":\"æ–°æ˜Ÿå·´å…‹\"},{\"channelCode\":\"2-5\",\"expectCapacity\":3,\"skuId\":2,\"skuImage\":\"https://likede2-java.itheima.net/image/product2.png\",\"skuName\":\"åº·å¸ˆå‚…\"},{\"channelCode\":\"3-1\",\"expectCapacity\":5,\"skuId\":7,\"skuImage\":\"https://likede2-java.itheima.net/image/product7.png\",\"skuName\":\"ä¸€ç™¾æ©™æ±\"},{\"channelCode\":\"4-1\",\"expectCapacity\":9,\"skuId\":2,\"skuImage\":\"https://likede2-java.itheima.net/image/product2.png\",\"skuName\":\"åº·å¸ˆå‚…\"},{\"channelCode\":\"4-3\",\"expectCapacity\":4,\"skuId\":5,\"skuImage\":\"https://likede2-java.itheima.net/image/product5.png\",\"skuName\":\"å†°ç³–é›ªæ¢¨\"}],\"innerCode\":\"A1000001\",\"productTypeId\":2,\"userId\":10}','{\"msg\":\"æ“ä½œæˆåŠŸ\",\"code\":200}',0,NULL,'2024-09-02 14:01:51',138284),(349,'è®¾å¤‡ç®¡ç†',1,'com.dkd.manage.controller.VendingMachineController.add()','POST',1,'admin','ç ”å‘éƒ¨é—¨','/manage/vm','127.0.0.1','å†…ç½‘IP','{\"addr\":\"åŒ—äº¬å¸‚æœé˜³åŒºå›½å®¶ä½“è‚²é¦†å—è·¯1å·\",\"businessType\":1,\"channelMaxCapacity\":10,\"createTime\":\"2024-09-02 19:28:01\",\"id\":114,\"innerCode\":\"wxX4jTME\",\"nodeId\":8,\"params\":{},\"partnerId\":4,\"regionId\":4,\"updateTime\":\"2024-08-31 17:10:20\",\"vmStatus\":0,\"vmTypeId\":1}','{\"msg\":\"æ“ä½œæˆåŠŸ\",\"code\":200}',0,NULL,'2024-09-02 19:28:01',266),(350,'å·¥å•',1,'com.dkd.manage.controller.TaskController.add()','POST',1,'admin','ç ”å‘éƒ¨é—¨','/manage/task','127.0.0.1','å†…ç½‘IP','{\"assignorId\":1,\"createType\":1,\"desc\":\"è¾›è‹¦äº†ï¼ŒåŠ æ€¥å•\",\"innerCode\":\"wxX4jTME\",\"productTypeId\":1,\"userId\":58}','{\"msg\":\"æ“ä½œæˆåŠŸ\",\"code\":200}',0,NULL,'2024-09-02 19:29:08',162),(351,'å”®è´§æœºè´§é“',2,'com.dkd.manage.controller.ChannelController.setChannel()','PUT',1,'admin','ç ”å‘éƒ¨é—¨','/manage/channel/config','127.0.0.1','å†…ç½‘IP','{\"channelList\":[{\"channelCode\":\"1-1\",\"innerCode\":\"wxX4jTME\",\"skuId\":1},{\"channelCode\":\"1-2\",\"innerCode\":\"wxX4jTME\",\"skuId\":2},{\"channelCode\":\"1-3\",\"innerCode\":\"wxX4jTME\",\"skuId\":3},{\"channelCode\":\"1-4\",\"innerCode\":\"wxX4jTME\",\"skuId\":4},{\"channelCode\":\"1-5\",\"innerCode\":\"wxX4jTME\",\"skuId\":5},{\"channelCode\":\"1-6\",\"innerCode\":\"wxX4jTME\",\"skuId\":6},{\"channelCode\":\"2-1\",\"innerCode\":\"wxX4jTME\",\"skuId\":0},{\"channelCode\":\"2-2\",\"innerCode\":\"wxX4jTME\",\"skuId\":0},{\"channelCode\":\"2-3\",\"innerCode\":\"wxX4jTME\",\"skuId\":0},{\"channelCode\":\"2-4\",\"innerCode\":\"wxX4jTME\",\"skuId\":0},{\"channelCode\":\"2-5\",\"innerCode\":\"wxX4jTME\",\"skuId\":0},{\"channelCode\":\"2-6\",\"innerCode\":\"wxX4jTME\",\"skuId\":0},{\"channelCode\":\"3-1\",\"innerCode\":\"wxX4jTME\",\"skuId\":0},{\"channelCode\":\"3-2\",\"innerCode\":\"wxX4jTME\",\"skuId\":0},{\"channelCode\":\"3-3\",\"innerCode\":\"wxX4jTME\",\"skuId\":0},{\"channelCode\":\"3-4\",\"innerCode\":\"wxX4jTME\",\"skuId\":0},{\"channelCode\":\"3-5\",\"innerCode\":\"wxX4jTME\",\"skuId\":0},{\"channelCode\":\"3-6\",\"innerCode\":\"wxX4jTME\",\"skuId\":0},{\"channelCode\":\"4-1\",\"innerCode\":\"wxX4jTME\",\"skuId\":0},{\"channelCode\":\"4-2\",\"innerCode\":\"wxX4jTME\",\"skuId\":0},{\"channelCode\":\"4-3\",\"innerCode\":\"wxX4jTME\",\"skuId\":0},{\"channelCode\":\"4-4\",\"innerCode\":\"wxX4jTME\",\"skuId\":0},{\"channelCode\":\"4-5\",\"innerCode\":\"wxX4jTME\",\"skuId\":0},{\"channelCode\":\"4-6\",\"innerCode\":\"wxX4jTME\",\"skuId\":0},{\"channelCode\":\"5-1\",\"innerCode\":\"wxX4jTME\",\"skuId\":0},{\"channelCode\":\"5-2\",\"innerCode\":\"wxX4jTME\",\"skuId\":0},{\"channelCode\":\"5-3\",\"innerCode\":\"wxX4jTME\",\"skuId\":0},{\"channelCode\":\"5-4\",\"innerCode\":\"wxX4jTME\",\"skuId\":0},{\"channelCode\":\"5-5\",\"innerCode\":\"wxX4jTME\",\"skuId\":0},{\"channelCode\":\"5-6\",\"innerCode\":\"wxX4jTME\",\"skuId\":0}],\"innerCode\":\"wxX4jTME\"}','{\"msg\":\"æ“ä½œæˆåŠŸ\",\"code\":200}',0,NULL,'2024-09-02 19:39:28',2083),(352,'å·¥å•',1,'com.dkd.manage.controller.TaskController.add()','POST',1,'admin','ç ”å‘éƒ¨é—¨','/manage/task','127.0.0.1','å†…ç½‘IP','{\"assignorId\":1,\"createType\":1,\"desc\":\"æ–°è®¾å¤‡æŠ•æ”¾ï¼ŒåŠ æ€¥å•\",\"details\":[{\"channelCode\":\"1-1\",\"expectCapacity\":10,\"skuId\":1,\"skuImage\":\"https://likede2-java.itheima.net/image/product1.png\",\"skuName\":\"å¯å£å¯ä¹\"},{\"channelCode\":\"1-2\",\"expectCapacity\":10,\"skuId\":2,\"skuImage\":\"https://likede2-java.itheima.net/image/product2.png\",\"skuName\":\"åº·å¸ˆå‚…\"},{\"channelCode\":\"1-3\",\"expectCapacity\":10,\"skuId\":3,\"skuImage\":\"https://likede2-java.itheima.net/image/product3.png\",\"skuName\":\"ç»Ÿä¸€å¥¶èŒ¶\"},{\"channelCode\":\"1-4\",\"expectCapacity\":10,\"skuId\":4,\"skuImage\":\"https://likede2-java.itheima.net/image/product4.png\",\"skuName\":\"é’æ¢…ç»¿èŒ¶\"},{\"channelCode\":\"1-5\",\"expectCapacity\":10,\"skuId\":5,\"skuImage\":\"https://likede2-java.itheima.net/image/product5.png\",\"skuName\":\"å†°ç³–é›ªæ¢¨\"},{\"channelCode\":\"1-6\",\"expectCapacity\":10,\"skuId\":6,\"skuImage\":\"https://likede2-java.itheima.net/image/product6.png\",\"skuName\":\"æ€¡å®è‡³å°Š\"}],\"innerCode\":\"wxX4jTME\",\"productTypeId\":2,\"userId\":57}','{\"msg\":\"æ“ä½œæˆåŠŸ\",\"code\":200}',0,NULL,'2024-09-02 19:42:37',111),(353,'è®¾å¤‡ç®¡ç†',2,'com.dkd.manage.controller.VendingMachineController.edit()','PUT',1,'admin','ç ”å‘éƒ¨é—¨','/manage/vm','127.0.0.1','å†…ç½‘IP','{\"addr\":\"åŒ—äº¬å¸‚æœé˜³åŒºå›½å®¶ä½“è‚²é¦†å—è·¯1å·\",\"businessType\":1,\"channelMaxCapacity\":10,\"createTime\":\"2024-08-31 15:25:20\",\"id\":114,\"innerCode\":\"wxX4jTME\",\"lastSupplyTime\":\"2024-09-02 20:05:36\",\"latitude\":0,\"longitudes\":0,\"nodeId\":8,\"params\":{},\"partnerId\":4,\"policyId\":1,\"regionId\":4,\"updateTime\":\"2024-09-02 21:02:40\",\"vmStatus\":1,\"vmTypeId\":1}','{\"msg\":\"æ“ä½œæˆåŠŸ\",\"code\":200}',0,NULL,'2024-09-02 21:02:41',107),(354,'å”®è´§æœºè´§é“',2,'com.dkd.manage.controller.ChannelController.setChannel()','PUT',1,'admin','ç ”å‘éƒ¨é—¨','/manage/channel/config','127.0.0.1','å†…ç½‘IP','{\"channelList\":[{\"channelCode\":\"1-1\",\"innerCode\":\"wxX4jTME\",\"skuId\":1},{\"channelCode\":\"1-2\",\"innerCode\":\"wxX4jTME\",\"skuId\":2},{\"channelCode\":\"1-3\",\"innerCode\":\"wxX4jTME\",\"skuId\":3},{\"channelCode\":\"1-4\",\"innerCode\":\"wxX4jTME\",\"skuId\":4},{\"channelCode\":\"1-5\",\"innerCode\":\"wxX4jTME\",\"skuId\":5},{\"channelCode\":\"1-6\",\"innerCode\":\"wxX4jTME\",\"skuId\":6},{\"channelCode\":\"2-1\",\"innerCode\":\"wxX4jTME\",\"skuId\":2},{\"channelCode\":\"2-2\",\"innerCode\":\"wxX4jTME\",\"skuId\":0},{\"channelCode\":\"2-3\",\"innerCode\":\"wxX4jTME\",\"skuId\":0},{\"channelCode\":\"2-4\",\"innerCode\":\"wxX4jTME\",\"skuId\":0},{\"channelCode\":\"2-5\",\"innerCode\":\"wxX4jTME\",\"skuId\":0},{\"channelCode\":\"2-6\",\"innerCode\":\"wxX4jTME\",\"skuId\":0},{\"channelCode\":\"3-1\",\"innerCode\":\"wxX4jTME\",\"skuId\":0},{\"channelCode\":\"3-2\",\"innerCode\":\"wxX4jTME\",\"skuId\":0},{\"channelCode\":\"3-3\",\"innerCode\":\"wxX4jTME\",\"skuId\":0},{\"channelCode\":\"3-4\",\"innerCode\":\"wxX4jTME\",\"skuId\":0},{\"channelCode\":\"3-5\",\"innerCode\":\"wxX4jTME\",\"skuId\":0},{\"channelCode\":\"3-6\",\"innerCode\":\"wxX4jTME\",\"skuId\":0},{\"channelCode\":\"4-1\",\"innerCode\":\"wxX4jTME\",\"skuId\":0},{\"channelCode\":\"4-2\",\"innerCode\":\"wxX4jTME\",\"skuId\":0},{\"channelCode\":\"4-3\",\"innerCode\":\"wxX4jTME\",\"skuId\":0},{\"channelCode\":\"4-4\",\"innerCode\":\"wxX4jTME\",\"skuId\":0},{\"channelCode\":\"4-5\",\"innerCode\":\"wxX4jTME\",\"skuId\":0},{\"channelCode\":\"4-6\",\"innerCode\":\"wxX4jTME\",\"skuId\":0},{\"channelCode\":\"5-1\",\"innerCode\":\"wxX4jTME\",\"skuId\":0},{\"channelCode\":\"5-2\",\"innerCode\":\"wxX4jTME\",\"skuId\":0},{\"channelCode\":\"5-3\",\"innerCode\":\"wxX4jTME\",\"skuId\":0},{\"channelCode\":\"5-4\",\"innerCode\":\"wxX4jTME\",\"skuId\":0},{\"channelCode\":\"5-5\",\"innerCode\":\"wxX4jTME\",\"skuId\":0},{\"channelCode\":\"5-6\",\"innerCode\":\"wxX4jTME\",\"skuId\":0}],\"innerCode\":\"wxX4jTME\"}','{\"msg\":\"æ“ä½œæˆåŠŸ\",\"code\":200}',0,NULL,'2024-09-02 21:31:06',2199),(355,'å·¥å•',1,'com.dkd.manage.controller.TaskController.add()','POST',1,'admin','ç ”å‘éƒ¨é—¨','/manage/task','127.0.0.1','å†…ç½‘IP','{\"assignorId\":1,\"createType\":1,\"desc\":\"è¾›è‹¦äº†\",\"details\":[{\"channelCode\":\"2-1\",\"expectCapacity\":10,\"skuId\":2,\"skuImage\":\"https://likede2-java.itheima.net/image/product2.png\",\"skuName\":\"åº·å¸ˆå‚…\"}],\"innerCode\":\"wxX4jTME\",\"productTypeId\":2,\"userId\":57}','{\"msg\":\"æ“ä½œæˆåŠŸ\",\"code\":200}',0,NULL,'2024-09-02 21:31:44',116),(356,'èœå•ç®¡ç†',1,'com.dkd.web.controller.system.SysMenuController.add()','POST',1,'admin','ç ”å‘éƒ¨é—¨','/system/menu','127.0.0.1','å†…ç½‘IP','{\"children\":[],\"createBy\":\"admin\",\"icon\":\"è®¢å•ç®¡ç†\",\"isCache\":\"0\",\"isFrame\":\"1\",\"menuName\":\"è®¢å•ç®¡ç†\",\"menuType\":\"M\",\"orderNum\":6,\"params\":{},\"parentId\":0,\"path\":\"order\",\"status\":\"0\",\"visible\":\"0\"}','{\"msg\":\"æ“ä½œæˆåŠŸ\",\"code\":200}',0,NULL,'2024-09-02 21:44:39',104),(357,'ä»£ç ç”Ÿæˆ',6,'com.dkd.generator.controller.GenController.importTableSave()','POST',1,'admin','ç ”å‘éƒ¨é—¨','/tool/gen/importTable','127.0.0.1','å†…ç½‘IP','{\"tables\":\"tb_order\"}','{\"msg\":\"æ“ä½œæˆåŠŸ\",\"code\":200}',0,NULL,'2024-09-02 21:46:04',271),(358,'ä»£ç ç”Ÿæˆ',2,'com.dkd.generator.controller.GenController.editSave()','PUT',1,'admin','ç ”å‘éƒ¨é—¨','/tool/gen','127.0.0.1','å†…ç½‘IP','{\"businessName\":\"order\",\"className\":\"Order\",\"columns\":[{\"capJavaField\":\"Id\",\"columnComment\":\"ä¸»é”®\",\"columnId\":125,\"columnName\":\"id\",\"columnType\":\"bigint\",\"createBy\":\"admin\",\"createTime\":\"2024-09-02 21:46:03\",\"dictType\":\"\",\"edit\":false,\"htmlType\":\"input\",\"increment\":false,\"insert\":true,\"isIncrement\":\"0\",\"isInsert\":\"1\",\"isPk\":\"1\",\"isRequired\":\"0\",\"javaField\":\"id\",\"javaType\":\"Long\",\"list\":false,\"params\":{},\"pk\":true,\"query\":false,\"queryType\":\"EQ\",\"required\":false,\"sort\":1,\"superColumn\":false,\"tableId\":16,\"updateBy\":\"\",\"usableColumn\":false},{\"capJavaField\":\"OrderNo\",\"columnComment\":\"è®¢å•ç¼–å·\",\"columnId\":126,\"columnName\":\"order_no\",\"columnType\":\"varchar(50)\",\"createBy\":\"admin\",\"createTime\":\"2024-09-02 21:46:03\",\"dictType\":\"\",\"edit\":true,\"htmlType\":\"input\",\"increment\":false,\"insert\":true,\"isEdit\":\"1\",\"isIncrement\":\"0\",\"isInsert\":\"1\",\"isList\":\"1\",\"isPk\":\"0\",\"isQuery\":\"1\",\"isRequired\":\"1\",\"javaField\":\"orderNo\",\"javaType\":\"String\",\"list\":true,\"params\":{},\"pk\":false,\"query\":true,\"queryType\":\"LIKE\",\"required\":true,\"sort\":2,\"superColumn\":false,\"tableId\":16,\"updateBy\":\"\",\"usableColumn\":false},{\"capJavaField\":\"ThirdNo\",\"columnComment\":\"ç¬¬ä¸‰æ–¹å¹³å°å•å·\",\"columnId\":127,\"columnName\":\"third_no\",\"columnType\":\"varchar(34)\",\"createBy\":\"admin\",\"createTime\":\"2024-09-02 21:46:03\",\"dictType\":\"\",\"edit\":true,\"htmlType\":\"input\",\"increment\":false,\"insert\":true,\"isEdit\":\"1\",\"isIncrement\":\"0\",\"isInsert\":\"1\",\"isList\":\"0\",\"isPk\":\"0\",\"isQuery\":\"0\",\"isRequired\":\"0\",\"javaField\":\"thirdNo\",\"javaType\":\"String\",\"list\":false,\"params\":{},\"pk\":false,\"query\":false,\"queryType\":\"EQ\",\"required\":false,\"sort\":3,\"superColumn\":false,\"tableId\":16,\"updateBy\":\"\",\"usableColumn\":false},{\"capJavaField\":\"InnerCode\",\"columnComment\":\"è®¾å¤‡ç¼–å·\",\"columnId\":128,\"columnName\":\"inner_code\",\"columnType\":\"varchar(15)\",\"createBy\":\"admin\",\"createTime\":\"2024-09-02 21:46:03\",\"dictType\":\"\",\"edit\":true,\"htmlType\":\"input\",\"increment\":false,\"insert\":true,\"isEdit\":\"1\",\"isIncrement\":\"0\",\"isInsert\":\"1\",\"isList\":\"1\",\"isPk\":\"0\",\"isQuery\":\"1\",\"isRequired\":\"0\",\"jav','{\"msg\":\"æ“ä½œæˆåŠŸ\",\"code\":200}',0,NULL,'2024-09-02 21:55:21',243),(359,'å­—å…¸ç±»å‹',1,'com.dkd.web.controller.system.SysDictTypeController.add()','POST',1,'admin','ç ”å‘éƒ¨é—¨','/system/dict/type','127.0.0.1','å†…ç½‘IP','{\"createBy\":\"admin\",\"dictName\":\"è®¢å•çŠ¶æ€\",\"dictType\":\"order_status\",\"params\":{},\"remark\":\"è®¢å•çŠ¶æ€\",\"status\":\"0\"}','{\"msg\":\"æ“ä½œæˆåŠŸ\",\"code\":200}',0,NULL,'2024-09-02 21:55:58',85),(360,'å­—å…¸æ•°æ®',1,'com.dkd.web.controller.system.SysDictDataController.add()','POST',1,'admin','ç ”å‘éƒ¨é—¨','/system/dict/data','127.0.0.1','å†…ç½‘IP','{\"createBy\":\"admin\",\"default\":false,\"dictLabel\":\"å¾…æ”¯ä»˜\",\"dictSort\":1,\"dictType\":\"order_status\",\"dictValue\":\"0\",\"listClass\":\"default\",\"params\":{},\"status\":\"0\"}','{\"msg\":\"æ“ä½œæˆåŠŸ\",\"code\":200}',0,NULL,'2024-09-02 22:01:59',107),(361,'å­—å…¸æ•°æ®',1,'com.dkd.web.controller.system.SysDictDataController.add()','POST',1,'admin','ç ”å‘éƒ¨é—¨','/system/dict/data','127.0.0.1','å†…ç½‘IP','{\"createBy\":\"admin\",\"default\":false,\"dictLabel\":\"æ”¯ä»˜å®Œæˆ\",\"dictSort\":2,\"dictType\":\"order_status\",\"dictValue\":\"1\",\"listClass\":\"default\",\"params\":{},\"status\":\"0\"}','{\"msg\":\"æ“ä½œæˆåŠŸ\",\"code\":200}',0,NULL,'2024-09-02 22:02:09',91),(362,'å­—å…¸æ•°æ®',1,'com.dkd.web.controller.system.SysDictDataController.add()','POST',1,'admin','ç ”å‘éƒ¨é—¨','/system/dict/data','127.0.0.1','å†…ç½‘IP','{\"createBy\":\"admin\",\"default\":false,\"dictLabel\":\"å‡ºè´§æˆåŠŸ\",\"dictSort\":3,\"dictType\":\"order_status\",\"dictValue\":\"2\",\"listClass\":\"default\",\"params\":{},\"status\":\"0\"}','{\"msg\":\"æ“ä½œæˆåŠŸ\",\"code\":200}',0,NULL,'2024-09-02 22:02:23',154),(363,'å­—å…¸æ•°æ®',1,'com.dkd.web.controller.system.SysDictDataController.add()','POST',1,'admin','ç ”å‘éƒ¨é—¨','/system/dict/data','127.0.0.1','å†…ç½‘IP','{\"createBy\":\"admin\",\"default\":false,\"dictLabel\":\"å‡ºè´§å¤±è´¥\",\"dictSort\":4,\"dictType\":\"order_status\",\"dictValue\":\"3\",\"listClass\":\"default\",\"params\":{},\"status\":\"0\"}','{\"msg\":\"æ“ä½œæˆåŠŸ\",\"code\":200}',0,NULL,'2024-09-02 22:02:37',101),(364,'å­—å…¸æ•°æ®',1,'com.dkd.web.controller.system.SysDictDataController.add()','POST',1,'admin','ç ”å‘éƒ¨é—¨','/system/dict/data','127.0.0.1','å†…ç½‘IP','{\"createBy\":\"admin\",\"default\":false,\"dictLabel\":\"å·²å–æ¶ˆ\",\"dictSort\":5,\"dictType\":\"order_status\",\"dictValue\":\"4\",\"listClass\":\"default\",\"params\":{},\"status\":\"0\"}','{\"msg\":\"æ“ä½œæˆåŠŸ\",\"code\":200}',0,NULL,'2024-09-02 22:03:00',110),(365,'å­—å…¸ç±»å‹',1,'com.dkd.web.controller.system.SysDictTypeController.add()','POST',1,'admin','ç ”å‘éƒ¨é—¨','/system/dict/type','127.0.0.1','å†…ç½‘IP','{\"createBy\":\"admin\",\"dictName\":\"æ”¯ä»˜çŠ¶æ€\",\"dictType\":\"pay_status\",\"params\":{},\"remark\":\"æ”¯ä»˜çŠ¶æ€\",\"status\":\"0\"}','{\"msg\":\"æ“ä½œæˆåŠŸ\",\"code\":200}',0,NULL,'2024-09-02 22:05:09',114),(366,'å­—å…¸æ•°æ®',1,'com.dkd.web.controller.system.SysDictDataController.add()','POST',1,'admin','ç ”å‘éƒ¨é—¨','/system/dict/data','127.0.0.1','å†…ç½‘IP','{\"createBy\":\"admin\",\"default\":false,\"dictLabel\":\"æœªæ”¯ä»˜\",\"dictSort\":1,\"dictType\":\"pay_status\",\"dictValue\":\"0\",\"listClass\":\"default\",\"params\":{},\"status\":\"0\"}','{\"msg\":\"æ“ä½œæˆåŠŸ\",\"code\":200}',0,NULL,'2024-09-02 22:05:21',114),(367,'å­—å…¸æ•°æ®',1,'com.dkd.web.controller.system.SysDictDataController.add()','POST',1,'admin','ç ”å‘éƒ¨é—¨','/system/dict/data','127.0.0.1','å†…ç½‘IP','{\"createBy\":\"admin\",\"default\":false,\"dictLabel\":\"æ”¯ä»˜å®Œæˆ\",\"dictSort\":2,\"dictType\":\"pay_status\",\"dictValue\":\"1\",\"listClass\":\"default\",\"params\":{},\"status\":\"0\"}','{\"msg\":\"æ“ä½œæˆåŠŸ\",\"code\":200}',0,NULL,'2024-09-02 22:05:30',83),(368,'å­—å…¸æ•°æ®',1,'com.dkd.web.controller.system.SysDictDataController.add()','POST',1,'admin','ç ”å‘éƒ¨é—¨','/system/dict/data','127.0.0.1','å†…ç½‘IP','{\"createBy\":\"admin\",\"default\":false,\"dictLabel\":\"é€€æ¬¾ä¸­\",\"dictSort\":3,\"dictType\":\"pay_status\",\"dictValue\":\"2\",\"listClass\":\"default\",\"params\":{},\"status\":\"0\"}','{\"msg\":\"æ“ä½œæˆåŠŸ\",\"code\":200}',0,NULL,'2024-09-02 22:05:38',76),(369,'å­—å…¸æ•°æ®',1,'com.dkd.web.controller.system.SysDictDataController.add()','POST',1,'admin','ç ”å‘éƒ¨é—¨','/system/dict/data','127.0.0.1','å†…ç½‘IP','{\"createBy\":\"admin\",\"default\":false,\"dictLabel\":\"é€€æ¬¾å®Œæˆ\",\"dictSort\":4,\"dictType\":\"pay_status\",\"dictValue\":\"3\",\"listClass\":\"default\",\"params\":{},\"status\":\"0\"}','{\"msg\":\"æ“ä½œæˆåŠŸ\",\"code\":200}',0,NULL,'2024-09-02 22:05:46',96),(370,'ä»£ç ç”Ÿæˆ',2,'com.dkd.generator.controller.GenController.editSave()','PUT',1,'admin','ç ”å‘éƒ¨é—¨','/tool/gen','127.0.0.1','å†…ç½‘IP','{\"businessName\":\"order\",\"className\":\"Order\",\"columns\":[{\"capJavaField\":\"Id\",\"columnComment\":\"ä¸»é”®\",\"columnId\":125,\"columnName\":\"id\",\"columnType\":\"bigint\",\"createBy\":\"admin\",\"createTime\":\"2024-09-02 21:46:03\",\"dictType\":\"\",\"edit\":false,\"htmlType\":\"input\",\"increment\":false,\"insert\":false,\"isIncrement\":\"0\",\"isInsert\":\"0\",\"isPk\":\"1\",\"isRequired\":\"0\",\"javaField\":\"id\",\"javaType\":\"Long\",\"list\":false,\"params\":{},\"pk\":true,\"query\":false,\"queryType\":\"EQ\",\"required\":false,\"sort\":1,\"superColumn\":false,\"tableId\":16,\"updateBy\":\"\",\"updateTime\":\"2024-09-02 21:55:21\",\"usableColumn\":false},{\"capJavaField\":\"OrderNo\",\"columnComment\":\"è®¢å•ç¼–å·\",\"columnId\":126,\"columnName\":\"order_no\",\"columnType\":\"varchar(50)\",\"createBy\":\"admin\",\"createTime\":\"2024-09-02 21:46:03\",\"dictType\":\"\",\"edit\":true,\"htmlType\":\"input\",\"increment\":false,\"insert\":true,\"isEdit\":\"1\",\"isIncrement\":\"0\",\"isInsert\":\"1\",\"isList\":\"1\",\"isPk\":\"0\",\"isQuery\":\"1\",\"isRequired\":\"1\",\"javaField\":\"orderNo\",\"javaType\":\"String\",\"list\":true,\"params\":{},\"pk\":false,\"query\":true,\"queryType\":\"LIKE\",\"required\":true,\"sort\":2,\"superColumn\":false,\"tableId\":16,\"updateBy\":\"\",\"updateTime\":\"2024-09-02 21:55:21\",\"usableColumn\":false},{\"capJavaField\":\"ThirdNo\",\"columnComment\":\"ç¬¬ä¸‰æ–¹å¹³å°å•å·\",\"columnId\":127,\"columnName\":\"third_no\",\"columnType\":\"varchar(34)\",\"createBy\":\"admin\",\"createTime\":\"2024-09-02 21:46:03\",\"dictType\":\"\",\"edit\":true,\"htmlType\":\"input\",\"increment\":false,\"insert\":true,\"isEdit\":\"1\",\"isIncrement\":\"0\",\"isInsert\":\"1\",\"isList\":\"0\",\"isPk\":\"0\",\"isQuery\":\"0\",\"isRequired\":\"0\",\"javaField\":\"thirdNo\",\"javaType\":\"String\",\"list\":false,\"params\":{},\"pk\":false,\"query\":false,\"queryType\":\"EQ\",\"required\":false,\"sort\":3,\"superColumn\":false,\"tableId\":16,\"updateBy\":\"\",\"updateTime\":\"2024-09-02 21:55:21\",\"usableColumn\":false},{\"capJavaField\":\"InnerCode\",\"columnComment\":\"è®¾å¤‡ç¼–å·\",\"columnId\":128,\"columnName\":\"inner_code\",\"columnType\":\"varchar(15)\",\"createBy\":\"admin\",\"createTime\":\"2024-09-02 21:46:03\",\"dictType\":\"\",\"edit\":true,\"htmlType\":\"input\",\"increment\":false,\"insert\":true','{\"msg\":\"æ“ä½œæˆåŠŸ\",\"code\":200}',0,NULL,'2024-09-02 22:10:11',112),(371,'ä»£ç ç”Ÿæˆ',8,'com.dkd.generator.controller.GenController.batchGenCode()','GET',1,'admin','ç ”å‘éƒ¨é—¨','/tool/gen/batchGenCode','127.0.0.1','å†…ç½‘IP','{\"tables\":\"tb_order\"}',NULL,0,NULL,'2024-09-02 22:10:17',593),(372,'èœå•ç®¡ç†',2,'com.dkd.web.controller.system.SysMenuController.edit()','PUT',1,'admin','ç ”å‘éƒ¨é—¨','/system/menu','127.0.0.1','å†…ç½‘IP','{\"children\":[],\"component\":\"manage/order/index\",\"createTime\":\"2024-09-02 22:11:34\",\"icon\":\"å­è®¢å•ç®¡ç†\",\"isCache\":\"0\",\"isFrame\":\"1\",\"menuId\":2064,\"menuName\":\"è®¢å•ç®¡ç†\",\"menuType\":\"C\",\"orderNum\":1,\"params\":{},\"parentId\":2063,\"path\":\"order\",\"perms\":\"manage:order:list\",\"status\":\"0\",\"updateBy\":\"admin\",\"visible\":\"0\"}','{\"msg\":\"æ“ä½œæˆåŠŸ\",\"code\":200}',0,NULL,'2024-09-02 22:15:41',108),(373,'ä»£ç ç”Ÿæˆ',6,'com.dkd.generator.controller.GenController.importTableSave()','POST',1,'admin','ç ”å‘éƒ¨é—¨','/tool/gen/importTable','127.0.0.1','å†…ç½‘IP','{\"tables\":\"tb_vendout_running\"}','{\"msg\":\"æ“ä½œæˆåŠŸ\",\"code\":200}',0,NULL,'2024-09-04 17:51:28',181),(374,'è§’è‰²ç®¡ç†',1,'com.dkd.web.controller.system.SysRoleController.add()','POST',1,'admin','ç ”å‘éƒ¨é—¨','/system/role','127.0.0.1','å†…ç½‘IP','{\"admin\":false,\"createBy\":\"admin\",\"deptCheckStrictly\":true,\"deptIds\":[],\"flag\":false,\"menuCheckStrictly\":true,\"menuIds\":[2000,2013,2014],\"params\":{},\"roleId\":100,\"roleKey\":\"accountant\",\"roleName\":\"è´¢åŠ¡äººå‘˜\",\"roleSort\":3,\"status\":\"0\"}','{\"msg\":\"æ“ä½œæˆåŠŸ\",\"code\":200}',0,NULL,'2024-09-05 15:16:10',130),(375,'ç”¨æˆ·ç®¡ç†',1,'com.dkd.web.controller.system.SysUserController.add()','POST',1,'admin','ç ”å‘éƒ¨é—¨','/system/user','127.0.0.1','å†…ç½‘IP','{\"admin\":false,\"createBy\":\"admin\",\"nickName\":\"é»‘é©¬å½­äºæ™\",\"params\":{},\"postIds\":[],\"roleIds\":[100],\"status\":\"0\",\"userId\":100,\"userName\":\"hmpyy\"}','{\"msg\":\"æ“ä½œæˆåŠŸ\",\"code\":200}',0,NULL,'2024-09-05 15:16:50',186),(376,'è§’è‰²ç®¡ç†',2,'com.dkd.web.controller.system.SysRoleController.edit()','PUT',1,'admin','ç ”å‘éƒ¨é—¨','/system/role','127.0.0.1','å†…ç½‘IP','{\"admin\":false,\"createTime\":\"2024-09-05 15:16:10\",\"dataScope\":\"1\",\"delFlag\":\"0\",\"deptCheckStrictly\":true,\"flag\":false,\"menuCheckStrictly\":true,\"menuIds\":[2000,2013,3,2014,117],\"params\":{},\"roleId\":100,\"roleKey\":\"accountant\",\"roleName\":\"è´¢åŠ¡äººå‘˜\",\"roleSort\":3,\"status\":\"0\",\"updateBy\":\"admin\"}','{\"msg\":\"æ“ä½œæˆåŠŸ\",\"code\":200}',0,NULL,'2024-09-05 17:34:57',134),(377,'è§’è‰²ç®¡ç†',2,'com.dkd.web.controller.system.SysRoleController.edit()','PUT',1,'admin','ç ”å‘éƒ¨é—¨','/system/role','127.0.0.1','å†…ç½‘IP','{\"admin\":false,\"createTime\":\"2024-09-05 15:16:10\",\"dataScope\":\"1\",\"delFlag\":\"0\",\"deptCheckStrictly\":true,\"flag\":false,\"menuCheckStrictly\":true,\"menuIds\":[2000,2013,3,2014,2063,2064,2065,2066,2067,2068,2069,117],\"params\":{},\"roleId\":100,\"roleKey\":\"accountant\",\"roleName\":\"è´¢åŠ¡äººå‘˜\",\"roleSort\":3,\"status\":\"0\",\"updateBy\":\"admin\"}','{\"msg\":\"æ“ä½œæˆåŠŸ\",\"code\":200}',0,NULL,'2024-09-05 17:36:41',90),(378,'å®šæ—¶ä»»åŠ¡',2,'com.dkd.quartz.controller.SysJobController.changeStatus()','PUT',1,'admin','ç ”å‘éƒ¨é—¨','/monitor/job/changeStatus','127.0.0.1','å†…ç½‘IP','{\"jobId\":1,\"misfirePolicy\":\"0\",\"params\":{},\"status\":\"0\"}','{\"msg\":\"æ“ä½œæˆåŠŸ\",\"code\":200}',0,NULL,'2024-09-05 22:48:24',469),(379,'å®šæ—¶ä»»åŠ¡',2,'com.dkd.quartz.controller.SysJobController.changeStatus()','PUT',1,'admin','ç ”å‘éƒ¨é—¨','/monitor/job/changeStatus','127.0.0.1','å†…ç½‘IP','{\"jobId\":1,\"misfirePolicy\":\"0\",\"params\":{},\"status\":\"1\"}','{\"msg\":\"æ“ä½œæˆåŠŸ\",\"code\":200}',0,NULL,'2024-09-05 22:48:33',71),(380,'å®šæ—¶ä»»åŠ¡',2,'com.dkd.quartz.controller.SysJobController.changeStatus()','PUT',1,'admin','ç ”å‘éƒ¨é—¨','/monitor/job/changeStatus','127.0.0.1','å†…ç½‘IP','{\"jobId\":1,\"misfirePolicy\":\"0\",\"params\":{},\"status\":\"0\"}','{\"msg\":\"æ“ä½œæˆåŠŸ\",\"code\":200}',0,NULL,'2024-09-07 13:08:23',89),(381,'å®šæ—¶ä»»åŠ¡',2,'com.dkd.quartz.controller.SysJobController.changeStatus()','PUT',1,'admin','ç ”å‘éƒ¨é—¨','/monitor/job/changeStatus','127.0.0.1','å†…ç½‘IP','{\"jobId\":1,\"misfirePolicy\":\"0\",\"params\":{},\"status\":\"1\"}','{\"msg\":\"æ“ä½œæˆåŠŸ\",\"code\":200}',0,NULL,'2024-09-07 13:17:42',113),(382,'å®šæ—¶ä»»åŠ¡',2,'com.dkd.quartz.controller.SysJobController.edit()','PUT',1,'admin','ç ”å‘éƒ¨é—¨','/monitor/job','127.0.0.1','å†…ç½‘IP','{\"concurrent\":\"1\",\"createBy\":\"admin\",\"createTime\":\"2024-08-28 23:22:01\",\"cronExpression\":\"0/10 * * * * ?\",\"invokeTarget\":\"ryTask.ryNoParams\",\"jobGroup\":\"DEFAULT\",\"jobId\":1,\"jobName\":\"ç³»ç»Ÿé»˜è®¤ï¼ˆæ— å‚ï¼‰\",\"misfirePolicy\":\"3\",\"nextValidTime\":\"2024-09-07 13:37:10\",\"params\":{},\"remark\":\"\",\"status\":\"0\",\"updateBy\":\"admin\"}','{\"msg\":\"æ“ä½œæˆåŠŸ\",\"code\":200}',0,NULL,'2024-09-07 13:37:07',107),(383,'å®šæ—¶ä»»åŠ¡',2,'com.dkd.quartz.controller.SysJobController.changeStatus()','PUT',1,'admin','ç ”å‘éƒ¨é—¨','/monitor/job/changeStatus','127.0.0.1','å†…ç½‘IP','{\"jobId\":1,\"misfirePolicy\":\"0\",\"params\":{},\"status\":\"1\"}','{\"msg\":\"æ“ä½œæˆåŠŸ\",\"code\":200}',0,NULL,'2024-09-07 13:37:11',85),(384,'å®šæ—¶ä»»åŠ¡',2,'com.dkd.quartz.controller.SysJobController.changeStatus()','PUT',1,'admin','ç ”å‘éƒ¨é—¨','/monitor/job/changeStatus','127.0.0.1','å†…ç½‘IP','{\"jobId\":1,\"misfirePolicy\":\"0\",\"params\":{},\"status\":\"0\"}','{\"msg\":\"æ“ä½œæˆåŠŸ\",\"code\":200}',0,NULL,'2024-09-07 16:29:36',209),(385,'å®šæ—¶ä»»åŠ¡',2,'com.dkd.quartz.controller.SysJobController.changeStatus()','PUT',1,'admin','ç ”å‘éƒ¨é—¨','/monitor/job/changeStatus','127.0.0.1','å†…ç½‘IP','{\"jobId\":1,\"misfirePolicy\":\"0\",\"params\":{},\"status\":\"1\"}','{\"msg\":\"æ“ä½œæˆåŠŸ\",\"code\":200}',0,NULL,'2024-09-07 16:32:20',174),(386,'å®šæ—¶ä»»åŠ¡',2,'com.dkd.quartz.controller.SysJobController.changeStatus()','PUT',1,'admin','ç ”å‘éƒ¨é—¨','/monitor/job/changeStatus','127.0.0.1','å†…ç½‘IP','{\"jobId\":1,\"misfirePolicy\":\"0\",\"params\":{},\"status\":\"0\"}','{\"msg\":\"æ“ä½œæˆåŠŸ\",\"code\":200}',0,NULL,'2024-09-07 16:32:34',89),(387,'å®šæ—¶ä»»åŠ¡',2,'com.dkd.quartz.controller.SysJobController.changeStatus()','PUT',1,'admin','ç ”å‘éƒ¨é—¨','/monitor/job/changeStatus','127.0.0.1','å†…ç½‘IP','{\"jobId\":1,\"misfirePolicy\":\"0\",\"params\":{},\"status\":\"1\"}','{\"msg\":\"æ“ä½œæˆåŠŸ\",\"code\":200}',0,NULL,'2024-09-07 16:33:52',52),(388,'è§’è‰²ç®¡ç†',2,'com.dkd.web.controller.system.SysRoleController.dataScope()','PUT',1,'admin','ç ”å‘éƒ¨é—¨','/system/role/dataScope','127.0.0.1','å†…ç½‘IP','{\"admin\":false,\"createTime\":\"2024-08-28 23:21:43\",\"dataScope\":\"2\",\"delFlag\":\"0\",\"deptCheckStrictly\":true,\"deptIds\":[100,101,102,103,105,109],\"flag\":false,\"menuCheckStrictly\":true,\"params\":{},\"remark\":\"æ™®é€šè§’è‰²\",\"roleId\":2,\"roleKey\":\"common\",\"roleName\":\"æ™®é€šè§’è‰²\",\"roleSort\":2,\"status\":\"0\"}','{\"msg\":\"æ“ä½œæˆåŠŸ\",\"code\":200}',0,NULL,'2024-09-07 16:54:42',246),(389,'è§’è‰²ç®¡ç†',1,'com.dkd.web.controller.system.SysRoleController.add()','POST',1,'admin','ç ”å‘éƒ¨é—¨','/system/role','127.0.0.1','å†…ç½‘IP','{\"admin\":false,\"createBy\":\"admin\",\"deptCheckStrictly\":true,\"deptIds\":[],\"flag\":false,\"menuCheckStrictly\":true,\"menuIds\":[1,100,1000,1001,1002,1003,1004,1005,1006,101,1007,1008,1009,1010,1011,102,1012,1013,1014,1015,103,1016,1017,1018,1019,104,1020,1021,1022,1023,1024,105,1025,1026,1027,1028,1029,106,1030,1031,1032,1033,1034,107,1035,1036,1037,1038,108,500,1039,1040,1041,501,1042,1043,1044,1045],\"params\":{},\"roleId\":101,\"roleKey\":\"test1\",\"roleName\":\"æœ¬éƒ¨é—¨åŠä»¥ä¸‹æ•°æ®æƒé™è§’è‰²\",\"roleSort\":4,\"status\":\"0\"}','{\"msg\":\"æ“ä½œæˆåŠŸ\",\"code\":200}',0,NULL,'2024-09-07 16:56:28',97),(390,'è§’è‰²ç®¡ç†',1,'com.dkd.web.controller.system.SysRoleController.add()','POST',1,'admin','ç ”å‘éƒ¨é—¨','/system/role','127.0.0.1','å†…ç½‘IP','{\"admin\":false,\"createBy\":\"admin\",\"deptCheckStrictly\":true,\"deptIds\":[],\"flag\":false,\"menuCheckStrictly\":true,\"menuIds\":[1,100,1000,1001,1002,1003,1004,1005,1006,101,1007,1008,1009,1010,1011,102,1012,1013,1014,1015,103,1016,1017,1018,1019,104,1020,1021,1022,1023,1024,105,1025,1026,1027,1028,1029,106,1030,1031,1032,1033,1034,107,1035,1036,1037,1038,108,500,1039,1040,1041,501,1042,1043,1044,1045],\"params\":{},\"roleId\":102,\"roleKey\":\"test2\",\"roleName\":\"æœ¬éƒ¨é—¨æ•°æ®æƒé™è§’è‰²\",\"roleSort\":4,\"status\":\"0\"}','{\"msg\":\"æ“ä½œæˆåŠŸ\",\"code\":200}',0,NULL,'2024-09-07 16:57:00',107),(391,'è§’è‰²ç®¡ç†',1,'com.dkd.web.controller.system.SysRoleController.add()','POST',1,'admin','ç ”å‘éƒ¨é—¨','/system/role','127.0.0.1','å†…ç½‘IP','{\"admin\":false,\"createBy\":\"admin\",\"deptCheckStrictly\":true,\"deptIds\":[],\"flag\":false,\"menuCheckStrictly\":true,\"menuIds\":[1,100,1000,1001,1002,1003,1004,1005,1006,101,1007,1008,1009,1010,1011,102,1012,1013,1014,1015,103,1016,1017,1018,1019,104,1020,1021,1022,1023,1024,105,1025,1026,1027,1028,1029,106,1030,1031,1032,1033,1034,107,1035,1036,1037,1038,108,500,1039,1040,1041,501,1042,1043,1044,1045],\"params\":{},\"roleId\":103,\"roleKey\":\"test3\",\"roleName\":\"ä»…æœ¬äººæ•°æ®æƒé™è§’è‰²\",\"roleSort\":6,\"status\":\"0\"}','{\"msg\":\"æ“ä½œæˆåŠŸ\",\"code\":200}',0,NULL,'2024-09-07 16:57:25',114),(392,'è§’è‰²ç®¡ç†',2,'com.dkd.web.controller.system.SysRoleController.edit()','PUT',1,'admin','ç ”å‘éƒ¨é—¨','/system/role','127.0.0.1','å†…ç½‘IP','{\"admin\":false,\"createTime\":\"2024-09-07 16:57:00\",\"dataScope\":\"1\",\"delFlag\":\"0\",\"deptCheckStrictly\":true,\"flag\":false,\"menuCheckStrictly\":true,\"menuIds\":[1,100,1000,1001,1002,1003,1004,1005,1006,101,1007,1008,1009,1010,1011,102,1012,1013,1014,1015,103,1016,1017,1018,1019,104,1020,1021,1022,1023,1024,105,1025,1026,1027,1028,1029,106,1030,1031,1032,1033,1034,107,1035,1036,1037,1038,108,500,1039,1040,1041,501,1042,1043,1044,1045],\"params\":{},\"roleId\":102,\"roleKey\":\"test2\",\"roleName\":\"æœ¬éƒ¨é—¨æ•°æ®æƒé™è§’è‰²\",\"roleSort\":5,\"status\":\"0\",\"updateBy\":\"admin\"}','{\"msg\":\"æ“ä½œæˆåŠŸ\",\"code\":200}',0,NULL,'2024-09-07 16:57:37',109),(393,'è§’è‰²ç®¡ç†',2,'com.dkd.web.controller.system.SysRoleController.dataScope()','PUT',1,'admin','ç ”å‘éƒ¨é—¨','/system/role/dataScope','127.0.0.1','å†…ç½‘IP','{\"admin\":false,\"createTime\":\"2024-09-07 16:56:28\",\"dataScope\":\"4\",\"delFlag\":\"0\",\"deptCheckStrictly\":true,\"deptIds\":[],\"flag\":false,\"menuCheckStrictly\":true,\"params\":{},\"roleId\":101,\"roleKey\":\"test1\",\"roleName\":\"æœ¬éƒ¨é—¨åŠä»¥ä¸‹æ•°æ®æƒé™è§’è‰²\",\"roleSort\":4,\"status\":\"0\"}','{\"msg\":\"æ“ä½œæˆåŠŸ\",\"code\":200}',0,NULL,'2024-09-07 16:58:16',136),(394,'è§’è‰²ç®¡ç†',2,'com.dkd.web.controller.system.SysRoleController.dataScope()','PUT',1,'admin','ç ”å‘éƒ¨é—¨','/system/role/dataScope','127.0.0.1','å†…ç½‘IP','{\"admin\":false,\"createTime\":\"2024-09-07 16:57:00\",\"dataScope\":\"3\",\"delFlag\":\"0\",\"deptCheckStrictly\":true,\"deptIds\":[],\"flag\":false,\"menuCheckStrictly\":true,\"params\":{},\"roleId\":102,\"roleKey\":\"test2\",\"roleName\":\"æœ¬éƒ¨é—¨æ•°æ®æƒé™è§’è‰²\",\"roleSort\":5,\"status\":\"0\"}','{\"msg\":\"æ“ä½œæˆåŠŸ\",\"code\":200}',0,NULL,'2024-09-07 16:58:20',141),(395,'è§’è‰²ç®¡ç†',2,'com.dkd.web.controller.system.SysRoleController.dataScope()','PUT',1,'admin','ç ”å‘éƒ¨é—¨','/system/role/dataScope','127.0.0.1','å†…ç½‘IP','{\"admin\":false,\"createTime\":\"2024-09-07 16:57:25\",\"dataScope\":\"5\",\"delFlag\":\"0\",\"deptCheckStrictly\":true,\"deptIds\":[],\"flag\":false,\"menuCheckStrictly\":true,\"params\":{},\"roleId\":103,\"roleKey\":\"test3\",\"roleName\":\"ä»…æœ¬äººæ•°æ®æƒé™è§’è‰²\",\"roleSort\":6,\"status\":\"0\"}','{\"msg\":\"æ“ä½œæˆåŠŸ\",\"code\":200}',0,NULL,'2024-09-07 16:58:23',86),(396,'ç”¨æˆ·ç®¡ç†',2,'com.dkd.web.controller.system.SysUserController.edit()','PUT',1,'admin','ç ”å‘éƒ¨é—¨','/system/user','127.0.0.1','å†…ç½‘IP','{\"admin\":false,\"avatar\":\"\",\"createBy\":\"admin\",\"createTime\":\"2024-08-28 23:21:42\",\"delFlag\":\"0\",\"dept\":{\"ancestors\":\"0,100,101\",\"children\":[],\"deptId\":105,\"deptName\":\"æµ‹è¯•éƒ¨é—¨\",\"leader\":\"è‹¥ä¾\",\"orderNum\":3,\"params\":{},\"parentId\":101,\"status\":\"0\"},\"deptId\":100,\"email\":\"ry@qq.com\",\"loginDate\":\"2024-08-28 23:21:42\",\"loginIp\":\"127.0.0.1\",\"nickName\":\"è‹¥ä¾\",\"params\":{},\"phonenumber\":\"15666666666\",\"postIds\":[2],\"remark\":\"æµ‹è¯•å‘˜\",\"roleIds\":[101],\"roles\":[{\"admin\":false,\"dataScope\":\"2\",\"deptCheckStrictly\":false,\"flag\":false,\"menuCheckStrictly\":false,\"params\":{},\"roleId\":2,\"roleKey\":\"common\",\"roleName\":\"æ™®é€šè§’è‰²\",\"roleSort\":2,\"status\":\"0\"}],\"sex\":\"1\",\"status\":\"0\",\"updateBy\":\"admin\",\"userId\":2,\"userName\":\"ry\"}','{\"msg\":\"æ“ä½œæˆåŠŸ\",\"code\":200}',0,NULL,'2024-09-07 16:59:22',109),(397,'ç”¨æˆ·ç®¡ç†',2,'com.dkd.web.controller.system.SysUserController.edit()','PUT',1,'admin','ç ”å‘éƒ¨é—¨','/system/user','127.0.0.1','å†…ç½‘IP','{\"admin\":false,\"avatar\":\"\",\"createBy\":\"admin\",\"createTime\":\"2024-08-28 23:21:42\",\"delFlag\":\"0\",\"dept\":{\"ancestors\":\"0\",\"children\":[],\"deptId\":100,\"deptName\":\"è‹¥ä¾ç§‘æŠ€\",\"leader\":\"è‹¥ä¾\",\"orderNum\":0,\"params\":{},\"parentId\":0,\"status\":\"0\"},\"deptId\":101,\"email\":\"ry@qq.com\",\"loginDate\":\"2024-09-07 17:01:00\",\"loginIp\":\"127.0.0.1\",\"nickName\":\"è‹¥ä¾\",\"params\":{},\"phonenumber\":\"15666666666\",\"postIds\":[2],\"remark\":\"æµ‹è¯•å‘˜\",\"roleIds\":[2],\"roles\":[{\"admin\":false,\"dataScope\":\"4\",\"deptCheckStrictly\":false,\"flag\":false,\"menuCheckStrictly\":false,\"params\":{},\"roleId\":101,\"roleKey\":\"test1\",\"roleName\":\"æœ¬éƒ¨é—¨åŠä»¥ä¸‹æ•°æ®æƒé™è§’è‰²\",\"roleSort\":4,\"status\":\"0\"}],\"sex\":\"1\",\"status\":\"0\",\"updateBy\":\"admin\",\"userId\":2,\"userName\":\"ry\"}','{\"msg\":\"æ“ä½œæˆåŠŸ\",\"code\":200}',0,NULL,'2024-09-07 17:04:05',113),(398,'ç”¨æˆ·ç®¡ç†',2,'com.dkd.web.controller.system.SysUserController.edit()','PUT',1,'admin','ç ”å‘éƒ¨é—¨','/system/user','127.0.0.1','å†…ç½‘IP','{\"admin\":false,\"avatar\":\"\",\"createBy\":\"admin\",\"createTime\":\"2024-08-28 23:21:42\",\"delFlag\":\"0\",\"dept\":{\"ancestors\":\"0,100\",\"children\":[],\"deptId\":101,\"deptName\":\"æ·±åœ³æ€»å…¬å¸\",\"leader\":\"è‹¥ä¾\",\"orderNum\":1,\"params\":{},\"parentId\":100,\"status\":\"0\"},\"deptId\":101,\"email\":\"ry@qq.com\",\"loginDate\":\"2024-09-07 17:04:14\",\"loginIp\":\"127.0.0.1\",\"nickName\":\"è‹¥ä¾\",\"params\":{},\"phonenumber\":\"15666666666\",\"postIds\":[2],\"remark\":\"æµ‹è¯•å‘˜\",\"roleIds\":[102],\"roles\":[{\"admin\":false,\"dataScope\":\"2\",\"deptCheckStrictly\":false,\"flag\":false,\"menuCheckStrictly\":false,\"params\":{},\"roleId\":2,\"roleKey\":\"common\",\"roleName\":\"æ™®é€šè§’è‰²\",\"roleSort\":2,\"status\":\"0\"}],\"sex\":\"1\",\"status\":\"0\",\"updateBy\":\"admin\",\"userId\":2,\"userName\":\"ry\"}','{\"msg\":\"æ“ä½œæˆåŠŸ\",\"code\":200}',0,NULL,'2024-09-07 17:05:29',209),(399,'ç”¨æˆ·ç®¡ç†',2,'com.dkd.web.controller.system.SysUserController.edit()','PUT',1,'admin','ç ”å‘éƒ¨é—¨','/system/user','127.0.0.1','å†…ç½‘IP','{\"admin\":false,\"avatar\":\"\",\"createBy\":\"admin\",\"createTime\":\"2024-09-05 15:16:50\",\"delFlag\":\"0\",\"deptId\":101,\"email\":\"\",\"loginDate\":\"2024-09-05 17:37:43\",\"loginIp\":\"127.0.0.1\",\"nickName\":\"é»‘é©¬å½­äºæ™\",\"params\":{},\"phonenumber\":\"\",\"postIds\":[],\"roleIds\":[100],\"roles\":[{\"admin\":false,\"dataScope\":\"1\",\"deptCheckStrictly\":false,\"flag\":false,\"menuCheckStrictly\":false,\"params\":{},\"roleId\":100,\"roleKey\":\"accountant\",\"roleName\":\"è´¢åŠ¡äººå‘˜\",\"roleSort\":3,\"status\":\"0\"}],\"sex\":\"0\",\"status\":\"0\",\"updateBy\":\"admin\",\"userId\":100,\"userName\":\"hmpyy\"}','{\"msg\":\"æ“ä½œæˆåŠŸ\",\"code\":200}',0,NULL,'2024-09-07 17:06:02',88),(400,'ç”¨æˆ·ç®¡ç†',2,'com.dkd.web.controller.system.SysUserController.edit()','PUT',1,'admin','ç ”å‘éƒ¨é—¨','/system/user','127.0.0.1','å†…ç½‘IP','{\"admin\":false,\"avatar\":\"\",\"createBy\":\"admin\",\"createTime\":\"2024-08-28 23:21:42\",\"delFlag\":\"0\",\"dept\":{\"ancestors\":\"0,100\",\"children\":[],\"deptId\":101,\"deptName\":\"æ·±åœ³æ€»å…¬å¸\",\"leader\":\"è‹¥ä¾\",\"orderNum\":1,\"params\":{},\"parentId\":100,\"status\":\"0\"},\"deptId\":101,\"email\":\"ry@qq.com\",\"loginDate\":\"2024-09-07 17:05:36\",\"loginIp\":\"127.0.0.1\",\"nickName\":\"è‹¥ä¾\",\"params\":{},\"phonenumber\":\"15666666666\",\"postIds\":[2],\"remark\":\"æµ‹è¯•å‘˜\",\"roleIds\":[103],\"roles\":[{\"admin\":false,\"dataScope\":\"3\",\"deptCheckStrictly\":false,\"flag\":false,\"menuCheckStrictly\":false,\"params\":{},\"roleId\":102,\"roleKey\":\"test2\",\"roleName\":\"æœ¬éƒ¨é—¨æ•°æ®æƒé™è§’è‰²\",\"roleSort\":5,\"status\":\"0\"}],\"sex\":\"1\",\"status\":\"0\",\"updateBy\":\"admin\",\"userId\":2,\"userName\":\"ry\"}','{\"msg\":\"æ“ä½œæˆåŠŸ\",\"code\":200}',0,NULL,'2024-09-07 17:08:01',112),(401,'ç”¨æˆ·ç®¡ç†',2,'com.dkd.web.controller.system.SysUserController.edit()','PUT',1,'admin','ç ”å‘éƒ¨é—¨','/system/user','127.0.0.1','å†…ç½‘IP','{\"admin\":false,\"avatar\":\"\",\"createBy\":\"admin\",\"createTime\":\"2024-08-28 23:21:42\",\"delFlag\":\"0\",\"dept\":{\"ancestors\":\"0,100\",\"children\":[],\"deptId\":101,\"deptName\":\"æ·±åœ³æ€»å…¬å¸\",\"leader\":\"è‹¥ä¾\",\"orderNum\":1,\"params\":{},\"parentId\":100,\"status\":\"0\"},\"deptId\":101,\"email\":\"ry@qq.com\",\"loginDate\":\"2024-09-07 20:14:33\",\"loginIp\":\"127.0.0.1\",\"nickName\":\"è‹¥ä¾\",\"params\":{},\"phonenumber\":\"15666666666\",\"postIds\":[2],\"remark\":\"æµ‹è¯•å‘˜\",\"roleIds\":[2],\"roles\":[{\"admin\":false,\"dataScope\":\"5\",\"deptCheckStrictly\":false,\"flag\":false,\"menuCheckStrictly\":false,\"params\":{},\"roleId\":103,\"roleKey\":\"test3\",\"roleName\":\"ä»…æœ¬äººæ•°æ®æƒé™è§’è‰²\",\"roleSort\":6,\"status\":\"0\"}],\"sex\":\"1\",\"status\":\"0\",\"updateBy\":\"admin\",\"userId\":2,\"userName\":\"ry\"}','{\"msg\":\"æ“ä½œæˆåŠŸ\",\"code\":200}',0,NULL,'2024-09-07 20:20:22',115),(402,'ç”¨æˆ·ç®¡ç†',2,'com.dkd.web.controller.system.SysUserController.edit()','PUT',1,'admin','ç ”å‘éƒ¨é—¨','/system/user','127.0.0.1','å†…ç½‘IP','{\"admin\":false,\"avatar\":\"\",\"createBy\":\"admin\",\"createTime\":\"2024-08-28 23:21:42\",\"delFlag\":\"0\",\"dept\":{\"ancestors\":\"0,100\",\"children\":[],\"deptId\":101,\"deptName\":\"æ·±åœ³æ€»å…¬å¸\",\"leader\":\"è‹¥ä¾\",\"orderNum\":1,\"params\":{},\"parentId\":100,\"status\":\"0\"},\"deptId\":101,\"email\":\"ry@qq.com\",\"loginDate\":\"2024-09-07 20:20:29\",\"loginIp\":\"127.0.0.1\",\"nickName\":\"è‹¥ä¾\",\"params\":{},\"phonenumber\":\"15666666666\",\"postIds\":[2],\"remark\":\"æµ‹è¯•å‘˜\",\"roleIds\":[102],\"roles\":[{\"admin\":false,\"dataScope\":\"2\",\"deptCheckStrictly\":false,\"flag\":false,\"menuCheckStrictly\":false,\"params\":{},\"roleId\":2,\"roleKey\":\"common\",\"roleName\":\"æ™®é€šè§’è‰²\",\"roleSort\":2,\"status\":\"0\"}],\"sex\":\"1\",\"status\":\"0\",\"updateBy\":\"admin\",\"userId\":2,\"userName\":\"ry\"}','{\"msg\":\"æ“ä½œæˆåŠŸ\",\"code\":200}',0,NULL,'2024-09-07 20:23:56',113),(403,'ç”¨æˆ·ç®¡ç†',2,'com.dkd.web.controller.system.SysUserController.edit()','PUT',1,'admin','ç ”å‘éƒ¨é—¨','/system/user','127.0.0.1','å†…ç½‘IP','{\"admin\":false,\"avatar\":\"\",\"createBy\":\"admin\",\"createTime\":\"2024-08-28 23:21:42\",\"delFlag\":\"0\",\"dept\":{\"ancestors\":\"0,100\",\"children\":[],\"deptId\":101,\"deptName\":\"æ·±åœ³æ€»å…¬å¸\",\"leader\":\"è‹¥ä¾\",\"orderNum\":1,\"params\":{},\"parentId\":100,\"status\":\"0\"},\"deptId\":101,\"email\":\"ry@qq.com\",\"loginDate\":\"2024-09-07 20:24:37\",\"loginIp\":\"127.0.0.1\",\"nickName\":\"è‹¥ä¾\",\"params\":{},\"phonenumber\":\"15666666666\",\"postIds\":[2],\"remark\":\"æµ‹è¯•å‘˜\",\"roleIds\":[103],\"roles\":[{\"admin\":false,\"dataScope\":\"3\",\"deptCheckStrictly\":false,\"flag\":false,\"menuCheckStrictly\":false,\"params\":{},\"roleId\":102,\"roleKey\":\"test2\",\"roleName\":\"æœ¬éƒ¨é—¨æ•°æ®æƒé™è§’è‰²\",\"roleSort\":5,\"status\":\"0\"}],\"sex\":\"1\",\"status\":\"0\",\"updateBy\":\"admin\",\"userId\":2,\"userName\":\"ry\"}','{\"msg\":\"æ“ä½œæˆåŠŸ\",\"code\":200}',0,NULL,'2024-09-07 20:37:11',139),(404,'è§’è‰²ç®¡ç†',2,'com.dkd.web.controller.system.SysRoleController.edit()','PUT',1,'admin','ç ”å‘éƒ¨é—¨','/system/role','127.0.0.1','å†…ç½‘IP','{\"admin\":false,\"createTime\":\"2024-09-05 15:16:10\",\"dataScope\":\"1\",\"delFlag\":\"0\",\"deptCheckStrictly\":true,\"flag\":false,\"menuCheckStrictly\":true,\"menuIds\":[2000,2013,3,2014,2063,2064,2065,2066,2067,2068,2069,1,100,1000,1001,1002,1003,1004,1005,1006,101,1007,1008,1009,1010,1011,102,1012,1013,1014,1015,103,1016,1017,1018,1019,104,1020,1021,1022,1023,1024,105,1025,1026,1027,1028,1029,106,1030,1031,1032,1033,1034,107,1035,1036,1037,1038,108,500,1039,1040,1041,501,1042,1043,1044,1045,117],\"params\":{},\"roleId\":100,\"roleKey\":\"accountant\",\"roleName\":\"è´¢åŠ¡äººå‘˜\",\"roleSort\":3,\"status\":\"0\",\"updateBy\":\"admin\"}','{\"msg\":\"æ“ä½œæˆåŠŸ\",\"code\":200}',0,NULL,'2024-09-07 21:15:22',91),(405,'è§’è‰²ç®¡ç†',2,'com.dkd.web.controller.system.SysRoleController.dataScope()','PUT',1,'admin','ç ”å‘éƒ¨é—¨','/system/role/dataScope','127.0.0.1','å†…ç½‘IP','{\"admin\":false,\"createTime\":\"2024-09-05 15:16:10\",\"dataScope\":\"4\",\"delFlag\":\"0\",\"deptCheckStrictly\":true,\"deptIds\":[],\"flag\":false,\"menuCheckStrictly\":true,\"params\":{},\"roleId\":100,\"roleKey\":\"accountant\",\"roleName\":\"è´¢åŠ¡äººå‘˜\",\"roleSort\":3,\"status\":\"0\"}','{\"msg\":\"æ“ä½œæˆåŠŸ\",\"code\":200}',0,NULL,'2024-09-07 21:18:25',76),(406,'è§’è‰²ç®¡ç†',2,'com.dkd.web.controller.system.SysRoleController.dataScope()','PUT',1,'admin','ç ”å‘éƒ¨é—¨','/system/role/dataScope','127.0.0.1','å†…ç½‘IP','{\"admin\":false,\"createTime\":\"2024-09-05 15:16:10\",\"dataScope\":\"3\",\"delFlag\":\"0\",\"deptCheckStrictly\":true,\"deptIds\":[],\"flag\":false,\"menuCheckStrictly\":true,\"params\":{},\"roleId\":100,\"roleKey\":\"accountant\",\"roleName\":\"è´¢åŠ¡äººå‘˜\",\"roleSort\":3,\"status\":\"0\"}','{\"msg\":\"æ“ä½œæˆåŠŸ\",\"code\":200}',0,NULL,'2024-09-07 21:18:49',99),(407,'è§’è‰²ç®¡ç†',2,'com.dkd.web.controller.system.SysRoleController.dataScope()','PUT',1,'admin','ç ”å‘éƒ¨é—¨','/system/role/dataScope','127.0.0.1','å†…ç½‘IP','{\"admin\":false,\"createTime\":\"2024-09-05 15:16:10\",\"dataScope\":\"4\",\"delFlag\":\"0\",\"deptCheckStrictly\":true,\"deptIds\":[],\"flag\":false,\"menuCheckStrictly\":true,\"params\":{},\"roleId\":100,\"roleKey\":\"accountant\",\"roleName\":\"è´¢åŠ¡äººå‘˜\",\"roleSort\":3,\"status\":\"0\"}','{\"msg\":\"æ“ä½œæˆåŠŸ\",\"code\":200}',0,NULL,'2024-09-07 21:22:56',146);
/*!40000 ALTER TABLE `sys_oper_log` ENABLE KEYS */;
UNLOCK TABLES;

--
-- Table structure for table `sys_post`
--

DROP TABLE IF EXISTS `sys_post`;
/*!40101 SET @saved_cs_client     = @@character_set_client */;
/*!50503 SET character_set_client = utf8mb4 */;
CREATE TABLE `sys_post` (
  `post_id` bigint NOT NULL AUTO_INCREMENT COMMENT 'å²—ä½ID',
  `post_code` varchar(64) NOT NULL COMMENT 'å²—ä½ç¼–ç ',
  `post_name` varchar(50) NOT NULL COMMENT 'å²—ä½åç§°',
  `post_sort` int NOT NULL COMMENT 'æ˜¾ç¤ºé¡ºåº',
  `status` char(1) NOT NULL COMMENT 'çŠ¶æ€ï¼ˆ0æ­£å¸¸ 1åœç”¨ï¼‰',
  `create_by` varchar(64) DEFAULT '' COMMENT 'åˆ›å»ºè€…',
  `create_time` datetime DEFAULT NULL COMMENT 'åˆ›å»ºæ—¶é—´',
  `update_by` varchar(64) DEFAULT '' COMMENT 'æ›´æ–°è€…',
  `update_time` datetime DEFAULT NULL COMMENT 'æ›´æ–°æ—¶é—´',
  `remark` varchar(500) DEFAULT NULL COMMENT 'å¤‡æ³¨',
  PRIMARY KEY (`post_id`)
) ENGINE=InnoDB AUTO_INCREMENT=5 DEFAULT CHARSET=utf8mb4 COLLATE=utf8mb4_0900_ai_ci COMMENT='å²—ä½ä¿¡æ¯è¡¨';
/*!40101 SET character_set_client = @saved_cs_client */;

--
-- Dumping data for table `sys_post`
--

LOCK TABLES `sys_post` WRITE;
/*!40000 ALTER TABLE `sys_post` DISABLE KEYS */;
INSERT INTO `sys_post` VALUES (1,'ceo','è‘£äº‹é•¿',1,'0','admin','2024-08-28 23:21:42','',NULL,''),(2,'se','é¡¹ç›®ç»ç†',2,'0','admin','2024-08-28 23:21:42','',NULL,''),(3,'hr','äººåŠ›èµ„æº',3,'0','admin','2024-08-28 23:21:42','',NULL,''),(4,'user','æ™®é€šå‘˜å·¥',4,'0','admin','2024-08-28 23:21:42','',NULL,'');
/*!40000 ALTER TABLE `sys_post` ENABLE KEYS */;
UNLOCK TABLES;

--
-- Table structure for table `sys_role`
--

DROP TABLE IF EXISTS `sys_role`;
/*!40101 SET @saved_cs_client     = @@character_set_client */;
/*!50503 SET character_set_client = utf8mb4 */;
CREATE TABLE `sys_role` (
  `role_id` bigint NOT NULL AUTO_INCREMENT COMMENT 'è§’è‰²ID',
  `role_name` varchar(30) NOT NULL COMMENT 'è§’è‰²åç§°',
  `role_key` varchar(100) NOT NULL COMMENT 'è§’è‰²æƒé™å­—ç¬¦ä¸²',
  `role_sort` int NOT NULL COMMENT 'æ˜¾ç¤ºé¡ºåº',
  `data_scope` char(1) DEFAULT '1' COMMENT 'æ•°æ®èŒƒå›´ï¼ˆ1ï¼šå…¨éƒ¨æ•°æ®æƒé™ 2ï¼šè‡ªå®šæ•°æ®æƒé™ 3ï¼šæœ¬éƒ¨é—¨æ•°æ®æƒé™ 4ï¼šæœ¬éƒ¨é—¨åŠä»¥ä¸‹æ•°æ®æƒé™ï¼‰',
  `menu_check_strictly` tinyint(1) DEFAULT '1' COMMENT 'èœå•æ ‘é€‰æ‹©é¡¹æ˜¯å¦å…³è”æ˜¾ç¤º',
  `dept_check_strictly` tinyint(1) DEFAULT '1' COMMENT 'éƒ¨é—¨æ ‘é€‰æ‹©é¡¹æ˜¯å¦å…³è”æ˜¾ç¤º',
  `status` char(1) NOT NULL COMMENT 'è§’è‰²çŠ¶æ€ï¼ˆ0æ­£å¸¸ 1åœç”¨ï¼‰',
  `del_flag` char(1) DEFAULT '0' COMMENT 'åˆ é™¤æ ‡å¿—ï¼ˆ0ä»£è¡¨å­˜åœ¨ 2ä»£è¡¨åˆ é™¤ï¼‰',
  `create_by` varchar(64) DEFAULT '' COMMENT 'åˆ›å»ºè€…',
  `create_time` datetime DEFAULT NULL COMMENT 'åˆ›å»ºæ—¶é—´',
  `update_by` varchar(64) DEFAULT '' COMMENT 'æ›´æ–°è€…',
  `update_time` datetime DEFAULT NULL COMMENT 'æ›´æ–°æ—¶é—´',
  `remark` varchar(500) DEFAULT NULL COMMENT 'å¤‡æ³¨',
  PRIMARY KEY (`role_id`)
) ENGINE=InnoDB AUTO_INCREMENT=104 DEFAULT CHARSET=utf8mb4 COLLATE=utf8mb4_0900_ai_ci COMMENT='è§’è‰²ä¿¡æ¯è¡¨';
/*!40101 SET character_set_client = @saved_cs_client */;

--
-- Dumping data for table `sys_role`
--

LOCK TABLES `sys_role` WRITE;
/*!40000 ALTER TABLE `sys_role` DISABLE KEYS */;
INSERT INTO `sys_role` VALUES (1,'è¶…çº§ç®¡ç†å‘˜','admin',1,'1',1,1,'0','0','admin','2024-08-28 23:21:43','',NULL,'è¶…çº§ç®¡ç†å‘˜'),(2,'æ™®é€šè§’è‰²','common',2,'2',1,1,'0','0','admin','2024-08-28 23:21:43','','2024-09-07 16:54:42','æ™®é€šè§’è‰²'),(100,'è´¢åŠ¡äººå‘˜','accountant',3,'4',1,1,'0','0','admin','2024-09-05 15:16:10','admin','2024-09-07 21:22:56',NULL),(101,'æœ¬éƒ¨é—¨åŠä»¥ä¸‹æ•°æ®æƒé™è§’è‰²','test1',4,'4',1,1,'0','0','admin','2024-09-07 16:56:28','','2024-09-07 16:58:16',NULL),(102,'æœ¬éƒ¨é—¨æ•°æ®æƒé™è§’è‰²','test2',5,'3',1,1,'0','0','admin','2024-09-07 16:57:00','admin','2024-09-07 16:58:19',NULL),(103,'ä»…æœ¬äººæ•°æ®æƒé™è§’è‰²','test3',6,'5',1,1,'0','0','admin','2024-09-07 16:57:25','','2024-09-07 16:58:23',NULL);
/*!40000 ALTER TABLE `sys_role` ENABLE KEYS */;
UNLOCK TABLES;

--
-- Table structure for table `sys_role_dept`
--

DROP TABLE IF EXISTS `sys_role_dept`;
/*!40101 SET @saved_cs_client     = @@character_set_client */;
/*!50503 SET character_set_client = utf8mb4 */;
CREATE TABLE `sys_role_dept` (
  `role_id` bigint NOT NULL COMMENT 'è§’è‰²ID',
  `dept_id` bigint NOT NULL COMMENT 'éƒ¨é—¨ID',
  PRIMARY KEY (`role_id`,`dept_id`)
) ENGINE=InnoDB DEFAULT CHARSET=utf8mb4 COLLATE=utf8mb4_0900_ai_ci COMMENT='è§’è‰²å’Œéƒ¨é—¨å…³è”è¡¨';
/*!40101 SET character_set_client = @saved_cs_client */;

--
-- Dumping data for table `sys_role_dept`
--

LOCK TABLES `sys_role_dept` WRITE;
/*!40000 ALTER TABLE `sys_role_dept` DISABLE KEYS */;
INSERT INTO `sys_role_dept` VALUES (2,100),(2,101),(2,102),(2,103),(2,105),(2,109);
/*!40000 ALTER TABLE `sys_role_dept` ENABLE KEYS */;
UNLOCK TABLES;

--
-- Table structure for table `sys_role_menu`
--

DROP TABLE IF EXISTS `sys_role_menu`;
/*!40101 SET @saved_cs_client     = @@character_set_client */;
/*!50503 SET character_set_client = utf8mb4 */;
CREATE TABLE `sys_role_menu` (
  `role_id` bigint NOT NULL COMMENT 'è§’è‰²ID',
  `menu_id` bigint NOT NULL COMMENT 'èœå•ID',
  PRIMARY KEY (`role_id`,`menu_id`)
) ENGINE=InnoDB DEFAULT CHARSET=utf8mb4 COLLATE=utf8mb4_0900_ai_ci COMMENT='è§’è‰²å’Œèœå•å…³è”è¡¨';
/*!40101 SET character_set_client = @saved_cs_client */;

--
-- Dumping data for table `sys_role_menu`
--

LOCK TABLES `sys_role_menu` WRITE;
/*!40000 ALTER TABLE `sys_role_menu` DISABLE KEYS */;
INSERT INTO `sys_role_menu` VALUES (2,1),(2,2),(2,3),(2,4),(2,100),(2,101),(2,102),(2,103),(2,104),(2,105),(2,106),(2,107),(2,108),(2,109),(2,110),(2,111),(2,112),(2,113),(2,114),(2,115),(2,116),(2,117),(2,500),(2,501),(2,1000),(2,1001),(2,1002),(2,1003),(2,1004),(2,1005),(2,1006),(2,1007),(2,1008),(2,1009),(2,1010),(2,1011),(2,1012),(2,1013),(2,1014),(2,1015),(2,1016),(2,1017),(2,1018),(2,1019),(2,1020),(2,1021),(2,1022),(2,1023),(2,1024),(2,1025),(2,1026),(2,1027),(2,1028),(2,1029),(2,1030),(2,1031),(2,1032),(2,1033),(2,1034),(2,1035),(2,1036),(2,1037),(2,1038),(2,1039),(2,1040),(2,1041),(2,1042),(2,1043),(2,1044),(2,1045),(2,1046),(2,1047),(2,1048),(2,1049),(2,1050),(2,1051),(2,1052),(2,1053),(2,1054),(2,1055),(2,1056),(2,1057),(2,1058),(2,1059),(2,1060),(100,1),(100,3),(100,100),(100,101),(100,102),(100,103),(100,104),(100,105),(100,106),(100,107),(100,108),(100,117),(100,500),(100,501),(100,1000),(100,1001),(100,1002),(100,1003),(100,1004),(100,1005),(100,1006),(100,1007),(100,1008),(100,1009),(100,1010),(100,1011),(100,1012),(100,1013),(100,1014),(100,1015),(100,1016),(100,1017),(100,1018),(100,1019),(100,1020),(100,1021),(100,1022),(100,1023),(100,1024),(100,1025),(100,1026),(100,1027),(100,1028),(100,1029),(100,1030),(100,1031),(100,1032),(100,1033),(100,1034),(100,1035),(100,1036),(100,1037),(100,1038),(100,1039),(100,1040),(100,1041),(100,1042),(100,1043),(100,1044),(100,1045),(100,2000),(100,2013),(100,2014),(100,2063),(100,2064),(100,2065),(100,2066),(100,2067),(100,2068),(100,2069),(101,1),(101,100),(101,101),(101,102),(101,103),(101,104),(101,105),(101,106),(101,107),(101,108),(101,500),(101,501),(101,1000),(101,1001),(101,1002),(101,1003),(101,1004),(101,1005),(101,1006),(101,1007),(101,1008),(101,1009),(101,1010),(101,1011),(101,1012),(101,1013),(101,1014),(101,1015),(101,1016),(101,1017),(101,1018),(101,1019),(101,1020),(101,1021),(101,1022),(101,1023),(101,1024),(101,1025),(101,1026),(101,1027),(101,1028),(101,1029),(101,1030),(101,1031),(101,1032),(101,1033),(101,1034),(101,1035),(101,1036),(101,1037),(101,1038),(101,1039),(101,1040),(101,1041),(101,1042),(101,1043),(101,1044),(101,1045),(102,1),(102,100),(102,101),(102,102),(102,103),(102,104),(102,105),(102,106),(102,107),(102,108),(102,500),(102,501),(102,1000),(102,1001),(102,1002),(102,1003),(102,1004),(102,1005),(102,1006),(102,1007),(102,1008),(102,1009),(102,1010),(102,1011),(102,1012),(102,1013),(102,1014),(102,1015),(102,1016),(102,1017),(102,1018),(102,1019),(102,1020),(102,1021),(102,1022),(102,1023),(102,1024),(102,1025),(102,1026),(102,1027),(102,1028),(102,1029),(102,1030),(102,1031),(102,1032),(102,1033),(102,1034),(102,1035),(102,1036),(102,1037),(102,1038),(102,1039),(102,1040),(102,1041),(102,1042),(102,1043),(102,1044),(102,1045),(103,1),(103,100),(103,101),(103,102),(103,103),(103,104),(103,105),(103,106),(103,107),(103,108),(103,500),(103,501),(103,1000),(103,1001),(103,1002),(103,1003),(103,1004),(103,1005),(103,1006),(103,1007),(103,1008),(103,1009),(103,1010),(103,1011),(103,1012),(103,1013),(103,1014),(103,1015),(103,1016),(103,1017),(103,1018),(103,1019),(103,1020),(103,1021),(103,1022),(103,1023),(103,1024),(103,1025),(103,1026),(103,1027),(103,1028),(103,1029),(103,1030),(103,1031),(103,1032),(103,1033),(103,1034),(103,1035),(103,1036),(103,1037),(103,1038),(103,1039),(103,1040),(103,1041),(103,1042),(103,1043),(103,1044),(103,1045);
/*!40000 ALTER TABLE `sys_role_menu` ENABLE KEYS */;
UNLOCK TABLES;

--
-- Table structure for table `sys_user`
--

DROP TABLE IF EXISTS `sys_user`;
/*!40101 SET @saved_cs_client     = @@character_set_client */;
/*!50503 SET character_set_client = utf8mb4 */;
CREATE TABLE `sys_user` (
  `user_id` bigint NOT NULL AUTO_INCREMENT COMMENT 'ç”¨æˆ·ID',
  `dept_id` bigint DEFAULT NULL COMMENT 'éƒ¨é—¨ID',
  `user_name` varchar(30) NOT NULL COMMENT 'ç”¨æˆ·è´¦å·',
  `nick_name` varchar(30) NOT NULL COMMENT 'ç”¨æˆ·æ˜µç§°',
  `user_type` varchar(2) DEFAULT '00' COMMENT 'ç”¨æˆ·ç±»å‹ï¼ˆ00ç³»ç»Ÿç”¨æˆ·ï¼‰',
  `email` varchar(50) DEFAULT '' COMMENT 'ç”¨æˆ·é‚®ç®±',
  `phonenumber` varchar(11) DEFAULT '' COMMENT 'æ‰‹æœºå·ç ',
  `sex` char(1) DEFAULT '0' COMMENT 'ç”¨æˆ·æ€§åˆ«ï¼ˆ0ç”· 1å¥³ 2æœªçŸ¥ï¼‰',
  `avatar` varchar(100) DEFAULT '' COMMENT 'å¤´åƒåœ°å€',
  `password` varchar(100) DEFAULT '' COMMENT 'å¯†ç ',
  `status` char(1) DEFAULT '0' COMMENT 'å¸å·çŠ¶æ€ï¼ˆ0æ­£å¸¸ 1åœç”¨ï¼‰',
  `del_flag` char(1) DEFAULT '0' COMMENT 'åˆ é™¤æ ‡å¿—ï¼ˆ0ä»£è¡¨å­˜åœ¨ 2ä»£è¡¨åˆ é™¤ï¼‰',
  `login_ip` varchar(128) DEFAULT '' COMMENT 'æœ€åç™»å½•IP',
  `login_date` datetime DEFAULT NULL COMMENT 'æœ€åç™»å½•æ—¶é—´',
  `create_by` varchar(64) DEFAULT '' COMMENT 'åˆ›å»ºè€…',
  `create_time` datetime DEFAULT NULL COMMENT 'åˆ›å»ºæ—¶é—´',
  `update_by` varchar(64) DEFAULT '' COMMENT 'æ›´æ–°è€…',
  `update_time` datetime DEFAULT NULL COMMENT 'æ›´æ–°æ—¶é—´',
  `remark` varchar(500) DEFAULT NULL COMMENT 'å¤‡æ³¨',
  PRIMARY KEY (`user_id`)
) ENGINE=InnoDB AUTO_INCREMENT=101 DEFAULT CHARSET=utf8mb4 COLLATE=utf8mb4_0900_ai_ci COMMENT='ç”¨æˆ·ä¿¡æ¯è¡¨';
/*!40101 SET character_set_client = @saved_cs_client */;

--
-- Dumping data for table `sys_user`
--

LOCK TABLES `sys_user` WRITE;
/*!40000 ALTER TABLE `sys_user` DISABLE KEYS */;
INSERT INTO `sys_user` VALUES (1,103,'admin','è‹¥ä¾','00','ry@163.com','15888888888','1','','$2a$10$7JB720yubVSZvUI0rEqK/.VqGOZTH.ulu33dHOiBE8ByOhJIrdAu2','0','0','127.0.0.1','2024-09-07 21:16:59','admin','2024-08-28 23:21:42','','2024-09-07 21:16:58','ç®¡ç†å‘˜'),(2,101,'ry','è‹¥ä¾','00','ry@qq.com','15666666666','1','','$2a$10$7JB720yubVSZvUI0rEqK/.VqGOZTH.ulu33dHOiBE8ByOhJIrdAu2','0','0','127.0.0.1','2024-09-07 21:16:25','admin','2024-08-28 23:21:42','admin','2024-09-07 21:16:25','æµ‹è¯•å‘˜'),(100,101,'hmpyy','é»‘é©¬å½­äºæ™','00','','','0','','$2a$10$lu35aq7JZ4NMjRwO7WPgU.kHy9IDKoLY/J.aMN1P8S3oukZ5qmRFy','0','0','127.0.0.1','2024-09-07 21:23:19','admin','2024-09-05 15:16:50','admin','2024-09-07 21:23:18',NULL);
/*!40000 ALTER TABLE `sys_user` ENABLE KEYS */;
UNLOCK TABLES;

--
-- Table structure for table `sys_user_post`
--

DROP TABLE IF EXISTS `sys_user_post`;
/*!40101 SET @saved_cs_client     = @@character_set_client */;
/*!50503 SET character_set_client = utf8mb4 */;
CREATE TABLE `sys_user_post` (
  `user_id` bigint NOT NULL COMMENT 'ç”¨æˆ·ID',
  `post_id` bigint NOT NULL COMMENT 'å²—ä½ID',
  PRIMARY KEY (`user_id`,`post_id`)
) ENGINE=InnoDB DEFAULT CHARSET=utf8mb4 COLLATE=utf8mb4_0900_ai_ci COMMENT='ç”¨æˆ·ä¸å²—ä½å…³è”è¡¨';
/*!40101 SET character_set_client = @saved_cs_client */;

--
-- Dumping data for table `sys_user_post`
--

LOCK TABLES `sys_user_post` WRITE;
/*!40000 ALTER TABLE `sys_user_post` DISABLE KEYS */;
INSERT INTO `sys_user_post` VALUES (1,1),(2,2);
/*!40000 ALTER TABLE `sys_user_post` ENABLE KEYS */;
UNLOCK TABLES;

--
-- Table structure for table `sys_user_role`
--

DROP TABLE IF EXISTS `sys_user_role`;
/*!40101 SET @saved_cs_client     = @@character_set_client */;
/*!50503 SET character_set_client = utf8mb4 */;
CREATE TABLE `sys_user_role` (
  `user_id` bigint NOT NULL COMMENT 'ç”¨æˆ·ID',
  `role_id` bigint NOT NULL COMMENT 'è§’è‰²ID',
  PRIMARY KEY (`user_id`,`role_id`)
) ENGINE=InnoDB DEFAULT CHARSET=utf8mb4 COLLATE=utf8mb4_0900_ai_ci COMMENT='ç”¨æˆ·å’Œè§’è‰²å…³è”è¡¨';
/*!40101 SET character_set_client = @saved_cs_client */;

--
-- Dumping data for table `sys_user_role`
--

LOCK TABLES `sys_user_role` WRITE;
/*!40000 ALTER TABLE `sys_user_role` DISABLE KEYS */;
INSERT INTO `sys_user_role` VALUES (1,1),(2,103),(100,100);
/*!40000 ALTER TABLE `sys_user_role` ENABLE KEYS */;
UNLOCK TABLES;

--
-- Table structure for table `tb_channel`
--

DROP TABLE IF EXISTS `tb_channel`;
/*!40101 SET @saved_cs_client     = @@character_set_client */;
/*!50503 SET character_set_client = utf8mb4 */;
CREATE TABLE `tb_channel` (
  `id` bigint NOT NULL AUTO_INCREMENT COMMENT 'ä¸»é”®',
  `channel_code` varchar(10) NOT NULL COMMENT 'è´§é“ç¼–å·',
  `sku_id` bigint DEFAULT '0' COMMENT 'å•†å“Id',
  `vm_id` bigint NOT NULL COMMENT 'å”®è´§æœºId',
  `inner_code` varchar(15) NOT NULL COMMENT 'å”®è´§æœºè½¯ç¼–å·',
  `max_capacity` int NOT NULL DEFAULT '0' COMMENT 'è´§é“æœ€å¤§å®¹é‡',
  `current_capacity` int DEFAULT '0' COMMENT 'è´§é“å½“å‰å®¹é‡',
  `last_supply_time` datetime DEFAULT NULL COMMENT 'ä¸Šæ¬¡è¡¥è´§æ—¶é—´',
  `create_time` datetime DEFAULT NULL COMMENT 'åˆ›å»ºæ—¶é—´',
  `update_time` datetime DEFAULT NULL COMMENT 'ä¿®æ”¹æ—¶é—´',
  PRIMARY KEY (`id`),
  KEY `channel_vendingmachine_Id_fk` (`vm_id`),
  KEY `tb_channel_inner_code_index` (`inner_code`),
  CONSTRAINT `tb_channel_ibfk_1` FOREIGN KEY (`vm_id`) REFERENCES `tb_vending_machine` (`id`)
) ENGINE=InnoDB AUTO_INCREMENT=5299 DEFAULT CHARSET=utf8mb4 COLLATE=utf8mb4_0900_ai_ci COMMENT='å”®è´§æœºè´§é“è¡¨';
/*!40101 SET character_set_client = @saved_cs_client */;

--
-- Dumping data for table `tb_channel`
--

LOCK TABLES `tb_channel` WRITE;
/*!40000 ALTER TABLE `tb_channel` DISABLE KEYS */;
INSERT INTO `tb_channel` VALUES (4703,'1-1',9,80,'A1000001',10,8,'2023-03-22 17:16:46','2022-05-11 12:12:40','2024-05-19 16:05:35'),(4704,'1-2',2,80,'A1000001',10,2,'2023-03-22 17:16:46','2022-05-11 12:12:40','2024-05-19 16:05:35'),(4705,'1-3',2,80,'A1000001',10,6,'2023-03-22 17:16:46','2022-05-11 12:12:40','2024-05-19 16:05:35'),(4706,'1-4',4,80,'A1000001',10,10,NULL,'2022-05-11 12:12:40','2024-05-19 16:05:35'),(4707,'1-5',3,80,'A1000001',10,9,'2023-03-22 17:16:46','2022-05-11 12:12:40','2024-05-19 16:05:35'),(4708,'1-6',4,80,'A1000001',10,4,NULL,'2022-05-11 12:12:40','2024-05-19 16:05:35'),(4709,'2-1',1,80,'A1000001',10,10,NULL,'2022-05-11 12:12:40','2024-05-19 16:05:35'),(4710,'2-2',6,80,'A1000001',10,10,NULL,'2022-05-11 12:12:40','2024-05-19 16:05:35'),(4711,'2-3',8,80,'A1000001',10,0,NULL,'2022-05-11 12:12:40','2024-05-19 16:05:35'),(4712,'2-4',9,80,'A1000001',10,9,NULL,'2022-05-11 12:12:40','2024-05-19 16:05:35'),(4713,'2-5',2,80,'A1000001',10,6,NULL,'2022-05-11 12:12:40','2024-05-19 16:05:35'),(4714,'2-6',4,80,'A1000001',10,10,NULL,'2022-05-11 12:12:40','2024-05-19 16:05:35'),(4715,'3-1',7,80,'A1000001',10,5,'2023-03-22 17:16:46','2022-05-11 12:12:40','2024-05-19 16:05:35'),(4716,'3-2',6,80,'A1000001',10,10,NULL,'2022-05-11 12:12:40','2024-05-19 16:05:35'),(4717,'3-3',3,80,'A1000001',10,10,NULL,'2022-05-11 12:12:40','2024-05-19 16:05:35'),(4718,'3-4',2,80,'A1000001',10,10,NULL,'2022-05-11 12:12:40','2024-05-19 16:05:35'),(4719,'3-5',2,80,'A1000001',10,10,NULL,'2022-05-11 12:12:40','2024-05-19 16:05:35'),(4720,'3-6',1,80,'A1000001',10,10,'2023-03-22 17:16:46','2022-05-11 12:12:40','2024-05-19 16:05:35'),(4721,'4-1',2,80,'A1000001',10,1,NULL,'2022-05-11 12:12:40','2024-05-19 16:05:35'),(4722,'4-2',4,80,'A1000001',10,10,NULL,'2022-05-11 12:12:40','2024-05-19 16:05:35'),(4723,'4-3',5,80,'A1000001',10,6,NULL,'2022-05-11 12:12:40','2024-05-19 16:05:35'),(4724,'4-4',6,80,'A1000001',10,10,NULL,'2022-05-11 12:12:40','2024-05-19 16:05:35'),(4725,'4-5',6,80,'A1000001',10,10,NULL,'2022-05-11 12:12:40','2024-05-19 16:05:35'),(4726,'4-6',6,80,'A1000001',10,10,NULL,'2022-05-11 12:12:40','2024-05-19 16:05:35'),(4727,'5-1',6,80,'A1000001',10,10,NULL,'2022-05-11 12:12:40','2024-05-19 16:05:35'),(4728,'5-2',6,80,'A1000001',10,10,NULL,'2022-05-11 12:12:40','2024-05-19 16:05:35'),(4729,'5-3',6,80,'A1000001',10,10,NULL,'2022-05-11 12:12:40','2024-05-19 16:05:35'),(4730,'5-4',6,80,'A1000001',10,10,NULL,'2022-05-11 12:12:40','2024-05-19 16:05:35'),(4731,'5-5',9,80,'A1000001',10,10,NULL,'2022-05-11 12:12:40','2024-05-19 16:05:35'),(4732,'5-6',6,80,'A1000001',10,10,NULL,'2022-05-11 12:12:40','2024-05-19 16:05:35'),(4883,'1-1',5,86,'aim5xu4I',10,10,NULL,'2022-12-05 17:01:38','2024-09-01 22:34:05'),(4884,'1-2',1,86,'aim5xu4I',10,10,NULL,'2022-12-05 17:01:38','2024-09-01 22:34:05'),(4885,'2-1',0,86,'aim5xu4I',10,10,NULL,'2022-12-05 17:01:38','2024-09-01 22:34:05'),(4886,'2-2',0,86,'aim5xu4I',10,10,NULL,'2022-12-05 17:01:38','2024-09-01 22:34:05'),(4887,'1-1',5,87,'5cy5BdUs',10,10,'2022-12-05 21:45:36','2022-12-05 21:35:56','2024-09-01 22:34:26'),(4888,'1-2',1,87,'5cy5BdUs',10,10,'2022-12-05 21:45:36','2022-12-05 21:35:56','2024-09-01 22:34:26'),(4889,'2-1',2,87,'5cy5BdUs',10,10,NULL,'2022-12-05 21:35:56','2024-09-01 22:34:26'),(4890,'2-2',4,87,'5cy5BdUs',10,10,NULL,'2022-12-05 21:35:56','2024-09-01 22:34:26'),(4891,'1-1',2,88,'tCeiyxLx',10,10,NULL,'2022-12-05 22:39:26','2024-05-16 22:02:27'),(4892,'1-2',0,88,'tCeiyxLx',10,10,NULL,'2022-12-05 22:39:26','2024-05-16 22:02:27'),(4893,'1-3',0,88,'tCeiyxLx',10,10,NULL,'2022-12-05 22:39:26','2024-05-16 22:02:27'),(4894,'1-4',0,88,'tCeiyxLx',10,10,NULL,'2022-12-05 22:39:26','2024-05-16 22:02:27'),(4895,'1-5',0,88,'tCeiyxLx',10,10,NULL,'2022-12-05 22:39:26','2024-05-16 22:02:27'),(4896,'1-6',0,88,'tCeiyxLx',10,10,NULL,'2022-12-05 22:39:26','2024-05-16 22:02:27'),(4897,'2-1',0,88,'tCeiyxLx',10,10,NULL,'2022-12-05 22:39:26','2024-05-16 22:02:27'),(4898,'2-2',0,88,'tCeiyxLx',10,10,NULL,'2022-12-05 22:39:26','2024-05-16 22:02:27'),(4899,'2-3',0,88,'tCeiyxLx',10,10,NULL,'2022-12-05 22:39:26','2024-05-16 22:02:27'),(4900,'2-4',0,88,'tCeiyxLx',10,10,NULL,'2022-12-05 22:39:26','2024-05-16 22:02:27'),(4901,'2-5',0,88,'tCeiyxLx',10,10,NULL,'2022-12-05 22:39:26','2024-05-16 22:02:27'),(4902,'2-6',0,88,'tCeiyxLx',10,10,NULL,'2022-12-05 22:39:26','2024-05-16 22:02:27'),(4903,'3-1',0,88,'tCeiyxLx',10,10,NULL,'2022-12-05 22:39:26','2024-05-16 22:02:27'),(4904,'3-2',0,88,'tCeiyxLx',10,10,NULL,'2022-12-05 22:39:26','2024-05-16 22:02:27'),(4905,'3-3',0,88,'tCeiyxLx',10,10,NULL,'2022-12-05 22:39:26','2024-05-16 22:02:27'),(4906,'3-4',0,88,'tCeiyxLx',10,10,NULL,'2022-12-05 22:39:26','2024-05-16 22:02:27'),(4907,'3-5',0,88,'tCeiyxLx',10,10,NULL,'2022-12-05 22:39:26','2024-05-16 22:02:27'),(4908,'3-6',0,88,'tCeiyxLx',10,10,NULL,'2022-12-05 22:39:26','2024-05-16 22:02:27'),(4909,'4-1',0,88,'tCeiyxLx',10,10,NULL,'2022-12-05 22:39:26','2024-05-16 22:02:27'),(4910,'4-2',0,88,'tCeiyxLx',10,10,NULL,'2022-12-05 22:39:26','2024-05-16 22:02:27'),(4911,'4-3',0,88,'tCeiyxLx',10,10,NULL,'2022-12-05 22:39:26','2024-05-16 22:02:27'),(4912,'4-4',0,88,'tCeiyxLx',10,10,NULL,'2022-12-05 22:39:26','2024-05-16 22:02:27'),(4913,'4-5',0,88,'tCeiyxLx',10,10,NULL,'2022-12-05 22:39:26','2024-05-16 22:02:27'),(4914,'4-6',0,88,'tCeiyxLx',10,10,NULL,'2022-12-05 22:39:26','2024-05-16 22:02:27'),(4915,'5-1',0,88,'tCeiyxLx',10,10,NULL,'2022-12-05 22:39:26','2024-05-16 22:02:27'),(4916,'5-2',0,88,'tCeiyxLx',10,10,NULL,'2022-12-05 22:39:26','2024-05-16 22:02:27'),(4917,'5-3',0,88,'tCeiyxLx',10,10,NULL,'2022-12-05 22:39:26','2024-05-16 22:02:27'),(4918,'5-4',0,88,'tCeiyxLx',10,10,NULL,'2022-12-05 22:39:26','2024-05-16 22:02:27'),(4919,'5-5',0,88,'tCeiyxLx',10,10,NULL,'2022-12-05 22:39:26','2024-05-16 22:02:27'),(4920,'5-6',0,88,'tCeiyxLx',10,10,NULL,'2022-12-05 22:39:26','2024-05-16 22:02:27'),(4921,'1-1',2,89,'bR1cfQRa',10,10,NULL,'2022-12-06 10:06:11','2023-09-22 15:43:44'),(4922,'1-2',0,89,'bR1cfQRa',10,10,NULL,'2022-12-06 10:06:11','2022-12-06 10:06:11'),(4923,'2-1',0,89,'bR1cfQRa',10,10,NULL,'2022-12-06 10:06:11','2022-12-06 10:06:11'),(4924,'2-2',0,89,'bR1cfQRa',10,10,NULL,'2022-12-06 10:06:11','2022-12-06 10:06:11'),(4925,'1-1',2,90,'RhLWjaeR',10,10,NULL,'2022-12-06 10:17:32','2024-05-15 16:31:18'),(4926,'1-2',0,90,'RhLWjaeR',10,10,NULL,'2022-12-06 10:17:32','2024-05-15 16:31:18'),(4927,'1-3',0,90,'RhLWjaeR',10,10,NULL,'2022-12-06 10:17:32','2024-05-15 16:31:18'),(4928,'1-4',0,90,'RhLWjaeR',10,10,NULL,'2022-12-06 10:17:32','2024-05-15 16:31:18'),(4929,'1-5',0,90,'RhLWjaeR',10,10,NULL,'2022-12-06 10:17:32','2024-05-15 16:31:18'),(4930,'1-6',0,90,'RhLWjaeR',10,10,NULL,'2022-12-06 10:17:32','2024-05-15 16:31:18'),(4931,'2-1',0,90,'RhLWjaeR',10,10,NULL,'2022-12-06 10:17:32','2024-05-15 16:31:18'),(4932,'2-2',0,90,'RhLWjaeR',10,10,NULL,'2022-12-06 10:17:32','2024-05-15 16:31:18'),(4933,'2-3',0,90,'RhLWjaeR',10,10,NULL,'2022-12-06 10:17:32','2024-05-15 16:31:18'),(4934,'2-4',0,90,'RhLWjaeR',10,10,NULL,'2022-12-06 10:17:32','2024-05-15 16:31:18'),(4935,'2-5',0,90,'RhLWjaeR',10,10,NULL,'2022-12-06 10:17:32','2024-05-15 16:31:18'),(4936,'2-6',0,90,'RhLWjaeR',10,10,NULL,'2022-12-06 10:17:32','2024-05-15 16:31:18'),(4937,'3-1',0,90,'RhLWjaeR',10,10,NULL,'2022-12-06 10:17:32','2024-05-15 16:31:18'),(4938,'3-2',0,90,'RhLWjaeR',10,10,NULL,'2022-12-06 10:17:32','2024-05-15 16:31:18'),(4939,'3-3',0,90,'RhLWjaeR',10,10,NULL,'2022-12-06 10:17:32','2024-05-15 16:31:18'),(4940,'3-4',0,90,'RhLWjaeR',10,10,NULL,'2022-12-06 10:17:32','2024-05-15 16:31:18'),(4941,'3-5',0,90,'RhLWjaeR',10,10,NULL,'2022-12-06 10:17:32','2024-05-15 16:31:18'),(4942,'3-6',0,90,'RhLWjaeR',10,10,NULL,'2022-12-06 10:17:32','2024-05-15 16:31:18'),(4943,'4-1',0,90,'RhLWjaeR',10,10,NULL,'2022-12-06 10:17:32','2024-05-15 16:31:18'),(4944,'4-2',0,90,'RhLWjaeR',10,10,NULL,'2022-12-06 10:17:32','2024-05-15 16:31:18'),(4945,'4-3',0,90,'RhLWjaeR',10,10,NULL,'2022-12-06 10:17:32','2024-05-15 16:31:18'),(4946,'4-4',0,90,'RhLWjaeR',10,10,NULL,'2022-12-06 10:17:32','2024-05-15 16:31:18'),(4947,'4-5',0,90,'RhLWjaeR',10,10,NULL,'2022-12-06 10:17:32','2024-05-15 16:31:18'),(4948,'4-6',0,90,'RhLWjaeR',10,10,NULL,'2022-12-06 10:17:32','2024-05-15 16:31:18'),(4949,'5-1',0,90,'RhLWjaeR',10,10,NULL,'2022-12-06 10:17:32','2024-05-15 16:31:18'),(4950,'5-2',0,90,'RhLWjaeR',10,10,NULL,'2022-12-06 10:17:32','2024-05-15 16:31:18'),(4951,'5-3',0,90,'RhLWjaeR',10,10,NULL,'2022-12-06 10:17:32','2024-05-15 16:31:18'),(4952,'5-4',0,90,'RhLWjaeR',10,10,NULL,'2022-12-06 10:17:32','2024-05-15 16:31:18'),(4953,'5-5',0,90,'RhLWjaeR',10,10,NULL,'2022-12-06 10:17:32','2024-05-15 16:31:18'),(4954,'5-6',0,90,'RhLWjaeR',10,10,NULL,'2022-12-06 10:17:32','2024-05-15 16:31:18'),(4955,'1-1',5,91,'qUObmvbM',10,10,'2022-12-06 15:11:20','2022-12-06 14:58:46','2022-12-06 15:11:20'),(4956,'1-2',1,91,'qUObmvbM',10,10,'2022-12-06 15:11:20','2022-12-06 14:58:46','2022-12-06 15:11:20'),(4957,'2-1',0,91,'qUObmvbM',10,10,NULL,'2022-12-06 14:58:46','2022-12-06 14:58:46'),(4958,'2-2',0,91,'qUObmvbM',10,10,NULL,'2022-12-06 14:58:46','2022-12-06 14:58:46'),(4959,'1-1',0,92,'tU6K5IHg',10,0,NULL,'2023-01-03 19:37:43','2023-01-03 19:37:43'),(4960,'1-2',0,92,'tU6K5IHg',10,0,NULL,'2023-01-03 19:37:43','2023-01-03 19:37:43'),(4961,'2-1',0,92,'tU6K5IHg',10,0,NULL,'2023-01-03 19:37:43','2023-01-03 19:37:43'),(4962,'2-2',0,92,'tU6K5IHg',10,0,NULL,'2023-01-03 19:37:43','2023-01-03 19:37:43'),(4963,'1-1',0,93,'iSzMcQXJ',10,0,NULL,'2023-02-01 11:16:02','2023-02-01 11:16:02'),(4964,'1-2',0,93,'iSzMcQXJ',10,0,NULL,'2023-02-01 11:16:02','2023-02-01 11:16:02'),(4965,'1-3',0,93,'iSzMcQXJ',10,0,NULL,'2023-02-01 11:16:02','2023-02-01 11:16:02'),(4966,'1-4',0,93,'iSzMcQXJ',10,0,NULL,'2023-02-01 11:16:02','2023-02-01 11:16:02'),(4967,'1-5',0,93,'iSzMcQXJ',10,0,NULL,'2023-02-01 11:16:02','2023-02-01 11:16:02'),(4968,'1-6',0,93,'iSzMcQXJ',10,0,NULL,'2023-02-01 11:16:02','2023-02-01 11:16:02'),(4969,'2-1',0,93,'iSzMcQXJ',10,0,NULL,'2023-02-01 11:16:02','2023-02-01 11:16:02'),(4970,'2-2',0,93,'iSzMcQXJ',10,0,NULL,'2023-02-01 11:16:02','2023-02-01 11:16:02'),(4971,'2-3',0,93,'iSzMcQXJ',10,0,NULL,'2023-02-01 11:16:02','2023-02-01 11:16:02'),(4972,'2-4',0,93,'iSzMcQXJ',10,0,NULL,'2023-02-01 11:16:02','2023-02-01 11:16:02'),(4973,'2-5',0,93,'iSzMcQXJ',10,0,NULL,'2023-02-01 11:16:02','2023-02-01 11:16:02'),(4974,'2-6',0,93,'iSzMcQXJ',10,0,NULL,'2023-02-01 11:16:02','2023-02-01 11:16:02'),(4975,'3-1',0,93,'iSzMcQXJ',10,0,NULL,'2023-02-01 11:16:02','2023-02-01 11:16:02'),(4976,'3-2',0,93,'iSzMcQXJ',10,0,NULL,'2023-02-01 11:16:02','2023-02-01 11:16:02'),(4977,'3-3',0,93,'iSzMcQXJ',10,0,NULL,'2023-02-01 11:16:02','2023-02-01 11:16:02'),(4978,'3-4',0,93,'iSzMcQXJ',10,0,NULL,'2023-02-01 11:16:02','2023-02-01 11:16:02'),(4979,'3-5',0,93,'iSzMcQXJ',10,0,NULL,'2023-02-01 11:16:02','2023-02-01 11:16:02'),(4980,'3-6',0,93,'iSzMcQXJ',10,0,NULL,'2023-02-01 11:16:02','2023-02-01 11:16:02'),(4981,'4-1',0,93,'iSzMcQXJ',10,0,NULL,'2023-02-01 11:16:02','2023-02-01 11:16:02'),(4982,'4-2',0,93,'iSzMcQXJ',10,0,NULL,'2023-02-01 11:16:02','2023-02-01 11:16:02'),(4983,'4-3',0,93,'iSzMcQXJ',10,0,NULL,'2023-02-01 11:16:02','2023-02-01 11:16:02'),(4984,'4-4',0,93,'iSzMcQXJ',10,0,NULL,'2023-02-01 11:16:02','2023-02-01 11:16:02'),(4985,'4-5',0,93,'iSzMcQXJ',10,0,NULL,'2023-02-01 11:16:02','2023-02-01 11:16:02'),(4986,'4-6',0,93,'iSzMcQXJ',10,0,NULL,'2023-02-01 11:16:02','2023-02-01 11:16:02'),(4987,'5-1',0,93,'iSzMcQXJ',10,0,NULL,'2023-02-01 11:16:02','2023-02-01 11:16:02'),(4988,'5-2',0,93,'iSzMcQXJ',10,0,NULL,'2023-02-01 11:16:02','2023-02-01 11:16:02'),(4989,'5-3',0,93,'iSzMcQXJ',10,0,NULL,'2023-02-01 11:16:02','2023-02-01 11:16:02'),(4990,'5-4',0,93,'iSzMcQXJ',10,0,NULL,'2023-02-01 11:16:02','2023-02-01 11:16:02'),(4991,'5-5',0,93,'iSzMcQXJ',10,0,NULL,'2023-02-01 11:16:02','2023-02-01 11:16:02'),(4992,'5-6',0,93,'iSzMcQXJ',10,0,NULL,'2023-02-01 11:16:02','2023-02-01 11:16:02'),(5027,'1-1',2,105,'nf2UVwi5',8,0,NULL,'2024-05-13 21:37:53','2024-09-02 08:46:14'),(5028,'1-2',1,105,'nf2UVwi5',8,0,NULL,'2024-05-13 21:37:53','2024-09-02 08:46:14'),(5029,'1-3',4,105,'nf2UVwi5',8,0,NULL,'2024-05-13 21:37:53','2024-09-02 08:46:14'),(5030,'1-4',0,105,'nf2UVwi5',8,0,NULL,'2024-05-13 21:37:53','2024-09-02 08:46:14'),(5031,'2-1',0,105,'nf2UVwi5',8,0,NULL,'2024-05-13 21:37:53','2024-09-02 08:46:14'),(5032,'2-2',0,105,'nf2UVwi5',8,0,NULL,'2024-05-13 21:37:53','2024-09-02 08:46:14'),(5033,'2-3',0,105,'nf2UVwi5',8,0,NULL,'2024-05-13 21:37:53','2024-09-02 08:46:14'),(5034,'2-4',0,105,'nf2UVwi5',8,0,NULL,'2024-05-13 21:37:53','2024-09-02 08:46:14'),(5035,'3-1',0,105,'nf2UVwi5',8,0,NULL,'2024-05-13 21:37:53','2024-09-02 08:46:14'),(5036,'3-2',0,105,'nf2UVwi5',8,0,NULL,'2024-05-13 21:37:53','2024-09-02 08:46:14'),(5037,'3-3',0,105,'nf2UVwi5',8,0,NULL,'2024-05-13 21:37:53','2024-09-02 08:46:14'),(5038,'3-4',0,105,'nf2UVwi5',8,0,NULL,'2024-05-13 21:37:53','2024-09-02 08:46:14'),(5039,'4-1',0,105,'nf2UVwi5',8,0,NULL,'2024-05-13 21:37:53','2024-09-02 08:46:14'),(5040,'4-2',0,105,'nf2UVwi5',8,0,NULL,'2024-05-13 21:37:53','2024-09-02 08:46:14'),(5041,'4-3',0,105,'nf2UVwi5',8,0,NULL,'2024-05-13 21:37:53','2024-09-02 08:46:14'),(5042,'4-4',0,105,'nf2UVwi5',8,0,NULL,'2024-05-13 21:37:53','2024-09-02 08:46:14'),(5043,'1-1',1,106,'vWgqPhpu',10,5,'2024-05-18 15:26:37','2024-05-15 14:26:08','2024-05-18 15:02:48'),(5044,'1-2',2,106,'vWgqPhpu',10,5,'2024-05-18 15:26:37','2024-05-15 14:26:08','2024-05-18 15:02:48'),(5045,'1-3',3,106,'vWgqPhpu',10,0,NULL,'2024-05-15 14:26:08','2024-05-18 15:02:48'),(5046,'1-4',8,106,'vWgqPhpu',10,0,NULL,'2024-05-15 14:26:08','2024-05-18 15:02:48'),(5047,'1-5',6,106,'vWgqPhpu',10,0,NULL,'2024-05-15 14:26:08','2024-05-18 15:02:48'),(5048,'1-6',0,106,'vWgqPhpu',10,0,NULL,'2024-05-15 14:26:08','2024-05-18 15:02:48'),(5049,'2-1',0,106,'vWgqPhpu',10,0,NULL,'2024-05-15 14:26:08','2024-05-18 15:02:48'),(5050,'2-2',0,106,'vWgqPhpu',10,0,NULL,'2024-05-15 14:26:08','2024-05-18 15:02:48'),(5051,'2-3',0,106,'vWgqPhpu',10,0,NULL,'2024-05-15 14:26:08','2024-05-18 15:02:48'),(5052,'2-4',0,106,'vWgqPhpu',10,0,NULL,'2024-05-15 14:26:08','2024-05-18 15:02:48'),(5053,'2-5',0,106,'vWgqPhpu',10,0,NULL,'2024-05-15 14:26:08','2024-05-18 15:02:48'),(5054,'2-6',0,106,'vWgqPhpu',10,0,NULL,'2024-05-15 14:26:08','2024-05-18 15:02:48'),(5055,'3-1',0,106,'vWgqPhpu',10,0,NULL,'2024-05-15 14:26:08','2024-05-18 15:02:48'),(5056,'3-2',0,106,'vWgqPhpu',10,0,NULL,'2024-05-15 14:26:08','2024-05-18 15:02:48'),(5057,'3-3',0,106,'vWgqPhpu',10,0,NULL,'2024-05-15 14:26:08','2024-05-18 15:02:48'),(5058,'3-4',0,106,'vWgqPhpu',10,0,NULL,'2024-05-15 14:26:08','2024-05-18 15:02:48'),(5059,'3-5',0,106,'vWgqPhpu',10,0,NULL,'2024-05-15 14:26:08','2024-05-18 15:02:48'),(5060,'3-6',0,106,'vWgqPhpu',10,0,NULL,'2024-05-15 14:26:08','2024-05-18 15:02:48'),(5061,'4-1',0,106,'vWgqPhpu',10,0,NULL,'2024-05-15 14:26:08','2024-05-18 15:02:48'),(5062,'4-2',0,106,'vWgqPhpu',10,0,NULL,'2024-05-15 14:26:08','2024-05-18 15:02:48'),(5063,'4-3',0,106,'vWgqPhpu',10,0,NULL,'2024-05-15 14:26:08','2024-05-18 15:02:48'),(5064,'4-4',0,106,'vWgqPhpu',10,0,NULL,'2024-05-15 14:26:08','2024-05-18 15:02:48'),(5065,'4-5',0,106,'vWgqPhpu',10,0,NULL,'2024-05-15 14:26:08','2024-05-18 15:02:48'),(5066,'4-6',0,106,'vWgqPhpu',10,0,NULL,'2024-05-15 14:26:08','2024-05-18 15:02:48'),(5067,'5-1',0,106,'vWgqPhpu',10,0,NULL,'2024-05-15 14:26:08','2024-05-18 15:02:48'),(5068,'5-2',0,106,'vWgqPhpu',10,0,NULL,'2024-05-15 14:26:08','2024-05-18 15:02:48'),(5069,'5-3',0,106,'vWgqPhpu',10,0,NULL,'2024-05-15 14:26:08','2024-05-18 15:02:48'),(5070,'5-4',0,106,'vWgqPhpu',10,0,NULL,'2024-05-15 14:26:08','2024-05-18 15:02:48'),(5071,'5-5',0,106,'vWgqPhpu',10,0,NULL,'2024-05-15 14:26:08','2024-05-18 15:02:48'),(5072,'5-6',0,106,'vWgqPhpu',10,0,NULL,'2024-05-15 14:26:08','2024-05-18 15:02:48'),(5073,'1-1',1,107,'SFNuCUe8',8,0,NULL,'2024-05-15 14:26:48','2024-05-15 16:19:18'),(5074,'1-2',2,107,'SFNuCUe8',8,0,NULL,'2024-05-15 14:26:48','2024-05-15 16:19:18'),(5075,'1-3',2,107,'SFNuCUe8',8,0,NULL,'2024-05-15 14:26:48','2024-05-15 16:19:18'),(5076,'1-4',4,107,'SFNuCUe8',8,0,NULL,'2024-05-15 14:26:48','2024-05-15 16:19:18'),(5077,'2-1',0,107,'SFNuCUe8',8,0,NULL,'2024-05-15 14:26:48','2024-05-15 16:19:18'),(5078,'2-2',0,107,'SFNuCUe8',8,0,NULL,'2024-05-15 14:26:48','2024-05-15 16:19:18'),(5079,'2-3',0,107,'SFNuCUe8',8,0,NULL,'2024-05-15 14:26:48','2024-05-15 16:19:18'),(5080,'2-4',0,107,'SFNuCUe8',8,0,NULL,'2024-05-15 14:26:48','2024-05-15 16:19:18'),(5081,'3-1',0,107,'SFNuCUe8',8,0,NULL,'2024-05-15 14:26:48','2024-05-15 16:19:18'),(5082,'3-2',0,107,'SFNuCUe8',8,0,NULL,'2024-05-15 14:26:48','2024-05-15 16:19:18'),(5083,'3-3',0,107,'SFNuCUe8',8,0,NULL,'2024-05-15 14:26:48','2024-05-15 16:19:18'),(5084,'3-4',0,107,'SFNuCUe8',8,0,NULL,'2024-05-15 14:26:48','2024-05-15 16:19:18'),(5085,'4-1',0,107,'SFNuCUe8',8,0,NULL,'2024-05-15 14:26:48','2024-05-15 16:19:18'),(5086,'4-2',0,107,'SFNuCUe8',8,0,NULL,'2024-05-15 14:26:48','2024-05-15 16:19:18'),(5087,'4-3',0,107,'SFNuCUe8',8,0,NULL,'2024-05-15 14:26:48','2024-05-15 16:19:18'),(5088,'4-4',0,107,'SFNuCUe8',8,0,NULL,'2024-05-15 14:26:48','2024-05-15 16:19:18'),(5179,'1-1',0,111,'K6YYXHLY',10,0,NULL,'2024-05-19 15:28:27','2024-05-19 15:28:27'),(5180,'1-2',0,111,'K6YYXHLY',10,0,NULL,'2024-05-19 15:28:27','2024-05-19 15:28:27'),(5181,'1-3',0,111,'K6YYXHLY',10,0,NULL,'2024-05-19 15:28:27','2024-05-19 15:28:27'),(5182,'1-4',0,111,'K6YYXHLY',10,0,NULL,'2024-05-19 15:28:27','2024-05-19 15:28:27'),(5183,'1-5',0,111,'K6YYXHLY',10,0,NULL,'2024-05-19 15:28:27','2024-05-19 15:28:27'),(5184,'1-6',0,111,'K6YYXHLY',10,0,NULL,'2024-05-19 15:28:27','2024-05-19 15:28:27'),(5185,'2-1',0,111,'K6YYXHLY',10,0,NULL,'2024-05-19 15:28:27','2024-05-19 15:28:27'),(5186,'2-2',0,111,'K6YYXHLY',10,0,NULL,'2024-05-19 15:28:27','2024-05-19 15:28:27'),(5187,'2-3',0,111,'K6YYXHLY',10,0,NULL,'2024-05-19 15:28:27','2024-05-19 15:28:27'),(5188,'2-4',0,111,'K6YYXHLY',10,0,NULL,'2024-05-19 15:28:27','2024-05-19 15:28:27'),(5189,'2-5',0,111,'K6YYXHLY',10,0,NULL,'2024-05-19 15:28:27','2024-05-19 15:28:27'),(5190,'2-6',0,111,'K6YYXHLY',10,0,NULL,'2024-05-19 15:28:27','2024-05-19 15:28:27'),(5191,'3-1',0,111,'K6YYXHLY',10,0,NULL,'2024-05-19 15:28:27','2024-05-19 15:28:27'),(5192,'3-2',0,111,'K6YYXHLY',10,0,NULL,'2024-05-19 15:28:27','2024-05-19 15:28:27'),(5193,'3-3',0,111,'K6YYXHLY',10,0,NULL,'2024-05-19 15:28:27','2024-05-19 15:28:27'),(5194,'3-4',0,111,'K6YYXHLY',10,0,NULL,'2024-05-19 15:28:27','2024-05-19 15:28:27'),(5195,'3-5',0,111,'K6YYXHLY',10,0,NULL,'2024-05-19 15:28:27','2024-05-19 15:28:27'),(5196,'3-6',0,111,'K6YYXHLY',10,0,NULL,'2024-05-19 15:28:27','2024-05-19 15:28:27'),(5197,'4-1',0,111,'K6YYXHLY',10,0,NULL,'2024-05-19 15:28:27','2024-05-19 15:28:27'),(5198,'4-2',0,111,'K6YYXHLY',10,0,NULL,'2024-05-19 15:28:27','2024-05-19 15:28:27'),(5199,'4-3',0,111,'K6YYXHLY',10,0,NULL,'2024-05-19 15:28:27','2024-05-19 15:28:27'),(5200,'4-4',0,111,'K6YYXHLY',10,0,NULL,'2024-05-19 15:28:27','2024-05-19 15:28:27'),(5201,'4-5',0,111,'K6YYXHLY',10,0,NULL,'2024-05-19 15:28:27','2024-05-19 15:28:27'),(5202,'4-6',0,111,'K6YYXHLY',10,0,NULL,'2024-05-19 15:28:27','2024-05-19 15:28:27'),(5203,'5-1',0,111,'K6YYXHLY',10,0,NULL,'2024-05-19 15:28:27','2024-05-19 15:28:27'),(5204,'5-2',0,111,'K6YYXHLY',10,0,NULL,'2024-05-19 15:28:27','2024-05-19 15:28:27'),(5205,'5-3',0,111,'K6YYXHLY',10,0,NULL,'2024-05-19 15:28:27','2024-05-19 15:28:27'),(5206,'5-4',0,111,'K6YYXHLY',10,0,NULL,'2024-05-19 15:28:27','2024-05-19 15:28:27'),(5207,'5-5',0,111,'K6YYXHLY',10,0,NULL,'2024-05-19 15:28:27','2024-05-19 15:28:27'),(5208,'5-6',0,111,'K6YYXHLY',10,0,NULL,'2024-05-19 15:28:27','2024-05-19 15:28:27'),(5239,'1-1',0,113,'XlzX4A6O',10,NULL,NULL,'2024-08-31 17:10:33','2024-08-31 17:10:33'),(5240,'1-2',0,113,'XlzX4A6O',10,NULL,NULL,'2024-08-31 17:10:33','2024-08-31 17:10:33'),(5241,'1-3',0,113,'XlzX4A6O',10,NULL,NULL,'2024-08-31 17:10:33','2024-08-31 17:10:33'),(5242,'1-4',0,113,'XlzX4A6O',10,NULL,NULL,'2024-08-31 17:10:33','2024-08-31 17:10:33'),(5243,'1-5',0,113,'XlzX4A6O',10,NULL,NULL,'2024-08-31 17:10:33','2024-08-31 17:10:33'),(5244,'1-6',0,113,'XlzX4A6O',10,NULL,NULL,'2024-08-31 17:10:33','2024-08-31 17:10:33'),(5245,'2-1',0,113,'XlzX4A6O',10,NULL,NULL,'2024-08-31 17:10:33','2024-08-31 17:10:33'),(5246,'2-2',0,113,'XlzX4A6O',10,NULL,NULL,'2024-08-31 17:10:33','2024-08-31 17:10:33'),(5247,'2-3',0,113,'XlzX4A6O',10,NULL,NULL,'2024-08-31 17:10:33','2024-08-31 17:10:33'),(5248,'2-4',0,113,'XlzX4A6O',10,NULL,NULL,'2024-08-31 17:10:33','2024-08-31 17:10:33'),(5249,'2-5',0,113,'XlzX4A6O',10,NULL,NULL,'2024-08-31 17:10:33','2024-08-31 17:10:33'),(5250,'2-6',0,113,'XlzX4A6O',10,NULL,NULL,'2024-08-31 17:10:33','2024-08-31 17:10:33'),(5251,'3-1',0,113,'XlzX4A6O',10,NULL,NULL,'2024-08-31 17:10:33','2024-08-31 17:10:33'),(5252,'3-2',0,113,'XlzX4A6O',10,NULL,NULL,'2024-08-31 17:10:33','2024-08-31 17:10:33'),(5253,'3-3',0,113,'XlzX4A6O',10,NULL,NULL,'2024-08-31 17:10:33','2024-08-31 17:10:33'),(5254,'3-4',0,113,'XlzX4A6O',10,NULL,NULL,'2024-08-31 17:10:33','2024-08-31 17:10:33'),(5255,'3-5',0,113,'XlzX4A6O',10,NULL,NULL,'2024-08-31 17:10:33','2024-08-31 17:10:33'),(5256,'3-6',0,113,'XlzX4A6O',10,NULL,NULL,'2024-08-31 17:10:33','2024-08-31 17:10:33'),(5257,'4-1',0,113,'XlzX4A6O',10,NULL,NULL,'2024-08-31 17:10:33','2024-08-31 17:10:33'),(5258,'4-2',0,113,'XlzX4A6O',10,NULL,NULL,'2024-08-31 17:10:33','2024-08-31 17:10:33'),(5259,'4-3',0,113,'XlzX4A6O',10,NULL,NULL,'2024-08-31 17:10:33','2024-08-31 17:10:33'),(5260,'4-4',0,113,'XlzX4A6O',10,NULL,NULL,'2024-08-31 17:10:33','2024-08-31 17:10:33'),(5261,'4-5',0,113,'XlzX4A6O',10,NULL,NULL,'2024-08-31 17:10:33','2024-08-31 17:10:33'),(5262,'4-6',0,113,'XlzX4A6O',10,NULL,NULL,'2024-08-31 17:10:33','2024-08-31 17:10:33'),(5263,'5-1',0,113,'XlzX4A6O',10,NULL,NULL,'2024-08-31 17:10:33','2024-08-31 17:10:33'),(5264,'5-2',0,113,'XlzX4A6O',10,NULL,NULL,'2024-08-31 17:10:33','2024-08-31 17:10:33'),(5265,'5-3',0,113,'XlzX4A6O',10,NULL,NULL,'2024-08-31 17:10:33','2024-08-31 17:10:33'),(5266,'5-4',0,113,'XlzX4A6O',10,NULL,NULL,'2024-08-31 17:10:33','2024-08-31 17:10:33'),(5267,'5-5',0,113,'XlzX4A6O',10,NULL,NULL,'2024-08-31 17:10:33','2024-08-31 17:10:33'),(5268,'5-6',0,113,'XlzX4A6O',10,NULL,NULL,'2024-08-31 17:10:33','2024-08-31 17:10:33'),(5269,'1-1',1,114,'wxX4jTME',10,10,'2024-09-02 20:05:36','2024-09-02 19:28:02','2024-09-02 21:31:04'),(5270,'1-2',2,114,'wxX4jTME',10,10,'2024-09-02 20:05:36','2024-09-02 19:28:02','2024-09-02 21:31:04'),(5271,'1-3',3,114,'wxX4jTME',10,10,'2024-09-02 20:05:36','2024-09-02 19:28:02','2024-09-02 21:31:04'),(5272,'1-4',4,114,'wxX4jTME',10,10,'2024-09-02 20:05:36','2024-09-02 19:28:02','2024-09-02 21:31:04'),(5273,'1-5',5,114,'wxX4jTME',10,10,'2024-09-02 20:05:36','2024-09-02 19:28:02','2024-09-02 21:31:04'),(5274,'1-6',6,114,'wxX4jTME',10,10,'2024-09-02 20:05:36','2024-09-02 19:28:02','2024-09-02 21:31:04'),(5275,'2-1',2,114,'wxX4jTME',10,10,'2024-09-02 21:32:11','2024-09-02 19:28:02','2024-09-02 21:31:04'),(5276,'2-2',0,114,'wxX4jTME',10,NULL,NULL,'2024-09-02 19:28:02','2024-09-02 21:31:04'),(5277,'2-3',0,114,'wxX4jTME',10,NULL,NULL,'2024-09-02 19:28:02','2024-09-02 21:31:04'),(5278,'2-4',0,114,'wxX4jTME',10,NULL,NULL,'2024-09-02 19:28:02','2024-09-02 21:31:04'),(5279,'2-5',0,114,'wxX4jTME',10,NULL,NULL,'2024-09-02 19:28:02','2024-09-02 21:31:04'),(5280,'2-6',0,114,'wxX4jTME',10,NULL,NULL,'2024-09-02 19:28:02','2024-09-02 21:31:04'),(5281,'3-1',0,114,'wxX4jTME',10,NULL,NULL,'2024-09-02 19:28:02','2024-09-02 21:31:04'),(5282,'3-2',0,114,'wxX4jTME',10,NULL,NULL,'2024-09-02 19:28:02','2024-09-02 21:31:04'),(5283,'3-3',0,114,'wxX4jTME',10,NULL,NULL,'2024-09-02 19:28:02','2024-09-02 21:31:04'),(5284,'3-4',0,114,'wxX4jTME',10,NULL,NULL,'2024-09-02 19:28:02','2024-09-02 21:31:04'),(5285,'3-5',0,114,'wxX4jTME',10,NULL,NULL,'2024-09-02 19:28:02','2024-09-02 21:31:04'),(5286,'3-6',0,114,'wxX4jTME',10,NULL,NULL,'2024-09-02 19:28:02','2024-09-02 21:31:04'),(5287,'4-1',0,114,'wxX4jTME',10,NULL,NULL,'2024-09-02 19:28:02','2024-09-02 21:31:04'),(5288,'4-2',0,114,'wxX4jTME',10,NULL,NULL,'2024-09-02 19:28:02','2024-09-02 21:31:04'),(5289,'4-3',0,114,'wxX4jTME',10,NULL,NULL,'2024-09-02 19:28:02','2024-09-02 21:31:04'),(5290,'4-4',0,114,'wxX4jTME',10,NULL,NULL,'2024-09-02 19:28:02','2024-09-02 21:31:04'),(5291,'4-5',0,114,'wxX4jTME',10,NULL,NULL,'2024-09-02 19:28:02','2024-09-02 21:31:04'),(5292,'4-6',0,114,'wxX4jTME',10,NULL,NULL,'2024-09-02 19:28:02','2024-09-02 21:31:04'),(5293,'5-1',0,114,'wxX4jTME',10,NULL,NULL,'2024-09-02 19:28:02','2024-09-02 21:31:04'),(5294,'5-2',0,114,'wxX4jTME',10,NULL,NULL,'2024-09-02 19:28:02','2024-09-02 21:31:04'),(5295,'5-3',0,114,'wxX4jTME',10,NULL,NULL,'2024-09-02 19:28:02','2024-09-02 21:31:04'),(5296,'5-4',0,114,'wxX4jTME',10,NULL,NULL,'2024-09-02 19:28:02','2024-09-02 21:31:04'),(5297,'5-5',0,114,'wxX4jTME',10,NULL,NULL,'2024-09-02 19:28:02','2024-09-02 21:31:04'),(5298,'5-6',0,114,'wxX4jTME',10,NULL,NULL,'2024-09-02 19:28:02','2024-09-02 21:31:04');
/*!40000 ALTER TABLE `tb_channel` ENABLE KEYS */;
UNLOCK TABLES;

--
-- Table structure for table `tb_emp`
--

DROP TABLE IF EXISTS `tb_emp`;
/*!40101 SET @saved_cs_client     = @@character_set_client */;
/*!50503 SET character_set_client = utf8mb4 */;
CREATE TABLE `tb_emp` (
  `id` int NOT NULL AUTO_INCREMENT COMMENT 'ä¸»é”®',
  `user_name` varchar(50) NOT NULL COMMENT 'å‘˜å·¥åç§°',
  `region_id` int DEFAULT NULL COMMENT 'æ‰€å±åŒºåŸŸId',
  `region_name` varchar(50) DEFAULT NULL COMMENT 'åŒºåŸŸåç§°',
  `role_id` int DEFAULT NULL COMMENT 'è§’è‰²id',
  `role_code` varchar(10) DEFAULT NULL COMMENT 'è§’è‰²ç¼–å·',
  `role_name` varchar(50) DEFAULT NULL COMMENT 'è§’è‰²åç§°',
  `mobile` varchar(15) DEFAULT NULL COMMENT 'è”ç³»ç”µè¯',
  `image` varchar(500) DEFAULT NULL COMMENT 'å‘˜å·¥å¤´åƒ',
  `status` tinyint DEFAULT '1' COMMENT 'æ˜¯å¦å¯ç”¨',
  `create_time` timestamp NULL DEFAULT CURRENT_TIMESTAMP COMMENT 'åˆ›å»ºæ—¶é—´',
  `update_time` timestamp NULL DEFAULT CURRENT_TIMESTAMP COMMENT 'ä¿®æ”¹æ—¶é—´',
  PRIMARY KEY (`id`),
  UNIQUE KEY `tb_user_Id_uindex` (`id`),
  UNIQUE KEY `tb_user_user_name_uindex` (`user_name`),
  UNIQUE KEY `tb_user_mobile_uindex` (`mobile`),
  KEY `role_id` (`role_id`),
  KEY `region_id` (`region_id`),
  CONSTRAINT `tb_emp_ibfk_1` FOREIGN KEY (`role_id`) REFERENCES `tb_role` (`role_id`),
  CONSTRAINT `tb_emp_ibfk_2` FOREIGN KEY (`region_id`) REFERENCES `tb_region` (`id`)
) ENGINE=InnoDB AUTO_INCREMENT=59 DEFAULT CHARSET=utf8mb4 COLLATE=utf8mb4_0900_ai_ci COMMENT='å·¥å•å‘˜å·¥è¡¨';
/*!40101 SET character_set_client = @saved_cs_client */;

--
-- Dumping data for table `tb_emp`
--

LOCK TABLES `tb_emp` WRITE;
/*!40000 ALTER TABLE `tb_emp` DISABLE KEYS */;
INSERT INTO `tb_emp` VALUES (2,'åˆ˜å¤‡',2,'åŒ—äº¬å¸‚æµ·æ·€åŒº',2,'1002','è¿è¥å‘˜','13800000001','http://likede2-java.itheima.net/image/avatar.png',1,'2024-06-10 07:06:58','2024-06-10 08:11:04'),(3,'å…³ç¾½',2,'åŒ—äº¬å¸‚æµ·æ·€åŒº',2,'1002','è¿è¥å‘˜','13800000002','http://likede2-java.itheima.net/image/avatar.png',1,'2024-06-10 07:06:58','2024-06-10 08:11:06'),(4,'å¼ é£',2,'åŒ—äº¬å¸‚æµ·æ·€åŒº',3,'1003','ç»´ä¿®å‘˜','13800000003','http://likede2-java.itheima.net/image/avatar.png',1,'2024-06-10 07:06:58','2024-06-10 08:11:08'),(5,'èµµäº‘',2,'åŒ—äº¬å¸‚æµ·æ·€åŒº',3,'1003','ç»´ä¿®å‘˜','13800000004','http://likede2-java.itheima.net/image/avatar.png',1,'2024-06-10 07:06:58','2024-06-10 08:11:10'),(6,'æ›¹æ“',1,'åŒ—äº¬å¸‚æœé˜³åŒº',2,'1002','è¿è¥å‘˜','13900139001','http://likede2-java.itheima.net/image/avatar.png',1,'2024-06-10 07:06:58','2024-06-10 08:11:11'),(7,'å¤ä¾¯æƒ‡',1,'åŒ—äº¬å¸‚æœé˜³åŒº',2,'1002','è¿è¥å‘˜','13900000002','http://likede2-java.itheima.net/image/avatar.png',1,'2024-06-10 07:06:58','2024-06-10 08:11:13'),(8,'è®¸è¤š',1,'åŒ—äº¬å¸‚æœé˜³åŒº',3,'1003','ç»´ä¿®å‘˜','13900139003','http://likede2-java.itheima.net/image/avatar.png',1,'2024-06-10 07:06:58','2024-06-10 08:11:15'),(9,'å¼ è¾½',1,'åŒ—äº¬å¸‚æœé˜³åŒº',3,'1003','ç»´ä¿®å‘˜','13900000004','http://likede2-java.itheima.net/image/avatar.png',1,'2024-06-10 07:06:58','2024-06-10 08:11:17'),(10,'å­™æƒ',3,'åŒ—äº¬å¸‚è¥¿åŸåŒº',2,'1002','è¿è¥å‘˜','13700000001','http://likede2-java.itheima.net/image/avatar.png',1,'2024-06-10 07:06:58','2024-06-10 08:11:19'),(11,'å‘¨ç‘œ',3,'åŒ—äº¬å¸‚è¥¿åŸåŒº',2,'1002','è¿è¥å‘˜','13700000002','http://likede2-java.itheima.net/image/avatar.png',0,'2024-06-10 07:06:58','2024-06-10 08:11:21'),(12,'å•è’™',3,'åŒ—äº¬å¸‚è¥¿åŸåŒº',3,'1003','ç»´ä¿®å‘˜','13700000003','http://likede2-java.itheima.net/image/avatar.png',0,'2024-06-10 07:06:58','2024-06-10 08:11:24'),(13,'é™†é€Š',3,'åŒ—äº¬å¸‚è¥¿åŸåŒº',3,'1003','ç»´ä¿®å‘˜','13700000005','http://likede2-java.itheima.net/image/avatar.png',1,'2024-06-10 07:06:58','2024-06-10 08:11:26'),(50,'å­™ä¸€ç™¾',1,'åŒ—äº¬å¸‚æœé˜³åŒº',3,'1003','ç»´ä¿®å‘˜','13700137009','http://likede2-java.itheima.net/image/avatar.png',1,'2024-06-10 07:06:58','2024-06-10 08:11:28'),(51,'é©¬è¶…',2,'åŒ—äº¬å¸‚æµ·æ·€åŒº',3,'1003','ç»´ä¿®å‘˜','13900002222','http://likede2-java.itheima.net/image/avatar.png',1,'2024-06-10 07:06:58','2024-06-10 08:11:30'),(52,'é»„å¿ ',2,'åŒ—äº¬å¸‚æµ·æ·€åŒº',2,'1002','è¿è¥å‘˜','13900005555','http://likede2-java.itheima.net/image/avatar.png',1,'2024-06-10 07:06:58','2024-06-10 08:11:31'),(53,'æµ‹è¯•å‘˜å·¥',1,'åŒ—äº¬å¸‚æœé˜³åŒº',1,'1001','å·¥å•ç®¡ç†å‘˜','15100000001','/profile/upload/2024/05/18/4e7f3a15429bfda99bce42a18cdd1jpeg_20240518103539A002.jpeg',1,'2024-06-10 07:06:58','2024-06-10 08:11:33'),(57,'å°æ™º',4,'åŒ—äº¬å¸‚åŒ—äº”ç¯å¥¥ä½“ä¸­å¿ƒ',2,'1002','è¿è¥å‘˜','13800138001','/profile/upload/2024/08/30/å‘˜å·¥å¤´åƒ_20240830190101A003.png',1,'2024-08-30 11:01:03','2024-08-30 11:01:03'),(58,'æ’­å¦',4,'åŒ—äº¬å¸‚åŒ—äº”ç¯å¥¥ä½“ä¸­å¿ƒ',3,'1003','ç»´ä¿®å‘˜','13800138002','/profile/upload/2024/08/30/å‘˜å·¥å¤´åƒ_20240830190223A004.png',1,'2024-08-30 11:02:24','2024-08-30 11:02:43');
/*!40000 ALTER TABLE `tb_emp` ENABLE KEYS */;
UNLOCK TABLES;

--
-- Table structure for table `tb_job`
--

DROP TABLE IF EXISTS `tb_job`;
/*!40101 SET @saved_cs_client     = @@character_set_client */;
/*!50503 SET character_set_client = utf8mb4 */;
CREATE TABLE `tb_job` (
  `id` int NOT NULL AUTO_INCREMENT COMMENT 'ä¸»é”®',
  `alert_value` int DEFAULT '0' COMMENT 'è­¦æˆ’å€¼ç™¾åˆ†æ¯”',
  PRIMARY KEY (`id`)
) ENGINE=InnoDB AUTO_INCREMENT=2 DEFAULT CHARSET=utf8mb4 COLLATE=utf8mb4_unicode_ci COMMENT='è‡ªåŠ¨è¡¥è´§ä»»åŠ¡';
/*!40101 SET character_set_client = @saved_cs_client */;

--
-- Dumping data for table `tb_job`
--

LOCK TABLES `tb_job` WRITE;
/*!40000 ALTER TABLE `tb_job` DISABLE KEYS */;
INSERT INTO `tb_job` VALUES (1,80);
/*!40000 ALTER TABLE `tb_job` ENABLE KEYS */;
UNLOCK TABLES;

--
-- Table structure for table `tb_node`
--

DROP TABLE IF EXISTS `tb_node`;
/*!40101 SET @saved_cs_client     = @@character_set_client */;
/*!50503 SET character_set_client = utf8mb4 */;
CREATE TABLE `tb_node` (
  `id` int NOT NULL AUTO_INCREMENT COMMENT 'ä¸»é”®ID',
  `node_name` varchar(255) NOT NULL COMMENT 'ç‚¹ä½åç§°',
  `address` varchar(255) NOT NULL COMMENT 'è¯¦ç»†åœ°å€',
  `business_type` int NOT NULL COMMENT 'å•†åœˆç±»å‹',
  `region_id` int NOT NULL COMMENT 'æ‰€å±åŒºåŸŸID',
  `partner_id` int NOT NULL COMMENT 'åˆä½œå•†ID',
  `create_time` timestamp NULL DEFAULT CURRENT_TIMESTAMP COMMENT 'åˆ›å»ºæ—¶é—´',
  `update_time` timestamp NULL DEFAULT CURRENT_TIMESTAMP ON UPDATE CURRENT_TIMESTAMP COMMENT 'æ›´æ–°æ—¶é—´',
  `create_by` varchar(100) DEFAULT NULL COMMENT 'åˆ›å»ºäºº',
  `update_by` varchar(100) DEFAULT NULL COMMENT 'æ›´æ–°äºº',
  `remark` text COMMENT 'å¤‡æ³¨',
  PRIMARY KEY (`id`),
  KEY `region_id` (`region_id`),
  KEY `partner_id` (`partner_id`),
  CONSTRAINT `tb_node_ibfk_1` FOREIGN KEY (`region_id`) REFERENCES `tb_region` (`id`),
  CONSTRAINT `tb_node_ibfk_2` FOREIGN KEY (`partner_id`) REFERENCES `tb_partner` (`id`)
) ENGINE=InnoDB AUTO_INCREMENT=14 DEFAULT CHARSET=utf8mb4 COLLATE=utf8mb4_0900_ai_ci COMMENT='ç‚¹ä½è¡¨';
/*!40101 SET character_set_client = @saved_cs_client */;

--
-- Dumping data for table `tb_node`
--

LOCK TABLES `tb_node` WRITE;
/*!40000 ALTER TABLE `tb_node` DISABLE KEYS */;
INSERT INTO `tb_node` VALUES (1,'ä¸­å…³æ‘å¹¿åœº','åŒ—äº¬å¸‚æµ·æ·€åŒºä¸­å…³æ‘å¤§è¡—1å·',1,1,1,'2024-08-29 09:06:20','2024-08-29 09:06:20','Admin','Admin','ä½äºä¸­å…³æ‘çš„æ ¸å¿ƒä½ç½®'),(2,'å›½è´¸ä¸­å¿ƒ','åŒ—äº¬å¸‚æœé˜³åŒºå»ºå›½é—¨å¤–å¤§è¡—1å·',2,2,2,'2024-08-29 09:06:21','2024-08-29 09:06:21','Admin','Admin','ä½äºCBDçš„æ ¸å¿ƒä½ç½®'),(3,'ç‹åºœäº•æ­¥è¡Œè¡—','åŒ—äº¬å¸‚ä¸œåŸåŒºç‹åºœäº•å¤§è¡—',3,3,1,'2024-08-29 09:06:21','2024-08-29 09:06:21','Admin','Admin','å†å²æ‚ ä¹…çš„å•†ä¸šè¡—åŒº'),(8,'åŒ—äº¬å¥¥è¿åšç‰©é¦†','åŒ—äº¬å¸‚æœé˜³åŒºå›½å®¶ä½“è‚²é¦†å—è·¯1å·',1,4,4,'2024-08-31 07:25:20','2024-08-31 09:10:20',NULL,NULL,NULL);
/*!40000 ALTER TABLE `tb_node` ENABLE KEYS */;
UNLOCK TABLES;

--
-- Table structure for table `tb_order`
--

DROP TABLE IF EXISTS `tb_order`;
/*!40101 SET @saved_cs_client     = @@character_set_client */;
/*!50503 SET character_set_client = utf8mb4 */;
CREATE TABLE `tb_order` (
  `id` bigint NOT NULL COMMENT 'ä¸»é”®',
  `order_no` varchar(50) NOT NULL COMMENT 'è®¢å•ç¼–å·',
  `third_no` varchar(34) DEFAULT NULL COMMENT 'ç¬¬ä¸‰æ–¹å¹³å°å•å·',
  `inner_code` varchar(15) DEFAULT NULL COMMENT 'æœºå™¨ç¼–å·',
  `channel_code` varchar(10) DEFAULT NULL COMMENT 'è´§é“ç¼–å·',
  `sku_id` bigint DEFAULT NULL COMMENT 'skuId',
  `sku_name` varchar(20) DEFAULT NULL COMMENT 'å•†å“åç§°',
  `class_id` int DEFAULT NULL COMMENT 'å•†å“ç±»åˆ«Id',
  `status` int DEFAULT NULL COMMENT 'è®¢å•çŠ¶æ€:0-å¾…æ”¯ä»˜;1-æ”¯ä»˜å®Œæˆ;2-å‡ºè´§æˆåŠŸ;3-å‡ºè´§å¤±è´¥;4-å·²å–æ¶ˆ',
  `amount` int NOT NULL DEFAULT '0' COMMENT 'æ”¯ä»˜é‡‘é¢',
  `price` int NOT NULL DEFAULT '0' COMMENT 'å•†å“é‡‘é¢',
  `pay_type` varchar(10) CHARACTER SET utf8mb4 COLLATE utf8mb4_0900_ai_ci DEFAULT NULL COMMENT 'æ”¯ä»˜ç±»å‹ï¼Œ1æ”¯ä»˜å® 2å¾®ä¿¡',
  `pay_status` int DEFAULT '0' COMMENT 'æ”¯ä»˜çŠ¶æ€ï¼Œ0-æœªæ”¯ä»˜;1-æ”¯ä»˜å®Œæˆ;2-é€€æ¬¾ä¸­;3-é€€æ¬¾å®Œæˆ',
  `bill` int DEFAULT '0' COMMENT 'åˆä½œå•†è´¦å•é‡‘é¢',
  `addr` varchar(200) DEFAULT NULL COMMENT 'ç‚¹ä½åœ°å€',
  `region_id` bigint DEFAULT NULL COMMENT 'æ‰€å±åŒºåŸŸId',
  `region_name` varchar(50) DEFAULT NULL COMMENT 'åŒºåŸŸåç§°',
  `business_type` int DEFAULT NULL COMMENT 'æ‰€å±å•†åœˆ',
  `partner_id` int DEFAULT NULL COMMENT 'åˆä½œå•†Id',
  `open_id` varchar(200) DEFAULT NULL COMMENT 'è·¨ç«™èº«ä»½éªŒè¯',
  `node_id` bigint DEFAULT NULL COMMENT 'ç‚¹ä½Id',
  `node_name` varchar(50) DEFAULT NULL COMMENT 'ç‚¹ä½åç§°',
  `cancel_desc` varchar(200) DEFAULT '' COMMENT 'å–æ¶ˆåŸå› ',
  `create_time` timestamp NULL DEFAULT NULL COMMENT 'åˆ›å»ºæ—¶é—´',
  `update_time` timestamp NULL DEFAULT NULL COMMENT 'æ›´æ–°æ—¶é—´',
  PRIMARY KEY (`id`),
  UNIQUE KEY `Order_OrderNo_uindex` (`order_no`)
) ENGINE=InnoDB DEFAULT CHARSET=utf8mb4 COLLATE=utf8mb4_0900_ai_ci COMMENT='è®¢å•è¡¨';
/*!40101 SET character_set_client = @saved_cs_client */;

--
-- Dumping data for table `tb_order`
--

LOCK TABLES `tb_order` WRITE;
/*!40000 ALTER TABLE `tb_order` DISABLE KEYS */;
INSERT INTO `tb_order` VALUES (1639542977692344321,'A1000001802891882192300','89587716409551650','A1000001',NULL,3,'ç»Ÿä¸€å¥¶èŒ¶',1,1,1,1,'wxpay',1,0,'æ²³å—çœ-æ´›é˜³å¸‚-é¾™é—¨çŸ³çªŸ',1,NULL,1,1,'',1,'é¾™é—¨çŸ³çªŸ','1','2024-08-25 08:21:22','2024-08-25 08:21:51'),(1639551491689062401,'A1000001804921842908200',NULL,'A1000001',NULL,2,'å°åº·å¸ˆå‚…',1,4,1,1,'wxpay',0,0,'æ²³å—çœ-æ´›é˜³å¸‚-é¾™é—¨çŸ³çªŸ',1,NULL,1,1,'',1,'é¾™é—¨çŸ³çªŸ','2','2024-08-25 08:55:12','2024-08-25 09:00:13'),(1639551769091940353,'A1000001804987986430800',NULL,'A1000001',NULL,7,'ä¸€ç™¾æ©™æ±',1,4,1,1,'wxpay',0,0,'æ²³å—çœ-æ´›é˜³å¸‚-é¾™é—¨çŸ³çªŸ',1,NULL,1,1,'',1,'é¾™é—¨çŸ³çªŸ','','2024-08-25 08:56:18','2024-08-25 09:01:19'),(1639570465608884226,'A1000001809445445129300',NULL,'A1000001',NULL,2,'å°åº·å¸ˆå‚…',1,4,1,1,'wxpay',0,0,'æ²³å—çœ-æ´›é˜³å¸‚-é¾™é—¨çŸ³çªŸ',1,NULL,1,1,'',1,'é¾™é—¨çŸ³çªŸ','','2024-08-25 10:10:35','2024-08-25 10:11:05'),(1640253438704431106,'A1000001972287294582300',NULL,'A1000001',NULL,1,'å¯å£å¯ä¹',1,2,1,1,'wxpay',1,0,'æ²³å—çœ-æ´›é˜³å¸‚-é¾™é—¨çŸ³çªŸ',1,NULL,1,1,'',1,'é¾™é—¨çŸ³çªŸ','','2024-08-27 07:24:29','2024-08-27 07:24:52'),(1640291223389851650,'A1000001981295877562800',NULL,'A1000001',NULL,1,'å¯å£å¯ä¹',1,4,1,1,'wxpay',0,0,'æ²³å—çœ-æ´›é˜³å¸‚-é¾™é—¨çŸ³çªŸ',1,NULL,1,1,'',1,'é¾™é—¨çŸ³çªŸ','','2024-08-27 09:54:37','2024-08-27 09:59:39'),(1640291496925581313,'A1000001981361996771600',NULL,'A1000001',NULL,1,'å¯å£å¯ä¹',1,4,1,1,'wxpay',0,0,'æ²³å—çœ-æ´›é˜³å¸‚-é¾™é—¨çŸ³çªŸ',1,NULL,1,1,'',1,'é¾™é—¨çŸ³çªŸ','','2024-08-27 09:55:43','2024-08-27 10:00:44'),(1640292440643940353,'A1000001981586907029400',NULL,'A1000001',NULL,1,'å¯å£å¯ä¹',1,4,1,1,'alipay',0,0,'æ²³å—çœ-æ´›é˜³å¸‚-é¾™é—¨çŸ³çªŸ',1,NULL,1,1,'',1,'é¾™é—¨çŸ³çªŸ','','2024-08-27 09:59:28','2024-08-27 10:04:29'),(1640294278558597121,'A1000001982025093546600','89587716409551650','A1000001',NULL,1,'å¯å£å¯ä¹',1,1,1,1,'wxpay',1,0,'æ²³å—çœ-æ´›é˜³å¸‚-é¾™é—¨çŸ³çªŸ',1,NULL,1,1,'',1,'é¾™é—¨çŸ³çªŸ','','2024-08-27 10:06:46','2024-08-27 10:06:59'),(1640295466658119682,'A1000001982308461482000',NULL,'A1000001',NULL,1,'å¯å£å¯ä¹',1,3,1,1,'wxpay',3,0,'æ²³å—çœ-æ´›é˜³å¸‚-é¾™é—¨çŸ³çªŸ',1,NULL,1,1,'',1,'é¾™é—¨çŸ³çªŸ','','2024-08-27 10:11:29','2024-08-27 10:11:56'),(1665192943211196418,'A10000011867384516930600','89587716409551650','A1000001',NULL,2,'å°åº·å¸ˆå‚…',1,1,1,1,'wxpay',1,0,'æ²³å—çœ-æ´›é˜³å¸‚-é¾™é—¨çŸ³çªŸ',1,NULL,1,1,'',1,'é¾™é—¨çŸ³çªŸ','','2024-08-04 03:05:10','2024-08-04 03:05:30'),(1665193128339386370,'A10000011867429590093200','89587716409551650','A1000001',NULL,3,'ç»Ÿä¸€å¥¶èŒ¶',1,1,1,1,'alipay',1,0,'æ²³å—çœ-æ´›é˜³å¸‚-é¾™é—¨çŸ³çªŸ',1,NULL,1,1,'',1,'é¾™é—¨çŸ³çªŸ','','2024-08-04 03:05:54','2024-08-04 03:06:07'),(1665193628363337730,'A10000011867548883835400','89587716409551650','A1000001',NULL,1,'å¯å£å¯ä¹',1,1,1,1,'wxpay',1,0,'æ²³å—çœ-æ´›é˜³å¸‚-é¾™é—¨çŸ³çªŸ',1,NULL,1,1,'',1,'é¾™é—¨çŸ³çªŸ','','2024-08-04 03:07:53','2024-08-04 03:11:41'),(1665197835275415554,'A10000011868551878012500','89587716409551650','A1000001',NULL,2,'å°åº·å¸ˆå‚…',1,1,1,1,'wxpay',1,0,'æ²³å—çœ-æ´›é˜³å¸‚-é¾™é—¨çŸ³çªŸ',1,NULL,1,1,'oJ9WJ5MhIS-hiwuUX0GmsHDzqTyQ',1,'é¾™é—¨çŸ³çªŸ','','2024-08-04 03:24:36','2024-08-04 03:24:58'),(1665199941424197633,'A10000011869054027266500','89587716409551650','A1000001',NULL,2,'å°åº·å¸ˆå‚…',1,1,1,1,'wxpay',1,0,'æ²³å—çœ-æ´›é˜³å¸‚-é¾™é—¨çŸ³çªŸ',1,NULL,1,1,'oJ9WJ5MhIS-hiwuUX0GmsHDzqTyQ',1,'é¾™é—¨çŸ³çªŸ','','2024-08-04 03:32:59','2024-08-04 03:33:54'),(1665294465416785921,'A10000011891589370978600',NULL,'A1000001',NULL,9,'æ–°æ˜Ÿå·´å…‹',1,2,1,1,'wxpay',1,0,'æ²³å—çœ-æ´›é˜³å¸‚-é¾™é—¨çŸ³çªŸ',1,NULL,1,1,'',1,'é¾™é—¨çŸ³çªŸ','','2024-08-04 09:48:35','2024-08-04 09:51:34'),(1665296000083259393,'A10000011891956192562900',NULL,'A1000001',NULL,9,'æ–°æ˜Ÿå·´å…‹',1,3,1,1,'wxpay',3,0,'æ²³å—çœ-æ´›é˜³å¸‚-é¾™é—¨çŸ³çªŸ',1,NULL,1,1,'',1,'é¾™é—¨çŸ³çªŸ','','2024-08-04 09:54:41','2024-08-04 09:55:42'),(1699412789128679425,'A100000132363273473600',NULL,'A1000001',NULL,3,'ç»Ÿä¸€å¥¶èŒ¶',1,0,1,1,'wxpay',0,0,NULL,1,NULL,1,1,'',1,'é¾™é—¨çŸ³çªŸ','','2024-08-06 13:22:37','2024-08-06 13:22:37'),(1699413852900573185,'A100000132616927206000','89587716409551650','A1000001','1-8',3,'ç»Ÿä¸€å¥¶èŒ¶',1,1,1,1,'wxpay',1,0,NULL,1,NULL,1,1,'',1,'é¾™é—¨çŸ³çªŸ','','2024-08-06 13:26:51','2024-08-06 13:27:51'),(1699609497649393665,'A100000179261600800100','89587716409551650','A1000001','1-3',2,'å°åº·å¸ˆå‚…',NULL,1,1,1,'wxpay',1,0,'æ²³å—çœ-æ´›é˜³å¸‚-é¾™é—¨çŸ³çªŸ',1,NULL,1,1,'',1,'é¾™é—¨çŸ³çªŸ','','2024-08-07 02:24:16','2024-08-07 02:25:17'),(1699665320891179009,'A100000192570825504800',NULL,'A1000001','1-5',3,'ç»Ÿä¸€å¥¶èŒ¶',NULL,0,1,1,'alipay',0,0,'æ²³å—çœ-æ´›é˜³å¸‚-é¾™é—¨çŸ³çªŸ',1,NULL,1,1,'',1,'é¾™é—¨çŸ³çªŸ','','2024-08-07 06:06:05','2024-08-07 06:06:05'),(1699666273908350978,'A100000192798155831900',NULL,'A1000001','1-3',2,'å°åº·å¸ˆå‚…',NULL,2,1,1,'alipay',1,0,'æ²³å—çœ-æ´›é˜³å¸‚-é¾™é—¨çŸ³çªŸ',1,NULL,1,1,'',1,'é¾™é—¨çŸ³çªŸ','','2024-08-07 06:09:53','2024-08-07 06:12:18'),(1699667483335909378,'A100000193086524012200',NULL,'A1000001','1-1',1,'å¯å£å¯ä¹',NULL,2,1,1,'alipay',1,0,'æ²³å—çœ-æ´›é˜³å¸‚-é¾™é—¨çŸ³çªŸ',1,NULL,1,1,'',1,'é¾™é—¨çŸ³çªŸ','','2024-08-10 06:14:41','2024-08-07 06:15:51'),(1700104081533829121,'A1000001197178608837400',NULL,'A1000001','1-5',3,'ç»Ÿä¸€å¥¶èŒ¶',NULL,2,1,1,'wxpay',1,0,'æ²³å—çœ-æ´›é˜³å¸‚-é¾™é—¨çŸ³çªŸ',1,NULL,1,1,'',1,'é¾™é—¨çŸ³çªŸ','','2024-08-10 11:09:34','2024-08-08 11:10:36'),(1700104233585737730,'A1000001197215723001700',NULL,'A1000001','1-1',1,'å¯å£å¯ä¹',NULL,2,1,1,'wxpay',1,0,'æ²³å—çœ-æ´›é˜³å¸‚-é¾™é—¨çŸ³çªŸ',1,NULL,1,1,'',1,'é¾™é—¨çŸ³çªŸ','','2024-08-10 11:10:10','2024-08-08 11:11:11'),(1702608867975180289,'A1000001794398419433700',NULL,'A1000001','2-2',6,'æ€¡å®è‡³å°Š',NULL,2,3,1,'wxpay',0,0,'æ²³å—çœ-æ´›é˜³å¸‚-é¾™é—¨çŸ³çªŸ',1,NULL,1,1,'',1,'é¾™é—¨çŸ³çªŸ','','2024-08-15 09:02:42','2024-08-15 09:02:42'),(1702614203809349633,'A1000001795671154933400',NULL,'A1000001','1-3',2,'å°åº·å¸ˆå‚…',NULL,0,1,1,'alipay',0,0,'æ²³å—çœ-æ´›é˜³å¸‚-é¾™é—¨çŸ³çªŸ',1,NULL,1,1,'',1,'é¾™é—¨çŸ³çªŸ','','2024-08-15 09:23:54','2024-08-15 09:23:54'),(1702615729550376962,'A1000001796034964829100',NULL,'A1000001','2-3',8,'é­”åŠ›èŠ±èŒ¶',NULL,4,1,1,'alipay',0,0,'æ²³å—çœ-æ´›é˜³å¸‚-é¾™é—¨çŸ³çªŸ',1,NULL,1,1,'',1,'é¾™é—¨çŸ³çªŸ','','2024-08-15 09:29:58','2024-08-15 09:30:58');
/*!40000 ALTER TABLE `tb_order` ENABLE KEYS */;
UNLOCK TABLES;

--
-- Table structure for table `tb_order_collect`
--

DROP TABLE IF EXISTS `tb_order_collect`;
/*!40101 SET @saved_cs_client     = @@character_set_client */;
/*!50503 SET character_set_client = utf8mb4 */;
CREATE TABLE `tb_order_collect` (
  `id` bigint NOT NULL COMMENT 'Id',
  `partner_id` int DEFAULT NULL COMMENT 'åˆä½œå•†Id',
  `partner_name` varchar(100) DEFAULT NULL COMMENT 'åˆä½œå•†åç§°',
  `order_total_money` bigint DEFAULT NULL COMMENT 'æ—¥è®¢å•æ”¶å…¥æ€»é‡‘é¢(å¹³å°ç«¯æ€»æ•°)',
  `order_date` date DEFAULT NULL COMMENT 'å‘ç”Ÿæ—¥æœŸ',
  `total_bill` int DEFAULT '0' COMMENT 'åˆ†æˆæ€»é‡‘é¢',
  `node_id` int DEFAULT NULL,
  `node_name` varchar(50) DEFAULT NULL COMMENT 'ç‚¹ä½',
  `order_count` int DEFAULT NULL COMMENT 'è®¢å•æ•°',
  `ratio` int DEFAULT NULL COMMENT 'åˆ†æˆæ¯”ä¾‹',
  `region_name` varchar(50) DEFAULT NULL COMMENT 'åŒºåŸŸåç§°',
  PRIMARY KEY (`id`),
  UNIQUE KEY `tb_order_collect_id_uindex` (`id`)
) ENGINE=InnoDB DEFAULT CHARSET=utf8mb4 COLLATE=utf8mb4_0900_ai_ci COMMENT='åˆä½œå•†è®¢å•æ±‡æ€»è¡¨';
/*!40101 SET character_set_client = @saved_cs_client */;

--
-- Dumping data for table `tb_order_collect`
--

LOCK TABLES `tb_order_collect` WRITE;
/*!40000 ALTER TABLE `tb_order_collect` DISABLE KEYS */;
INSERT INTO `tb_order_collect` VALUES (1701144293748969474,1,'é‡‘ç‡•é¾™åˆä½œå•†',6,'2023-09-27',0,1,'é¾™é—¨çŸ³çªŸ',3,15,'æ˜Œå¹³'),(1701167701270380546,1,'é‡‘ç‡•é¾™åˆä½œå•†',1,'2023-09-27',0,1,'é¾™é—¨çŸ³çªŸ',3,15,'é¡ºä¹‰'),(1701168456614256642,1,'é‡‘ç‡•é¾™åˆä½œå•†',2,'2023-09-27',0,1,'é¾™é—¨çŸ³çªŸ',3,15,'æµ·æ·€'),(1701168704594092033,1,'é‡‘ç‡•é¾™åˆä½œå•†',4,'2023-09-27',0,1,'é¾™é—¨çŸ³çªŸ',3,15,'ä¸œåŸ'),(1701168956252332033,1,'é‡‘ç‡•é¾™åˆä½œå•†',5,'2023-09-27',0,1,'é¾™é—¨çŸ³çªŸ',3,15,'æœé˜³');
/*!40000 ALTER TABLE `tb_order_collect` ENABLE KEYS */;
UNLOCK TABLES;

--
-- Table structure for table `tb_order_month_collect`
--

DROP TABLE IF EXISTS `tb_order_month_collect`;
/*!40101 SET @saved_cs_client     = @@character_set_client */;
/*!50503 SET character_set_client = utf8mb4 */;
CREATE TABLE `tb_order_month_collect` (
  `id` bigint NOT NULL COMMENT 'id',
  `partner_id` int DEFAULT NULL COMMENT 'åˆä½œå•†Id',
  `partner_name` varchar(100) DEFAULT NULL COMMENT 'åˆä½œå•†åç§°',
  `region_id` int DEFAULT NULL COMMENT 'åŒºåŸŸId',
  `region_name` varchar(50) DEFAULT NULL COMMENT 'åœ°åŒºåç§°',
  `order_total_money` bigint DEFAULT NULL COMMENT 'è®¢å•æ€»é‡‘é¢',
  `order_total_count` bigint DEFAULT NULL COMMENT 'è®¢å•æ€»æ•°',
  `month` int DEFAULT NULL COMMENT 'æœˆä»½',
  `year` int DEFAULT NULL COMMENT 'å¹´ä»½',
  PRIMARY KEY (`id`),
  UNIQUE KEY `tb_order_month_collect_id_uindex` (`id`)
) ENGINE=InnoDB DEFAULT CHARSET=utf8mb4 COLLATE=utf8mb4_0900_ai_ci COMMENT='æŒ‰æœˆç»Ÿè®¡å„å…¬å¸é”€å”®æƒ…å†µè¡¨';
/*!40101 SET character_set_client = @saved_cs_client */;

--
-- Dumping data for table `tb_order_month_collect`
--

LOCK TABLES `tb_order_month_collect` WRITE;
/*!40000 ALTER TABLE `tb_order_month_collect` DISABLE KEYS */;
/*!40000 ALTER TABLE `tb_order_month_collect` ENABLE KEYS */;
UNLOCK TABLES;

--
-- Table structure for table `tb_partner`
--

DROP TABLE IF EXISTS `tb_partner`;
/*!40101 SET @saved_cs_client     = @@character_set_client */;
/*!50503 SET character_set_client = utf8mb4 */;
CREATE TABLE `tb_partner` (
  `id` int NOT NULL AUTO_INCREMENT COMMENT 'ä¸»é”®ID',
  `partner_name` varchar(255) NOT NULL COMMENT 'åˆä½œå•†åç§°',
  `contact_person` varchar(64) NOT NULL COMMENT 'è”ç³»äºº',
  `contact_phone` varchar(20) NOT NULL COMMENT 'è”ç³»ç”µè¯',
  `profit_share_ratio` int NOT NULL COMMENT 'åˆ†æˆæ¯”ä¾‹',
  `username` varchar(64) NOT NULL COMMENT 'è´¦å·',
  `password` varchar(64) NOT NULL COMMENT 'å¯†ç ',
  `create_time` timestamp NULL DEFAULT CURRENT_TIMESTAMP COMMENT 'åˆ›å»ºæ—¶é—´',
  `update_time` timestamp NULL DEFAULT CURRENT_TIMESTAMP ON UPDATE CURRENT_TIMESTAMP COMMENT 'æ›´æ–°æ—¶é—´',
  `create_by` varchar(100) DEFAULT NULL COMMENT 'åˆ›å»ºäºº',
  `update_by` varchar(100) DEFAULT NULL COMMENT 'æ›´æ–°äºº',
  `remark` text COMMENT 'å¤‡æ³¨',
  PRIMARY KEY (`id`)
) ENGINE=InnoDB AUTO_INCREMENT=6 DEFAULT CHARSET=utf8mb4 COLLATE=utf8mb4_0900_ai_ci COMMENT='åˆä½œå•†è¡¨';
/*!40101 SET character_set_client = @saved_cs_client */;

--
-- Dumping data for table `tb_partner`
--

LOCK TABLES `tb_partner` WRITE;
/*!40000 ALTER TABLE `tb_partner` DISABLE KEYS */;
INSERT INTO `tb_partner` VALUES (1,'åŒ—äº¬ç§‘æŠ€æœ‰é™å…¬å¸','å¼ ä¸‰','13800138000',50,'beijingtech','secret','2024-08-29 09:06:20','2024-08-29 09:06:20','Admin','Admin','ä¸€å®¶ç§‘æŠ€å…¬å¸'),(2,'äº¬åé¤é¥®é›†å›¢','æå››','13800138001',40,'jinghuacatering','secret','2024-08-29 09:06:20','2024-08-29 09:06:20','Admin','Admin','ä¸€å®¶é¤é¥®å…¬å¸'),(3,'ä¼ æ™ºåˆä½œå•†','å°æ™º','13500135000',20,'1350013500','$2a$10$S/hehV2mFrbXrTcQFy/W2uWL9hTpRchshmNs3.ZJfiKfCc1yqdTva','2024-08-29 11:19:48','2024-08-30 05:42:44',NULL,NULL,NULL),(4,'é»‘é©¬åˆä½œå•†','æ’­å¦','13500135001',20,'13500135001','$2a$10$d5asWuV7LADr/jmkxS84RO6YnDOTh5PR0uWtbwhvnOGtACiOfNN/G','2024-08-29 14:08:33','2024-08-31 13:28:46',NULL,NULL,NULL);
/*!40000 ALTER TABLE `tb_partner` ENABLE KEYS */;
UNLOCK TABLES;

--
-- Table structure for table `tb_policy`
--

DROP TABLE IF EXISTS `tb_policy`;
/*!40101 SET @saved_cs_client     = @@character_set_client */;
/*!50503 SET character_set_client = utf8mb4 */;
CREATE TABLE `tb_policy` (
  `policy_id` bigint NOT NULL AUTO_INCREMENT COMMENT 'ç­–ç•¥id',
  `policy_name` varchar(30) DEFAULT NULL COMMENT 'ç­–ç•¥åç§°',
  `discount` int DEFAULT NULL COMMENT 'ç­–ç•¥æ–¹æ¡ˆï¼Œå¦‚ï¼š80ä»£è¡¨8æŠ˜',
  `create_time` timestamp NULL DEFAULT CURRENT_TIMESTAMP COMMENT 'åˆ›å»ºæ—¶é—´',
  `update_time` timestamp NULL DEFAULT CURRENT_TIMESTAMP COMMENT 'ä¿®æ”¹æ—¶é—´',
  PRIMARY KEY (`policy_id`),
  UNIQUE KEY `tb_policy_policy_name_uindex` (`policy_name`)
) ENGINE=InnoDB AUTO_INCREMENT=22 DEFAULT CHARSET=utf8mb4 COLLATE=utf8mb4_0900_ai_ci COMMENT='ç­–ç•¥è¡¨';
/*!40101 SET character_set_client = @saved_cs_client */;

--
-- Dumping data for table `tb_policy`
--

LOCK TABLES `tb_policy` WRITE;
/*!40000 ALTER TABLE `tb_policy` DISABLE KEYS */;
INSERT INTO `tb_policy` VALUES (1,'ä¹æŠ˜ä¼˜æƒ ',90,'2020-09-14 02:51:05','2021-02-01 08:25:06'),(2,'å…«æŠ˜ä¼˜æƒ ',80,'2020-12-18 06:10:39','2020-12-18 06:10:39'),(5,'å†¬å­£æŠ˜æ‰£',70,'2021-01-11 07:29:32','2024-05-13 14:15:32'),(9,'æ¸…çˆ½å¤æ—¥',50,'2021-02-01 08:23:10','2024-05-13 14:15:51'),(11,'é…·å¤å†°ç‚¹ä»·',65,'2024-08-31 17:31:36','2024-08-31 17:31:43');
/*!40000 ALTER TABLE `tb_policy` ENABLE KEYS */;
UNLOCK TABLES;

--
-- Table structure for table `tb_region`
--

DROP TABLE IF EXISTS `tb_region`;
/*!40101 SET @saved_cs_client     = @@character_set_client */;
/*!50503 SET character_set_client = utf8mb4 */;
CREATE TABLE `tb_region` (
  `id` int NOT NULL AUTO_INCREMENT COMMENT 'ä¸»é”®ID',
  `region_name` varchar(255) NOT NULL COMMENT 'åŒºåŸŸåç§°',
  `create_time` timestamp NULL DEFAULT CURRENT_TIMESTAMP COMMENT 'åˆ›å»ºæ—¶é—´',
  `update_time` timestamp NULL DEFAULT CURRENT_TIMESTAMP ON UPDATE CURRENT_TIMESTAMP COMMENT 'æ›´æ–°æ—¶é—´',
  `create_by` varchar(100) DEFAULT NULL COMMENT 'åˆ›å»ºäºº',
  `update_by` varchar(100) DEFAULT NULL COMMENT 'æ›´æ–°äºº',
  `remark` text COMMENT 'å¤‡æ³¨',
  PRIMARY KEY (`id`)
) ENGINE=InnoDB AUTO_INCREMENT=10 DEFAULT CHARSET=utf8mb4 COLLATE=utf8mb4_0900_ai_ci COMMENT='åŒºåŸŸè¡¨';
/*!40101 SET character_set_client = @saved_cs_client */;

--
-- Dumping data for table `tb_region`
--

LOCK TABLES `tb_region` WRITE;
/*!40000 ALTER TABLE `tb_region` DISABLE KEYS */;
INSERT INTO `tb_region` VALUES (1,'åŒ—äº¬å¸‚æœé˜³åŒº','2024-08-29 09:06:19','2024-09-01 22:33:47','Admin','Admin','åŒ—äº¬å¸‚æœé˜³åŒº'),(2,'åŒ—äº¬å¸‚æµ·æ·€åŒº','2024-08-29 09:06:19','2024-09-01 22:34:01','Admin','Admin','åŒ—äº¬å¸‚æµ·æ·€åŒº'),(3,'åŒ—äº¬å¸‚è¥¿åŸåŒº','2024-08-29 09:06:19','2024-09-01 22:34:19','Admin','Admin','åŒ—äº¬å¸‚è¥¿åŸåŒº'),(4,'åŒ—äº¬å¸‚åŒ—äº”ç¯å¥¥ä½“ä¸­å¿ƒ','2024-08-29 09:52:11','2024-08-31 13:12:59',NULL,NULL,'åŒ—äº¬å¸‚åŒ—äº”ç¯å¥¥ä½“ä¸­å¿ƒ');
/*!40000 ALTER TABLE `tb_region` ENABLE KEYS */;
UNLOCK TABLES;

--
-- Table structure for table `tb_role`
--

DROP TABLE IF EXISTS `tb_role`;
/*!40101 SET @saved_cs_client     = @@character_set_client */;
/*!50503 SET character_set_client = utf8mb4 */;
CREATE TABLE `tb_role` (
  `role_id` int NOT NULL AUTO_INCREMENT,
  `role_code` varchar(50) DEFAULT NULL COMMENT 'è§’è‰²ç¼–ç \n',
  `role_name` varchar(50) DEFAULT NULL COMMENT 'è§’è‰²åç§°\n',
  PRIMARY KEY (`role_id`),
  UNIQUE KEY `tb_role_role_code_uindex` (`role_code`),
  UNIQUE KEY `tb_role_role_name_uindex` (`role_name`)
) ENGINE=InnoDB AUTO_INCREMENT=5 DEFAULT CHARSET=utf8mb4 COLLATE=utf8mb4_0900_ai_ci COMMENT='å·¥å•è§’è‰²è¡¨';
/*!40101 SET character_set_client = @saved_cs_client */;

--
-- Dumping data for table `tb_role`
--

LOCK TABLES `tb_role` WRITE;
/*!40000 ALTER TABLE `tb_role` DISABLE KEYS */;
INSERT INTO `tb_role` VALUES (1,'1001','å·¥å•ç®¡ç†å‘˜'),(2,'1002','è¿è¥å‘˜'),(3,'1003','ç»´ä¿®å‘˜');
/*!40000 ALTER TABLE `tb_role` ENABLE KEYS */;
UNLOCK TABLES;

--
-- Table structure for table `tb_sku`
--

DROP TABLE IF EXISTS `tb_sku`;
/*!40101 SET @saved_cs_client     = @@character_set_client */;
/*!50503 SET character_set_client = utf8mb4 */;
CREATE TABLE `tb_sku` (
  `sku_id` bigint NOT NULL AUTO_INCREMENT COMMENT 'ä¸»é”®',
  `sku_name` varchar(50) NOT NULL COMMENT 'å•†å“åç§°',
  `sku_image` varchar(500) NOT NULL COMMENT 'å•†å“å›¾ç‰‡',
  `brand_Name` varchar(50) NOT NULL COMMENT 'å“ç‰Œ',
  `unit` varchar(20) DEFAULT NULL COMMENT 'è§„æ ¼(å‡€å«é‡)',
  `price` int NOT NULL DEFAULT '1' COMMENT 'å•†å“ä»·æ ¼ï¼Œå•ä½åˆ†',
  `class_id` int NOT NULL COMMENT 'å•†å“ç±»å‹Id',
  `is_discount` tinyint(1) DEFAULT '0' COMMENT 'æ˜¯å¦æ‰“æŠ˜ä¿ƒé”€',
  `create_time` timestamp NULL DEFAULT CURRENT_TIMESTAMP COMMENT 'åˆ›å»ºæ—¶é—´',
  `update_time` timestamp NULL DEFAULT CURRENT_TIMESTAMP COMMENT 'ä¿®æ”¹æ—¶é—´',
  PRIMARY KEY (`sku_id`),
  UNIQUE KEY `tb_sku_sku_name_uindex` (`sku_name`),
  KEY `sku_sku_class_ClassId_fk` (`class_id`),
  CONSTRAINT `tb_sku_ibfk_1` FOREIGN KEY (`class_id`) REFERENCES `tb_sku_class` (`class_id`)
) ENGINE=InnoDB AUTO_INCREMENT=21 DEFAULT CHARSET=utf8mb4 COLLATE=utf8mb4_0900_ai_ci COMMENT='å•†å“è¡¨';
/*!40101 SET character_set_client = @saved_cs_client */;

--
-- Dumping data for table `tb_sku`
--

LOCK TABLES `tb_sku` WRITE;
/*!40000 ALTER TABLE `tb_sku` DISABLE KEYS */;
INSERT INTO `tb_sku` VALUES (1,'å¯å£å¯ä¹','https://likede2-java.itheima.net/image/product1.png','å¯å£å¯ä¹','550ML',200,1,1,'2020-09-14 01:14:17','2024-05-14 02:47:42'),(2,'åº·å¸ˆå‚…','https://likede2-java.itheima.net/image/product2.png','å¯å£å¯ä¹','330ML',200,1,0,'2020-09-14 01:15:43','2024-05-14 02:47:52'),(3,'ç»Ÿä¸€å¥¶èŒ¶','https://likede2-java.itheima.net/image/product3.png','å¯å£å¯ä¹','500ML',100,1,0,'2020-09-16 06:41:50','2020-09-16 06:41:50'),(4,'é’æ¢…ç»¿èŒ¶','https://likede2-java.itheima.net/image/product4.png','å¯å£å¯ä¹','500ML',200,1,0,'2020-11-20 10:27:35','2020-11-20 10:27:35'),(5,'å†°ç³–é›ªæ¢¨','https://likede2-java.itheima.net/image/product5.png','å†°ç³–é›ªæ¢¨','500ML',250,1,0,'2020-12-18 06:03:41','2024-05-14 02:47:28'),(6,'æ€¡å®è‡³å°Š','https://likede2-java.itheima.net/image/product6.png','æ€¡å®','500ML',200,1,0,'2020-12-18 06:04:02','2024-05-14 02:47:35'),(7,'ä¸€ç™¾æ©™æ±','https://likede2-java.itheima.net/image/product7.png','100æ©™æ±è‡ªç„¶çº¯','500ML',100,1,0,'2020-12-18 06:04:26','2020-12-18 06:04:26'),(8,'é­”åŠ›èŠ±èŒ¶','https://likede2-java.itheima.net/image/product8.png','èŒ‰è‰èŠ±èŒ¶','500ML',100,1,0,'2020-12-18 06:04:45','2020-12-18 06:04:45'),(9,'æ–°æ˜Ÿå·´å…‹','https://likede2-java.itheima.net/image/product9.png','æ˜Ÿå·´å…‹','500ML',100,1,0,'2020-12-18 06:05:01','2020-12-18 06:05:01'),(17,'ç»Ÿä¸€å¥¶èŒ¶plus','https://likede2-java.itheima.net/image/product3.png','å¯å£å¯ä¹','500ML',100,1,0,'2024-09-01 10:49:42','2024-09-01 10:49:42'),(18,'é’æ¢…ç»¿èŒ¶plus','https://likede2-java.itheima.net/image/product4.png','å¯å£å¯ä¹','500ML',200,1,0,'2024-09-01 10:49:42','2024-09-01 10:49:42'),(19,'é­”åŠ›èŠ±èŒ¶plus','https://likede2-java.itheima.net/image/product8.png','èŒ‰è‰èŠ±èŒ¶','500ML',100,1,0,'2024-09-01 10:49:42','2024-09-01 10:49:42'),(20,'å¯å£å¯ä¹plus','https://likede2-java.itheima.net/image/product1.png','å¯å£å¯ä¹','550ML',200,1,0,'2024-09-01 12:02:18','2024-09-01 12:02:18');
/*!40000 ALTER TABLE `tb_sku` ENABLE KEYS */;
UNLOCK TABLES;

--
-- Table structure for table `tb_sku_class`
--

DROP TABLE IF EXISTS `tb_sku_class`;
/*!40101 SET @saved_cs_client     = @@character_set_client */;
/*!50503 SET character_set_client = utf8mb4 */;
CREATE TABLE `tb_sku_class` (
  `class_id` int NOT NULL AUTO_INCREMENT COMMENT 'ä¸»é”®',
  `class_name` varchar(50) DEFAULT '' COMMENT 'ç±»åˆ«åç§°',
  `parent_id` int DEFAULT '0' COMMENT 'ä¸Šçº§id',
  PRIMARY KEY (`class_id`),
  UNIQUE KEY `tb_sku_class_class_name_uindex` (`class_name`)
) ENGINE=InnoDB AUTO_INCREMENT=21 DEFAULT CHARSET=utf8mb4 COLLATE=utf8mb4_0900_ai_ci COMMENT='å•†å“ç±»å‹è¡¨';
/*!40101 SET character_set_client = @saved_cs_client */;

--
-- Dumping data for table `tb_sku_class`
--

LOCK TABLES `tb_sku_class` WRITE;
/*!40000 ALTER TABLE `tb_sku_class` DISABLE KEYS */;
INSERT INTO `tb_sku_class` VALUES (1,'é¥®æ–™',0),(2,'é›¶é£Ÿ',0),(3,'é£Ÿå“',0),(4,'ç©å…·',0),(14,'åŒ–å¦†å“',0),(15,'ç”µå­æ•°ç ',0);
/*!40000 ALTER TABLE `tb_sku_class` ENABLE KEYS */;
UNLOCK TABLES;

--
-- Table structure for table `tb_task`
--

DROP TABLE IF EXISTS `tb_task`;
/*!40101 SET @saved_cs_client     = @@character_set_client */;
/*!50503 SET character_set_client = utf8mb4 */;
CREATE TABLE `tb_task` (
  `task_id` bigint NOT NULL AUTO_INCREMENT COMMENT 'å·¥å•ID',
  `task_code` varchar(40) CHARACTER SET utf8mb4 COLLATE utf8mb4_unicode_ci NOT NULL COMMENT 'å·¥å•ç¼–å·',
  `task_status` int DEFAULT NULL COMMENT 'å·¥å•çŠ¶æ€',
  `create_type` int DEFAULT NULL COMMENT 'åˆ›å»ºç±»å‹ 0ï¼šè‡ªåŠ¨ 1ï¼šæ‰‹åŠ¨',
  `inner_code` varchar(15) CHARACTER SET utf8mb4 COLLATE utf8mb4_unicode_ci DEFAULT NULL COMMENT 'å”®è´§æœºç¼–ç ',
  `user_id` int DEFAULT NULL COMMENT 'æ‰§è¡Œäººid',
  `user_name` varchar(50) CHARACTER SET utf8mb4 COLLATE utf8mb4_unicode_ci DEFAULT NULL COMMENT 'æ‰§è¡Œäººåç§°',
  `region_id` bigint DEFAULT NULL COMMENT 'æ‰€å±åŒºåŸŸId',
  `desc` varchar(200) CHARACTER SET utf8mb4 COLLATE utf8mb4_unicode_ci DEFAULT NULL COMMENT 'å¤‡æ³¨',
  `product_type_id` int DEFAULT '1' COMMENT 'å·¥å•ç±»å‹id',
  `assignor_id` int DEFAULT NULL COMMENT 'æŒ‡æ´¾äººId',
  `addr` varchar(200) CHARACTER SET utf8mb4 COLLATE utf8mb4_unicode_ci DEFAULT NULL COMMENT 'åœ°å€',
  `create_time` timestamp NULL DEFAULT CURRENT_TIMESTAMP COMMENT 'åˆ›å»ºæ—¶é—´',
  `update_time` timestamp NULL DEFAULT CURRENT_TIMESTAMP COMMENT 'æ›´æ–°æ—¶é—´',
  PRIMARY KEY (`task_id`),
  UNIQUE KEY `tb_task_task_code_uindex` (`task_code`),
  KEY `task_productiontype_TypeId_fk` (`product_type_id`),
  KEY `task_taskstatustype_StatusID_fk` (`task_status`),
  KEY `task_tasktype_TypeId_fk` (`create_type`)
) ENGINE=InnoDB AUTO_INCREMENT=551 DEFAULT CHARSET=utf8mb4 COLLATE=utf8mb4_unicode_ci COMMENT='å·¥å•è¡¨';
/*!40101 SET character_set_client = @saved_cs_client */;

--
-- Dumping data for table `tb_task`
--

LOCK TABLES `tb_task` WRITE;
/*!40000 ALTER TABLE `tb_task` DISABLE KEYS */;
INSERT INTO `tb_task` VALUES (523,'202303220001',4,1,'RhLWjaeR',8,'è®¸è¤š',1,'æŠ•æ”¾',1,1,'æ²³å—çœ-æ´›é˜³å¸‚-é¾™é—¨çŸ³çªŸ','2023-03-22 07:51:54','2024-08-22 07:57:05'),(524,'202303220002',4,1,'iSzMcQXJ',8,'è®¸è¤š',1,'æŠ•æ”¾',1,1,'æ²³å—çœ-æ´›é˜³å¸‚-é¾™é—¨çŸ³çªŸ','2023-03-22 08:02:26','2024-08-22 08:13:24'),(525,'202303220003',4,1,'iSzMcQXJ',8,'è®¸è¤š',1,'11',1,1,'æ²³å—çœ-æ´›é˜³å¸‚-é¾™é—¨çŸ³çªŸ','2023-03-22 09:11:22','2024-08-22 09:12:15'),(526,'202303220004',4,1,'A1000001',6,'æ›¹æ“',1,'1',2,1,'æ²³å—çœ-æ´›é˜³å¸‚-é¾™é—¨çŸ³çªŸ','2023-03-22 09:14:45','2024-08-22 09:16:46'),(527,'202303240001',4,1,'A1000001',9,'å¼ è¾½',1,'111',3,1,'æ²³å—çœ-æ´›é˜³å¸‚-é¾™é—¨çŸ³çªŸ','2023-03-24 02:41:10','2024-08-24 02:41:10'),(528,'202303240002',4,1,'Ut548Hpf',8,'è®¸è¤š',1,'111',3,1,'æ²³å—çœ-æ´›é˜³å¸‚-æ´›é˜³ç™½äº‘å±±','2023-03-24 02:42:50','2024-08-24 02:42:50'),(529,'202303240003',4,1,'aim5xu4I',50,'å­™ä¸€ç™¾',1,'111',3,1,'æ²³å—çœ-æ´›é˜³å¸‚-æ´›é˜³ç™½äº‘å±±','2023-03-24 02:43:43','2024-08-24 02:43:43'),(530,'202303240004',4,1,'5cy5BdUs',50,'å­™ä¸€ç™¾',1,'111',3,1,'æ²³å—çœ-æ´›é˜³å¸‚-æ´›é˜³ç™½äº‘å±±','2023-03-24 02:44:26','2024-08-24 02:44:26'),(531,'202303240005',1,0,'A1000001',50,'å­™ä¸€ç™¾',1,'{\"innerCode\":\"A1000001\",\"statusInfo\":[{\"statusCode\":\"1001\",\"status\":true},{\"statusCode\":\"1002\",\"status\":false},{\"statusCode\":\"1003\",\"status\":true}]}',3,1,'æ²³å—çœ-æ´›é˜³å¸‚-é¾™é—¨çŸ³çªŸ','2023-03-24 10:04:44','2024-08-24 10:04:44'),(533,'202309200001',3,1,'RhLWjaeR',8,'è®¸è¤š',1,'',1,1,'æ²³å—çœ-æ´›é˜³å¸‚-é¾™é—¨çŸ³çªŸ','2023-09-20 08:30:53','2024-08-18 08:08:00'),(535,'202405170001',4,1,'vWgqPhpu',8,'è®¸è¤š',1,'ä¸æƒ³å¹²äº†',1,1,'åŒ—äº¬å¸‚æ˜Œå¹³åŒºå»ºæåŸè¥¿è·¯22å·','2024-05-17 06:39:26','2024-08-18 08:08:00'),(542,'202405180001',4,1,'vWgqPhpu',6,'æ›¹æ“',1,'å–å®Œè´§äº†',2,1,'åŒ—äº¬å¸‚æ˜Œå¹³åŒºå»ºæåŸè¥¿è·¯22å·','2024-05-18 07:13:05','2024-08-18 08:08:00'),(543,'202405190001',1,1,'K6YYXHLY',13,'é™†é€Š',3,'',1,1,'åŒ—äº¬é¡ºä¹‰åŒºå›½é™…é²œèŠ±æ¸¯','2024-05-19 10:45:06','2024-08-19 13:13:16'),(544,'202409020001',3,1,'nf2UVwi5',4,'å¼ é£',2,'åå°å·¥ä½œäººå‘˜å–æ¶ˆ',1,1,'åŒ—äº¬å¸‚æœé˜³åŒºå»ºå›½é—¨å¤–å¤§è¡—1å·','2024-09-02 00:44:53','2024-09-02 04:40:29'),(545,'202409020002',3,1,'A1000001',10,'å­™æƒ',3,'åå°å·¥ä½œäººå‘˜å–æ¶ˆ',2,1,'åŒ—äº¬å¸‚ä¸œåŸåŒºç‹åºœäº•å¤§è¡—','2024-09-02 00:49:28','2024-09-02 04:40:52'),(546,'202409020003',3,1,'A1000001',10,'å­™æƒ',3,'åå°å·¥ä½œäººå‘˜å–æ¶ˆ',2,1,'åŒ—äº¬å¸‚ä¸œåŸåŒºç‹åºœäº•å¤§è¡—','2024-09-02 04:48:47','2024-09-02 05:57:41'),(547,'202409020004',1,1,'A1000001',10,'å­™æƒ',3,'æ€¥å•',2,1,'åŒ—äº¬å¸‚ä¸œåŸåŒºç‹åºœäº•å¤§è¡—','2024-09-02 06:01:51','2024-09-02 06:01:51'),(548,'202409020005',4,1,'wxX4jTME',58,'æ’­å¦',4,'è¾›è‹¦äº†ï¼ŒåŠ æ€¥å•',1,1,'åŒ—äº¬å¸‚æœé˜³åŒºå›½å®¶ä½“è‚²é¦†å—è·¯1å·','2024-09-02 11:29:08','2024-09-02 11:29:08'),(549,'202409020006',4,1,'wxX4jTME',57,'å°æ™º',4,'æ–°è®¾å¤‡æŠ•æ”¾ï¼ŒåŠ æ€¥å•',2,1,'åŒ—äº¬å¸‚æœé˜³åŒºå›½å®¶ä½“è‚²é¦†å—è·¯1å·','2024-09-02 11:42:37','2024-09-02 11:42:37'),(550,'202409020007',4,1,'wxX4jTME',57,'å°æ™º',4,'è¾›è‹¦äº†',2,1,'åŒ—äº¬å¸‚æœé˜³åŒºå›½å®¶ä½“è‚²é¦†å—è·¯1å·','2024-09-02 13:31:45','2024-09-02 13:31:44');
/*!40000 ALTER TABLE `tb_task` ENABLE KEYS */;
UNLOCK TABLES;

--
-- Table structure for table `tb_task_collect`
--

DROP TABLE IF EXISTS `tb_task_collect`;
/*!40101 SET @saved_cs_client     = @@character_set_client */;
/*!50503 SET character_set_client = utf8mb4 */;
CREATE TABLE `tb_task_collect` (
  `id` int NOT NULL AUTO_INCREMENT,
  `user_id` int DEFAULT NULL,
  `finish_count` int DEFAULT '0' COMMENT 'å½“æ—¥å·¥å•å®Œæˆæ•°',
  `progress_count` int DEFAULT '0' COMMENT 'å½“æ—¥è¿›è¡Œä¸­çš„å·¥å•æ•°',
  `cancel_count` int DEFAULT '0' COMMENT 'å½“æ—¥å–æ¶ˆå·¥å•æ•°',
  `collect_date` date DEFAULT NULL COMMENT 'æ±‡æ€»çš„æ—¥æœŸ',
  PRIMARY KEY (`id`)
) ENGINE=InnoDB AUTO_INCREMENT=90 DEFAULT CHARSET=utf8mb4 COLLATE=utf8mb4_unicode_ci COMMENT='å·¥å•æŒ‰æ—¥ç»Ÿè®¡è¡¨';
/*!40101 SET character_set_client = @saved_cs_client */;

--
-- Dumping data for table `tb_task_collect`
--

LOCK TABLES `tb_task_collect` WRITE;
/*!40000 ALTER TABLE `tb_task_collect` DISABLE KEYS */;
INSERT INTO `tb_task_collect` VALUES (89,NULL,0,0,0,NULL);
/*!40000 ALTER TABLE `tb_task_collect` ENABLE KEYS */;
UNLOCK TABLES;

--
-- Table structure for table `tb_task_details`
--

DROP TABLE IF EXISTS `tb_task_details`;
/*!40101 SET @saved_cs_client     = @@character_set_client */;
/*!50503 SET character_set_client = utf8mb4 */;
CREATE TABLE `tb_task_details` (
  `details_id` bigint NOT NULL AUTO_INCREMENT,
  `task_id` bigint DEFAULT NULL COMMENT 'å·¥å•Id',
  `channel_code` varchar(10) CHARACTER SET utf8mb4 COLLATE utf8mb4_unicode_ci DEFAULT NULL COMMENT 'è´§é“ç¼–å·',
  `expect_capacity` int NOT NULL DEFAULT '0' COMMENT 'è¡¥è´§æœŸæœ›å®¹é‡',
  `sku_id` bigint DEFAULT NULL COMMENT 'å•†å“Id',
  `sku_name` varchar(50) CHARACTER SET utf8mb4 COLLATE utf8mb4_unicode_ci DEFAULT NULL,
  `sku_image` varchar(500) CHARACTER SET utf8mb4 COLLATE utf8mb4_unicode_ci DEFAULT NULL,
  PRIMARY KEY (`details_id`),
  KEY `taskdetails_task_TaskId_fk` (`task_id`),
  CONSTRAINT `taskdetails_task_TaskId_fk` FOREIGN KEY (`task_id`) REFERENCES `tb_task` (`task_id`)
) ENGINE=InnoDB AUTO_INCREMENT=3810 DEFAULT CHARSET=utf8mb4 COLLATE=utf8mb4_unicode_ci COMMENT='å·¥å•è¯¦æƒ…ï¼Œåªæœ‰è¡¥è´§å·¥å•æ‰æœ‰';
/*!40101 SET character_set_client = @saved_cs_client */;

--
-- Dumping data for table `tb_task_details`
--

LOCK TABLES `tb_task_details` WRITE;
/*!40000 ALTER TABLE `tb_task_details` DISABLE KEYS */;
INSERT INTO `tb_task_details` VALUES (3750,526,'1-1',8,1,'å¯å£å¯ä¹','https://likede2-java.itheima.net/image/product1.png'),(3751,526,'1-2',9,1,'å¯å£å¯ä¹','https://likede2-java.itheima.net/image/product1.png'),(3752,526,'1-3',1,2,'å°åº·å¸ˆå‚…','https://likede2-java.itheima.net/image/product2.png'),(3753,526,'1-5',6,3,'ç»Ÿä¸€å¥¶èŒ¶','https://likede2-java.itheima.net/image/product3.png'),(3754,526,'3-1',1,7,'ä¸€ç™¾æ©™æ±','https://likede2-java.itheima.net/image/product7.png'),(3755,526,'3-6',10,1,'å¯å£å¯ä¹','https://likede2-java.itheima.net/image/product1.png'),(3768,542,'1-1',5,1,'å¯å£å¯ä¹','https://likede2-java.itheima.net/image/product1.png'),(3769,542,'1-2',5,2,'åº·å¸ˆå‚…','https://likede2-java.itheima.net/image/product2.png'),(3770,545,'1-1',2,9,'æ–°æ˜Ÿå·´å…‹','https://likede2-java.itheima.net/image/product9.png'),(3771,545,'1-2',4,2,'åº·å¸ˆå‚…','https://likede2-java.itheima.net/image/product2.png'),(3772,545,'1-3',4,2,'åº·å¸ˆå‚…','https://likede2-java.itheima.net/image/product2.png'),(3773,545,'1-5',1,3,'ç»Ÿä¸€å¥¶èŒ¶','https://likede2-java.itheima.net/image/product3.png'),(3774,545,'1-6',6,4,'é’æ¢…ç»¿èŒ¶','https://likede2-java.itheima.net/image/product4.png'),(3775,545,'2-3',10,8,'é­”åŠ›èŠ±èŒ¶','https://likede2-java.itheima.net/image/product8.png'),(3776,545,'2-4',1,9,'æ–°æ˜Ÿå·´å…‹','https://likede2-java.itheima.net/image/product9.png'),(3777,545,'2-5',4,2,'åº·å¸ˆå‚…','https://likede2-java.itheima.net/image/product2.png'),(3778,545,'3-1',5,7,'ä¸€ç™¾æ©™æ±','https://likede2-java.itheima.net/image/product7.png'),(3779,545,'4-1',9,2,'åº·å¸ˆå‚…','https://likede2-java.itheima.net/image/product2.png'),(3780,545,'4-3',4,5,'å†°ç³–é›ªæ¢¨','https://likede2-java.itheima.net/image/product5.png'),(3781,546,'1-1',1,9,'æ–°æ˜Ÿå·´å…‹','https://likede2-java.itheima.net/image/product9.png'),(3782,546,'1-2',4,2,'åº·å¸ˆå‚…','https://likede2-java.itheima.net/image/product2.png'),(3783,546,'1-3',2,2,'åº·å¸ˆå‚…','https://likede2-java.itheima.net/image/product2.png'),(3784,546,'1-5',1,3,'ç»Ÿä¸€å¥¶èŒ¶','https://likede2-java.itheima.net/image/product3.png'),(3785,546,'1-6',6,4,'é’æ¢…ç»¿èŒ¶','https://likede2-java.itheima.net/image/product4.png'),(3786,546,'2-3',10,8,'é­”åŠ›èŠ±èŒ¶','https://likede2-java.itheima.net/image/product8.png'),(3787,546,'2-4',1,9,'æ–°æ˜Ÿå·´å…‹','https://likede2-java.itheima.net/image/product9.png'),(3788,546,'2-5',4,2,'åº·å¸ˆå‚…','https://likede2-java.itheima.net/image/product2.png'),(3789,546,'3-1',5,7,'ä¸€ç™¾æ©™æ±','https://likede2-java.itheima.net/image/product7.png'),(3790,546,'4-1',9,2,'åº·å¸ˆå‚…','https://likede2-java.itheima.net/image/product2.png'),(3791,546,'4-3',4,5,'å†°ç³–é›ªæ¢¨','https://likede2-java.itheima.net/image/product5.png'),(3792,547,'1-1',1,9,'æ–°æ˜Ÿå·´å…‹','https://likede2-java.itheima.net/image/product9.png'),(3793,547,'1-2',4,2,'åº·å¸ˆå‚…','https://likede2-java.itheima.net/image/product2.png'),(3794,547,'1-3',1,2,'åº·å¸ˆå‚…','https://likede2-java.itheima.net/image/product2.png'),(3795,547,'1-5',1,3,'ç»Ÿä¸€å¥¶èŒ¶','https://likede2-java.itheima.net/image/product3.png'),(3796,547,'1-6',6,4,'é’æ¢…ç»¿èŒ¶','https://likede2-java.itheima.net/image/product4.png'),(3797,547,'2-3',5,8,'é­”åŠ›èŠ±èŒ¶','https://likede2-java.itheima.net/image/product8.png'),(3798,547,'2-4',1,9,'æ–°æ˜Ÿå·´å…‹','https://likede2-java.itheima.net/image/product9.png'),(3799,547,'2-5',3,2,'åº·å¸ˆå‚…','https://likede2-java.itheima.net/image/product2.png'),(3800,547,'3-1',5,7,'ä¸€ç™¾æ©™æ±','https://likede2-java.itheima.net/image/product7.png'),(3801,547,'4-1',9,2,'åº·å¸ˆå‚…','https://likede2-java.itheima.net/image/product2.png'),(3802,547,'4-3',4,5,'å†°ç³–é›ªæ¢¨','https://likede2-java.itheima.net/image/product5.png'),(3803,549,'1-1',10,1,'å¯å£å¯ä¹','https://likede2-java.itheima.net/image/product1.png'),(3804,549,'1-2',10,2,'åº·å¸ˆå‚…','https://likede2-java.itheima.net/image/product2.png'),(3805,549,'1-3',10,3,'ç»Ÿä¸€å¥¶èŒ¶','https://likede2-java.itheima.net/image/product3.png'),(3806,549,'1-4',10,4,'é’æ¢…ç»¿èŒ¶','https://likede2-java.itheima.net/image/product4.png'),(3807,549,'1-5',10,5,'å†°ç³–é›ªæ¢¨','https://likede2-java.itheima.net/image/product5.png'),(3808,549,'1-6',10,6,'æ€¡å®è‡³å°Š','https://likede2-java.itheima.net/image/product6.png'),(3809,550,'2-1',10,2,'åº·å¸ˆå‚…','https://likede2-java.itheima.net/image/product2.png');
/*!40000 ALTER TABLE `tb_task_details` ENABLE KEYS */;
UNLOCK TABLES;

--
-- Table structure for table `tb_task_type`
--

DROP TABLE IF EXISTS `tb_task_type`;
/*!40101 SET @saved_cs_client     = @@character_set_client */;
/*!50503 SET character_set_client = utf8mb4 */;
CREATE TABLE `tb_task_type` (
  `type_id` int NOT NULL,
  `type_name` varchar(20) CHARACTER SET utf8mb4 COLLATE utf8mb4_unicode_ci DEFAULT NULL COMMENT 'ç±»å‹åç§°',
  `type` int DEFAULT '1' COMMENT 'å·¥å•ç±»å‹ã€‚1:ç»´ä¿®å·¥å•;2:è¿è¥å·¥å•',
  PRIMARY KEY (`type_id`)
) ENGINE=InnoDB DEFAULT CHARSET=utf8mb4 COLLATE=utf8mb4_unicode_ci COMMENT='å·¥å•ç±»å‹';
/*!40101 SET character_set_client = @saved_cs_client */;

--
-- Dumping data for table `tb_task_type`
--

LOCK TABLES `tb_task_type` WRITE;
/*!40000 ALTER TABLE `tb_task_type` DISABLE KEYS */;
INSERT INTO `tb_task_type` VALUES (1,'æŠ•æ”¾å·¥å•',1),(2,'è¡¥è´§å·¥å•',2),(3,'ç»´ä¿®å·¥å•',1),(4,'æ’¤æœºå·¥å•',1);
/*!40000 ALTER TABLE `tb_task_type` ENABLE KEYS */;
UNLOCK TABLES;

--
-- Table structure for table `tb_vending_machine`
--

DROP TABLE IF EXISTS `tb_vending_machine`;
/*!40101 SET @saved_cs_client     = @@character_set_client */;
/*!50503 SET character_set_client = utf8mb4 */;
CREATE TABLE `tb_vending_machine` (
  `id` bigint NOT NULL AUTO_INCREMENT COMMENT 'ä¸»é”®',
  `inner_code` varchar(15) DEFAULT '000' COMMENT 'è®¾å¤‡ç¼–å·',
  `channel_max_capacity` int DEFAULT NULL COMMENT 'è®¾å¤‡å®¹é‡',
  `node_id` int NOT NULL COMMENT 'ç‚¹ä½Id',
  `addr` varchar(100) DEFAULT NULL COMMENT 'è¯¦ç»†åœ°å€',
  `last_supply_time` datetime NOT NULL DEFAULT '2000-01-01 00:00:00' COMMENT 'ä¸Šæ¬¡è¡¥è´§æ—¶é—´',
  `business_type` int NOT NULL COMMENT 'å•†åœˆç±»å‹',
  `region_id` int NOT NULL COMMENT 'åŒºåŸŸId',
  `partner_id` int NOT NULL COMMENT 'åˆä½œå•†Id',
  `vm_type_id` int NOT NULL DEFAULT '0' COMMENT 'è®¾å¤‡å‹å·',
  `vm_status` int NOT NULL DEFAULT '0' COMMENT 'è®¾å¤‡çŠ¶æ€ï¼Œ0:æœªæŠ•æ”¾;1-è¿è¥;3-æ’¤æœº',
  `running_status` varchar(100) DEFAULT NULL COMMENT 'è¿è¡ŒçŠ¶æ€',
  `longitudes` double DEFAULT '0' COMMENT 'ç»åº¦',
  `latitude` double DEFAULT '0' COMMENT 'ç»´åº¦',
  `client_id` varchar(50) DEFAULT NULL COMMENT 'å®¢æˆ·ç«¯è¿æ¥Id,åšemqè®¤è¯ç”¨',
  `policy_id` bigint DEFAULT NULL COMMENT 'ç­–ç•¥id',
  `create_time` timestamp NOT NULL DEFAULT CURRENT_TIMESTAMP COMMENT 'åˆ›å»ºæ—¶é—´',
  `update_time` timestamp NULL DEFAULT CURRENT_TIMESTAMP COMMENT 'ä¿®æ”¹æ—¶é—´',
  PRIMARY KEY (`id`),
  UNIQUE KEY `vendingmachine_VmId_uindex` (`inner_code`),
  KEY `vendingmachine_node_Id_fk` (`node_id`),
  KEY `vendingmachine_vmtype_TypeId_fk` (`vm_type_id`),
  KEY `policy_id` (`policy_id`),
  CONSTRAINT `tb_vending_machine_ibfk_1` FOREIGN KEY (`vm_type_id`) REFERENCES `tb_vm_type` (`id`),
  CONSTRAINT `tb_vending_machine_ibfk_2` FOREIGN KEY (`node_id`) REFERENCES `tb_node` (`id`),
  CONSTRAINT `tb_vending_machine_ibfk_3` FOREIGN KEY (`policy_id`) REFERENCES `tb_policy` (`policy_id`)
) ENGINE=InnoDB AUTO_INCREMENT=115 DEFAULT CHARSET=utf8mb4 COLLATE=utf8mb4_0900_ai_ci COMMENT='è®¾å¤‡è¡¨';
/*!40101 SET character_set_client = @saved_cs_client */;

--
-- Dumping data for table `tb_vending_machine`
--

LOCK TABLES `tb_vending_machine` WRITE;
/*!40000 ALTER TABLE `tb_vending_machine` DISABLE KEYS */;
INSERT INTO `tb_vending_machine` VALUES (80,'A1000001',10,3,'åŒ—äº¬å¸‚ä¸œåŸåŒºç‹åºœäº•å¤§è¡—','2023-03-22 00:00:00',3,3,1,1,1,'{\"statusCode\":\"1001\",\"status\":true}',0,0,'70122567fcc13e7615e7239812c20448',1,'2024-08-29 09:06:21','2024-09-01 22:36:05'),(86,'aim5xu4I',10,2,'åŒ—äº¬å¸‚æœé˜³åŒºå»ºå›½é—¨å¤–å¤§è¡—1å·','2000-01-01 00:00:00',2,1,1,2,1,'{\"statusCode\":\"1001\",\"status\":true}',0,0,'9d1d927b2651dba9f117a9801e7fd916',1,'2020-12-18 02:39:22','2024-05-14 01:24:53'),(87,'5cy5BdUs',10,2,'åŒ—äº¬å¸‚æœé˜³åŒºå»ºå›½é—¨å¤–å¤§è¡—1å·','2022-12-05 00:00:00',2,1,1,2,1,'{\"statusCode\":\"1001\",\"status\":true}',0,0,'fdf33db4de889d6c31fe6351a7333072',2,'2020-12-18 02:39:22','2024-05-12 15:19:10'),(88,'tCeiyxLx',10,1,'åŒ—äº¬å¸‚æµ·æ·€åŒºä¸­å…³æ‘å¤§è¡—1å·','2000-01-01 00:00:00',2,1,1,1,1,'{\"statusCode\":\"1001\",\"status\":true}',0,0,'0805f7585e4366b021268f8850d1e091',1,'2020-09-10 01:41:02','2024-05-14 01:24:55'),(89,'bR1cfQRa',10,2,'åŒ—äº¬å¸‚æœé˜³åŒºå»ºå›½é—¨å¤–å¤§è¡—1å·','2000-01-01 00:00:00',2,1,1,2,1,'{\"statusCode\":\"1001\",\"status\":true}',0,0,'e4e02a07b11865bf262afb5d4507e7b3',1,'2020-12-18 02:39:22','2024-05-14 01:24:56'),(90,'RhLWjaeR',10,1,'åŒ—äº¬å¸‚æµ·æ·€åŒºä¸­å…³æ‘å¤§è¡—1å·','2000-01-01 00:00:00',2,1,1,1,1,'{\"statusCode\":\"1001\",\"status\":true}',0,0,'0cc9e22badf6a0f41b5fad2c8b788fcd',2,'2020-09-10 01:41:02','2024-05-14 01:25:07'),(91,'qUObmvbM',10,2,'åŒ—äº¬å¸‚æœé˜³åŒºå»ºå›½é—¨å¤–å¤§è¡—1å·','2022-12-06 00:00:00',2,1,1,2,1,'{\"statusCode\":\"1001\",\"status\":true}',0,0,'34a1779725b4e06edd7cac8a518474f1',2,'2020-12-18 02:39:22','2024-05-14 01:25:11'),(92,'tU6K5IHg',10,1,'åŒ—äº¬å¸‚æµ·æ·€åŒºä¸­å…³æ‘å¤§è¡—1å·','2000-01-01 00:00:00',2,1,1,2,1,'{\"statusCode\":\"1001\",\"status\":true}',0,0,'fbb7f7c0bfd38785866844f983b3a887',5,'2020-09-10 01:41:02','2024-05-14 01:25:14'),(93,'iSzMcQXJ',10,1,'åŒ—äº¬å¸‚æµ·æ·€åŒºä¸­å…³æ‘å¤§è¡—1å·','2000-01-01 00:00:00',2,1,1,1,1,'{\"statusCode\":\"1001\",\"status\":true}',0,0,'7c6f5ad6edd6e161d6ca8b94d0324fe5',2,'2020-09-10 01:41:02','2024-05-14 01:25:19'),(105,'nf2UVwi5',8,2,'åŒ—äº¬å¸‚æœé˜³åŒºå»ºå›½é—¨å¤–å¤§è¡—1å·','2000-01-01 00:00:00',2,2,2,4,0,NULL,0,0,NULL,2,'2024-08-29 09:06:21','2024-09-01 04:20:31'),(106,'vWgqPhpu',10,1,'åŒ—äº¬å¸‚æµ·æ·€åŒºä¸­å…³æ‘å¤§è¡—1å·','2024-05-18 15:26:37',2,1,1,1,1,NULL,0,0,NULL,NULL,'2020-09-10 01:41:02','2024-05-12 15:20:41'),(107,'SFNuCUe8',8,1,'åŒ—äº¬å¸‚æµ·æ·€åŒºä¸­å…³æ‘å¤§è¡—1å·','2000-01-01 00:00:00',2,1,1,4,0,NULL,0,0,NULL,NULL,'2020-09-10 01:41:02','2024-05-12 15:20:41'),(111,'K6YYXHLY',10,2,'åŒ—äº¬å¸‚æœé˜³åŒºå»ºå›½é—¨å¤–å¤§è¡—1å·','2000-01-01 00:00:00',1,3,1,1,0,'{\"statusCode\":\"1001\",\"status\":true}',0,0,NULL,NULL,'2020-12-18 07:48:13','2024-05-19 07:32:27'),(113,'XlzX4A6O',10,1,'åŒ—äº¬å¸‚æµ·æ·€åŒºä¸­å…³æ‘å¤§è¡—1å·','2000-01-01 00:00:00',1,1,1,1,0,NULL,0,0,NULL,NULL,'2024-08-29 09:06:20','2024-08-31 09:18:15'),(114,'wxX4jTME',10,8,'åŒ—äº¬å¸‚æœé˜³åŒºå›½å®¶ä½“è‚²é¦†å—è·¯1å·','2024-09-02 21:32:11',1,4,4,1,1,NULL,0,0,NULL,1,'2024-08-31 07:25:20','2024-09-02 13:02:41');
/*!40000 ALTER TABLE `tb_vending_machine` ENABLE KEYS */;
UNLOCK TABLES;

--
-- Table structure for table `tb_vendout_running`
--

DROP TABLE IF EXISTS `tb_vendout_running`;
/*!40101 SET @saved_cs_client     = @@character_set_client */;
/*!50503 SET character_set_client = utf8mb4 */;
CREATE TABLE `tb_vendout_running` (
  `id` bigint NOT NULL AUTO_INCREMENT COMMENT 'id',
  `order_no` varchar(38) NOT NULL DEFAULT '' COMMENT 'è®¢å•ç¼–å·',
  `inner_code` varchar(15) NOT NULL COMMENT 'å”®è´§æœºç¼–å·',
  `channel_code` varchar(10) DEFAULT NULL COMMENT 'è´§é“ç¼–å·',
  `status` char(1) DEFAULT NULL COMMENT 'çŠ¶æ€',
  `create_time` timestamp NULL DEFAULT CURRENT_TIMESTAMP COMMENT 'åˆ›å»ºæ—¶é—´',
  `update_time` timestamp NULL DEFAULT CURRENT_TIMESTAMP COMMENT 'æ›´æ–°æ—¶é—´',
  PRIMARY KEY (`id`)
) ENGINE=InnoDB AUTO_INCREMENT=1665296081440129026 DEFAULT CHARSET=utf8mb4 COLLATE=utf8mb4_0900_ai_ci COMMENT='å‡ºè´§æµæ°´';
/*!40101 SET character_set_client = @saved_cs_client */;

--
-- Dumping data for table `tb_vendout_running`
--

LOCK TABLES `tb_vendout_running` WRITE;
/*!40000 ALTER TABLE `tb_vendout_running` DISABLE KEYS */;
INSERT INTO `tb_vendout_running` VALUES (1640253535886454786,'A1000001972287294582300','A1000001',NULL,'1','2023-03-27 07:24:52','2023-03-27 07:24:52'),(1640294341087305730,'A1000001982025093546600','A1000001',NULL,'0','2023-03-27 10:07:01','2023-03-27 10:07:01'),(1640295508953505793,'A1000001982308461482000','A1000001',NULL,'0','2023-03-27 10:11:39','2023-03-27 10:11:39'),(1665193032268836866,'A10000011867384516930600','A1000001',NULL,'0','2023-06-04 03:05:31','2023-06-04 03:05:31'),(1665193181468618753,'A10000011867429590093200','A1000001',NULL,'0','2023-06-04 03:06:07','2023-06-04 03:06:07'),(1665194583502811137,'A10000011867548883835400','A1000001',NULL,'0','2023-06-04 03:11:41','2023-06-04 03:11:41'),(1665197927541698561,'A10000011868551878012500','A1000001',NULL,'0','2023-06-04 03:24:58','2023-06-04 03:24:58'),(1665200173490827265,'A10000011869054027266500','A1000001',NULL,'0','2023-06-04 03:33:54','2023-06-04 03:33:54'),(1665295023343058946,'A10000011891589370978600','A1000001',NULL,'1','2023-06-04 09:50:48','2023-06-04 09:51:34'),(1665296081440129025,'A10000011891956192562900','A1000001',NULL,'0','2023-06-04 09:55:00','2023-06-04 09:55:00');
/*!40000 ALTER TABLE `tb_vendout_running` ENABLE KEYS */;
UNLOCK TABLES;

--
-- Table structure for table `tb_vm_type`
--

DROP TABLE IF EXISTS `tb_vm_type`;
/*!40101 SET @saved_cs_client     = @@character_set_client */;
/*!50503 SET character_set_client = utf8mb4 */;
CREATE TABLE `tb_vm_type` (
  `id` int NOT NULL AUTO_INCREMENT COMMENT 'ä¸»é”®',
  `name` varchar(15) NOT NULL COMMENT 'å‹å·åç§°',
  `model` varchar(20) DEFAULT NULL COMMENT 'å‹å·ç¼–ç ',
  `image` varchar(500) DEFAULT NULL COMMENT 'è®¾å¤‡å›¾ç‰‡',
  `vm_row` int NOT NULL DEFAULT '1' COMMENT 'è´§é“è¡Œ',
  `vm_col` int NOT NULL DEFAULT '1' COMMENT 'è´§é“åˆ—',
  `channel_max_capacity` int DEFAULT '0' COMMENT 'è®¾å¤‡å®¹é‡',
  PRIMARY KEY (`id`),
  UNIQUE KEY `tb_vm_type_name_uindex` (`name`),
  UNIQUE KEY `tb_vm_type_model_uindex` (`model`)
) ENGINE=InnoDB AUTO_INCREMENT=23 DEFAULT CHARSET=utf8mb4 COLLATE=utf8mb4_0900_ai_ci COMMENT='è®¾å¤‡ç±»å‹è¡¨';
/*!40101 SET character_set_client = @saved_cs_client */;

--
-- Dumping data for table `tb_vm_type`
--

LOCK TABLES `tb_vm_type` WRITE;
/*!40000 ALTER TABLE `tb_vm_type` DISABLE KEYS */;
INSERT INTO `tb_vm_type` VALUES (1,'é¥®æ–™æœº','CZ-10011','https://sy-192-ys.oss-cn-beijing.aliyuncs.com/images/2024/05/15/1715762932971.png',5,6,10),(2,'ç»¼åˆæœº','CZ-10012','https://sy-192-ys.oss-cn-beijing.aliyuncs.com/images/2024/05/15/1715762984492.png',2,2,10),(3,'é›¶é£Ÿæœº','CZ-10013','https://sy-192-ys.oss-cn-beijing.aliyuncs.com/images/2024/05/15/1715763009476.png',2,5,5),(4,'æœè”¬æœº','CZ-10014','https://sy-192-ys.oss-cn-beijing.aliyuncs.com/images/2024/05/15/1715763319518.png\n',4,4,8),(22,'ç›²ç›’æœº','CZ-10015','https://web-tlias238.oss-cn-hangzhou.aliyuncs.com/dkd-images/2024/08/31/66d1f9f5b235b100025db81d.png',5,4,6);
/*!40000 ALTER TABLE `tb_vm_type` ENABLE KEYS */;
UNLOCK TABLES;
/*!40103 SET TIME_ZONE=@OLD_TIME_ZONE */;

/*!40101 SET SQL_MODE=@OLD_SQL_MODE */;
/*!40014 SET FOREIGN_KEY_CHECKS=@OLD_FOREIGN_KEY_CHECKS */;
/*!40014 SET UNIQUE_CHECKS=@OLD_UNIQUE_CHECKS */;
/*!40101 SET CHARACTER_SET_CLIENT=@OLD_CHARACTER_SET_CLIENT */;
/*!40101 SET CHARACTER_SET_RESULTS=@OLD_CHARACTER_SET_RESULTS */;
/*!40101 SET COLLATION_CONNECTION=@OLD_COLLATION_CONNECTION */;
/*!40111 SET SQL_NOTES=@OLD_SQL_NOTES */;

-- Dump completed on 2024-09-07 22:11:27
